population,policy,gikuriro_minus_policy_identified_mean,exploratory_block_se,gikuriro_minus_policy_missingness_lower,gikuriro_minus_policy_missingness_upper
eligible,Control,0.15451698589635132,0.13395268842307756,-0.18115722827521807,0.4460225962237514
ineligible,Control,0.06621282303578013,0.14152239710526868,-0.3434067098217497,0.5091129640890584
community,Control,0.07643063534900385,0.13213229932285941,-0.32463256943407615,0.5018126792923177
eligible,Lower,-0.22110611733273178,0.17649869965847118,-0.575033247492148,0.13193293866087163
ineligible,Lower,0.5318911949464846,0.19230944856190776,0.11198665924211149,0.8765214879985779
community,Lower,0.44476070234015275,0.169792184431793,0.0324905150620971,0.7903639864578933
eligible,Middle,0.5258829371495377,0.30255639235484044,0.25806547991507767,0.7851252368041308
ineligible,Middle,0.2800073963998093,0.23060589949187443,0.0125785619033989,0.6034997507732243
community,Middle,0.30845803843533925,0.20809728797493593,0.0409842357962118,0.6245159188387346
eligible,Upper,-0.14530726304223585,0.13903276934936878,-0.2908145416752639,0.005676941288021098
ineligible,Upper,-0.4396456949628371,0.2211952359770357,-0.8280826500033474,-0.05200024676177506
community,Upper,-0.40558733625689314,0.19940799289006642,-0.7659145198162642,-0.04532632943833104
eligible,Control+Large,0.03852646705179385,0.12106013821984472,-0.27457741176051,0.3225224195088465
ineligible,Control+Large,0.18174241905095245,0.11914172155265529,-0.2288194485563979,0.6147285969767085
community,Control+Large,0.16517067803238095,0.11023096354917435,-0.23411417379594646,0.5809169647567689
eligible,Lower+Large,-0.23738591577822868,0.1569074313820416,-0.5741812352491129,0.1014747167164014
ineligible,Lower+Large,0.5341112541260387,0.16534724764705558,0.11518022896785673,0.8874647315254158
community,Lower+Large,0.4448401141605036,0.14508333901016898,0.03541313952202607,0.796516601887773
eligible,Middle+Large,0.4679314566600258,0.28843184946259665,0.2018764961653643,0.7272450029005437
ineligible,Middle+Large,0.29809638236458924,0.21788635307267987,0.02074684419993922,0.6268985333861945
community,Middle+Large,0.31774826351195157,0.19710128665973375,0.04170563853293885,0.6385097797711614
eligible,Upper+Large,-0.14680113051923938,0.13823657134230652,-0.29309801175962225,0.005078836735394887
ineligible,Upper+Large,-0.4315650388803297,0.2197342388938548,-0.8202076810324197,-0.043804475854060776
community,Upper+Large,-0.3986145632180662,0.19807349801120358,-0.7592149996611095,-0.03814811156604403
