scenario,method,budget,optimized_certificate,fitted_observed_best,fitted_observed_value,upper_cash_pure_feasible,upper_cash_margin,expected_cost,Control_probability,Gikuriro_probability,Lower_probability,Middle_probability,Upper_probability,Large_probability
relative_g0.75_cash0.75,finite,93.365776062,9.440422172055923,Lower+Large,5.2667209814288345,True,2.4350795744999942,66.24370888307746,0.16139054989187016,0.1838233846276024,0.2132981523286731,0.2132981523286731,0.2132981523286731,0.014891608494508102
relative_g0.75_cash0.9,finite,93.365776062,9.095167695577235,Lower+Large,5.261957624606699,False,-15.751059723000012,68.94893755050923,0.19206011756482833,0.213672540197006,0.24206935870189716,0.24206935870189716,0.09771895108894779,0.012409673745423788
relative_g0.75_cash1.0,finite,93.365776062,8.83848165124155,Lower+Large,5.259575946195631,False,-27.875152588000006,63.32094582257814,0.22676762629869607,0.23586446583984022,0.2634598623965376,0.2374106457896601,0.03649739967526644,0.0
relative_g0.75_cash1.1,finite,93.365776062,8.56668700530496,Lower+Large,5.257627300222939,False,-39.99924545300003,63.58894610603771,0.24982929671342294,0.2593626135025051,0.28610941622458674,0.1715192193092434,0.03317945425024238,0.0
relative_g0.75_cash1.25,finite,93.365776062,8.24053343018105,Lower+Large,5.25528892505571,False,-58.185384750500006,63.33276969346365,0.27750330121109495,0.2875603906977031,0.3132888808182459,0.09244950753274395,0.02919791974021191,0.0
relative_g0.9_cash0.75,finite,112.0389312744,9.447425253818418,Lower+Large,5.272437009615396,True,21.1082347869,70.64577846818452,0.1607684537145096,0.1832179295466836,0.21271456218179852,0.21271456218179852,0.21271456218179852,0.01786993019341132
relative_g0.9_cash0.9,finite,112.0389312744,9.440422172055923,Lower+Large,5.266720981428834,True,2.922095489399993,79.49245065969296,0.16139054989187016,0.1838233846276024,0.2132981523286731,0.2132981523286731,0.2132981523286731,0.014891608494508102
relative_g0.9_cash1.0,finite,112.0389312744,9.258456705428808,Lower+Large,5.2638629673355535,False,-9.201997375600001,81.93116483006523,0.17755486512329408,0.19955530381083464,0.2284619412142661,0.2284619412142661,0.1525635009922809,0.013402447645058047
relative_g0.9_cash1.1,finite,112.0389312744,9.058056556974604,Lower+Large,5.261524592168323,False,-21.326090240600024,82.90466784376414,0.19535676584699518,0.21688100301204505,0.24516195358544968,0.24516195358544968,0.08525428065637208,0.012184043313688164
relative_g0.9_cash1.25,finite,112.0389312744,8.71889200702945,Lower+Large,5.258718541967647,False,-39.5122295381,76.1805649670147,0.23691476128117595,0.24620365081141282,0.27342566608087926,0.20841841813827688,0.03503750368825509,0.0
relative_g1.0_cash0.75,finite,124.487701416,9.45209397499341,Lower+Large,5.276247695073104,True,33.55700492849999,73.56792957303303,0.1603537229296027,0.18281429282607153,0.21232550208388257,0.21232550208388257,0.21232550208388257,0.019855477992678505
relative_g1.0_cash0.9,finite,124.487701416,9.444312773035087,Lower+Large,5.269896552643591,True,15.370865630999987,82.43051357026803,0.16104494090444768,0.18348702069375866,0.21297393558040945,0.21297393558040945,0.21297393558040945,0.016546231660565347
relative_g1.0_cash1.0,finite,124.487701416,9.440422172055923,Lower+Large,5.2667209814288345,True,3.2467727659999923,88.32494517743662,0.16139054989187016,0.1838233846276024,0.2132981523286731,0.2132981523286731,0.2132981523286731,0.014891608494508102
relative_g1.0_cash1.1,finite,124.487701416,9.280723388590383,Lower+Large,5.264122786798579,False,-8.87732009900003,90.9024957377835,0.17557687615399414,0.19763022612181147,0.22660638428413482,0.22660638428413482,0.16004230325182633,0.013537825904098355
relative_g1.0_cash1.25,finite,124.487701416,9.013523190651451,Lower+Large,5.2610049532422725,False,-27.063459396500008,92.32680298385011,0.1993127437855953,0.2207311583900915,0.24887306744571247,0.24887306744571247,0.07029667613728108,0.011913286795607547
relative_g1.1_cash0.75,finite,136.93647155760002,9.456762696168404,Lower+Large,5.280058380530812,True,46.005775070100015,76.48003111637043,0.1599389921446956,0.18241065610545926,0.2119364419859664,0.2119364419859664,0.2119364419859664,0.021841025791946134
relative_g1.1_cash0.9,finite,136.93647155760002,9.448203374014247,Lower+Large,5.273072123858348,True,27.81963577260001,85.36020184624991,0.1606993319170252,0.18315065675991526,0.21264971883214612,0.21264971883214612,0.21264971883214612,0.01820085482662126
relative_g1.1_cash1.0,finite,136.93647155760002,9.44392371293717,Lower+Large,5.269578995522115,True,15.695542907600014,91.26342681974126,0.1610795018031899,0.18352065708714294,0.21300635725523587,0.21300635725523587,0.21300635725523587,0.01638076934395949
relative_g1.1_cash1.1,finite,136.93647155760002,9.440422172055923,Lower+Large,5.266720981428834,True,3.5714500425999915,97.15743969518029,0.16139054989187016,0.1838233846276024,0.2132981523286731,0.2132981523286731,0.2132981523286731,0.014891608494508102
relative_g1.1_cash1.25,finite,136.93647155760002,9.209470002473335,Lower+Large,5.263291364516897,False,-14.614689254899986,100.44924809607684,0.1819064408557545,0.2037904747266861,0.23254416646055542,0.23254416646055542,0.13611013602128108,0.013104615475167503
relative_g1.25_cash0.75,finite,155.60962676999998,9.463765777930895,Lower+Large,5.285774408717374,True,64.67893028249998,80.82934050354297,0.15931689596733525,0.18180520102454079,0.21135285183909214,0.21135285183909214,0.21135285183909214,0.024819347490847576
relative_g1.25_cash0.9,finite,155.60962676999998,9.454039275482991,Lower+Large,5.277835480680482,True,46.49279098499997,89.73903182036193,0.16018091843589147,0.18264611085914972,0.2121633937097508,0.2121633937097508,0.2121633937097508,0.02068278957570646
relative_g1.25_cash1.0,finite,155.60962676999998,9.449176024259037,Lower+Large,5.273866016662036,True,34.368698119999976,95.65701708732252,0.16061292967016957,0.1830665657764543,0.21256866464508029,0.21256866464508029,0.21256866464508029,0.018614510618135238
relative_g1.25_cash1.1,finite,155.60962676999998,9.44519700053035,Lower+Large,5.270618273374217,True,22.244605254999954,101.56310656650987,0.16096639340730623,0.18341057434515795,0.21290024995580425,0.21290024995580425,0.21290024995580425,0.016922282380123388
relative_g1.25_cash1.25,finite,155.60962676999998,9.440422172055923,Lower+Large,5.2667209814288345,True,4.058465957499976,110.40618147179576,0.16139054989187016,0.1838233846276024,0.2132981523286731,0.2132981523286731,0.2132981523286731,0.014891608494508102
common_takeup_0.6,finite,107.79839586418032,9.451561005170776,Lower+Large,5.274620250180983,True,20.54040025858032,67.48315066082735,0.16040106758450662,0.18286037100965324,0.21236991623576873,0.21236991623576873,0.21236991623576873,0.019628812698533782
common_takeup_0.8,finite,124.81919610109016,9.445488078887163,Lower+Large,5.269590568741481,True,8.475201960290136,85.54479777542034,0.1609405364004588,0.18338540901422862,0.21287599342606978,0.21287599342606978,0.21287599342606978,0.017046074307103254
common_takeup_1.0,finite,141.839996338,9.383800285542385,Lower+Large,5.2665727598777785,False,-3.58999633800002,102.27644542095072,0.16642037252562458,0.18871865931430154,0.21801664287146794,0.21801664287146794,0.1933312511448928,0.015496431272245204
GK_avertable_share_0.0,finite,141.839996338,9.445302957013931,Lower+Large,5.270704756763565,True,20.59906768799999,92.41881478854414,0.16095698110488874,0.18340141382218866,0.2128914202488391,0.2128914202488391,0.2128914202488391,0.016967344326405343
GK_avertable_share_0.3,finite,133.1638449978965,9.442862563443828,Lower+Large,5.268712868205627,True,11.92291634789649,90.37370960827226,0.16117376559530372,0.18361239931922702,0.21309478637968104,0.21309478637968104,0.21309478637968104,0.01592947594642613
GK_avertable_share_0.6,finite,124.48769365779297,9.440422169873726,Lower+Large,5.266720979647689,True,3.2467650077929733,88.32494334379486,0.1613905500857187,0.18382338481626537,0.21329815251052286,0.21329815251052286,0.21329815251052286,0.014891607566447362
GK_avertable_share_1.0,finite,112.91949187098831,9.27578201543482,Lower+Large,5.264065128237106,False,-8.321436779011691,82.48200901175487,0.17601582709805602,0.19805743511139862,0.22701816538043174,0.22701816538043174,0.1583826239698728,0.013507783059809153
relative_g0.75_cash0.75,block_approximation,93.365776062,0.5700578966038828,Lower+Large,5.2667209814288345,True,2.4350795744999942,93.36577606200635,0.06144019700292813,0.033789476214549384,0.43821773429270056,0.0,0.3649922969303315,0.10156029555957971
relative_g0.75_cash0.9,block_approximation,93.365776062,0.5739531563389959,Lower+Large,5.261957624606699,False,-15.751059723000012,93.365776062,0.10204272783341407,0.10102612122028841,0.46137027388755847,0.0,0.26525011566973783,0.07031076138900128
relative_g0.75_cash1.0,block_approximation,93.365776062,0.5771903969764522,Lower+Large,5.259575946195631,False,-27.875152588000006,93.365776062,0.11746216980006521,0.1275659327556763,0.469378585300344,0.0,0.23086780730016435,0.054725504843750085
relative_g0.75_cash1.1,block_approximation,93.365776062,0.5768663908148094,Lower+Large,5.257627300222939,False,-39.99924545300003,93.36577606200028,0.13354208484620173,0.15952508192154155,0.4804650479370189,0.0,0.18068541297917187,0.04578237231606866
relative_g0.75_cash1.25,block_approximation,93.365776062,0.5795768660158362,Lower+Large,5.25528892505571,False,-58.185384750500006,93.36577606199998,0.14661627704132935,0.18367374884797577,0.48911519841337764,0.0,0.14810393089014237,0.03249084480717474
relative_g0.9_cash0.75,block_approximation,112.0389312744,0.5706619746476584,Lower+Large,5.272437009615396,True,21.1082347869,105.00334680714968,0.04250187598876971,0.05271229696130883,0.42974552742823113,0.0,0.34502539793520887,0.13001490168648155
relative_g0.9_cash0.9,block_approximation,112.0389312744,0.5700578966040837,Lower+Large,5.266720981428834,True,2.922095489399993,112.03893127440168,0.061440197002656655,0.03378947621359185,0.4382177342925275,0.0,0.36499229693173996,0.10156029555948518
relative_g0.9_cash1.0,block_approximation,112.0389312744,0.5701457536985728,Lower+Large,5.2638629673355535,False,-9.201997375600001,112.0389312744,0.09076422324123135,0.08338244417754002,0.45661087526668864,0.0,0.28477467108399174,0.08446778623054822
relative_g0.9_cash1.1,block_approximation,112.0389312744,0.5756216450994455,Lower+Large,5.261524592168323,False,-21.326090240600024,112.0389312744,0.10307617938128638,0.10126985457787359,0.460882206421858,0.0,0.2684959536980108,0.0662758059209712
relative_g0.9_cash1.25,block_approximation,112.0389312744,0.5756451078063398,Lower+Large,5.258718541967647,False,-39.5122295381,112.03893127439997,0.12696990206920203,0.14780339896220882,0.47685931093348677,0.0,0.19606396875010199,0.052303419285001464
relative_g1.0_cash0.75,block_approximation,124.487701416,0.5718540312225888,Lower+Large,5.276247695073104,True,33.55700492849999,110.97407186418073,0.035500087624126264,0.06070711276021107,0.4250635958716257,0.0,0.33467417606288014,0.14405502768115344
relative_g1.0_cash0.9,block_approximation,124.487701416,0.5698672702643292,Lower+Large,5.269896552643591,True,15.370865630999987,121.36013695514885,0.04716973489863838,0.04738241976184309,0.43286681513270897,0.0,0.3519262125169298,0.1206548176898692
relative_g1.0_cash1.0,block_approximation,124.487701416,0.5700578966041052,Lower+Large,5.2667209814288345,True,3.2467727659999923,124.4877014159998,0.06144019700277616,0.03378947621357045,0.4382177342925129,0.0,0.3649922969317186,0.1015602955594929
relative_g1.0_cash1.1,block_approximation,124.487701416,0.5704457767964705,Lower+Large,5.264122786798579,False,-8.87732009900003,124.48770141600001,0.08764446963847955,0.07747367958364679,0.45439264407102625,0.0,0.29485704082695746,0.08563216587988999
relative_g1.0_cash1.25,block_approximation,124.487701416,0.5776224777683956,Lower+Large,5.2610049532422725,False,-27.063459396500008,124.487701416,0.10431506315704958,0.10156223441002168,0.4602969448380666,0.0,0.2723891537533399,0.06143660384152224
relative_g1.1_cash0.75,block_approximation,136.93647155760002,0.5730460877975379,Lower+Large,5.280058380530812,True,46.005775070100015,117.14384816963266,0.02849829925945266,0.06870192855918542,0.4203816643150037,0.0,0.3243229541905214,0.15809515367583682
relative_g1.1_cash0.9,block_approximation,136.93647155760002,0.5708606507434485,Lower+Large,5.273072123858348,True,27.81963577260001,127.18157357594163,0.04133491126136802,0.05404476626100113,0.4289652055021529,0.0,0.34330019428988406,0.13235492268559146
relative_g1.1_cash1.0,block_approximation,136.93647155760002,0.5697679322164679,Lower+Large,5.269578995522115,True,15.695542907600014,134.20790719507966,0.04775321726206162,0.04671618511227102,0.43325697609555264,0.0,0.35278881433917136,0.11948480719094466
relative_g1.1_cash1.1,block_approximation,136.93647155760002,0.5700578966041038,Lower+Large,5.266720981428834,True,3.5714500425999915,136.9364715576004,0.061440197002609005,0.033789476213575184,0.43821773429251637,0.0,0.36499229693170887,0.10156029555949472
relative_g1.1_cash1.25,block_approximation,136.93647155760002,0.5695744146286439,Lower+Large,5.263291364516897,False,-14.614689254899986,136.93647155760002,0.09742864983400612,0.09673920539487457,0.46139758870595454,0.0,0.2624758911337271,0.08195866493143764
relative_g1.25_cash0.75,block_approximation,155.60962676999998,0.5750116983156447,Lower+Large,5.285774408717374,True,64.67893028249998,127.6002471173164,0.016952883425683143,0.0818847710140192,0.412661515702804,0.0,0.3072545775587702,0.1812462522987265
relative_g1.25_cash0.9,block_approximation,155.60962676999998,0.5723507214621512,Lower+Large,5.277835480680482,True,46.49279098499997,136.22474608268504,0.03258267580550937,0.06403828600978563,0.42311279105636496,0.0,0.3303611669493976,0.1499050801789425
relative_g1.25_cash1.0,block_approximation,155.60962676999998,0.5711089958632396,Lower+Large,5.273866016662036,True,34.368698119999976,142.95872318048012,0.03987620535204936,0.055710352885829234,0.42798980309451584,0.0,0.341143689733118,0.13527994893448694
relative_g1.25_cash1.1,block_approximation,155.60962676999998,0.5700930385550651,Lower+Large,5.270618273374217,True,22.244605254999954,149.92831965387373,0.04584363861728452,0.04889658942088253,0.43198008567111407,0.0,0.3499657538287692,0.12331393246195035
relative_g1.25_cash1.25,block_approximation,155.60962676999998,0.5700578966041048,Lower+Large,5.2667209814288345,True,4.058465957499976,155.6096267699999,0.06144019700266095,0.0337894762135715,0.43821773429251404,0.0,0.3649922969317154,0.10156029555949347
common_takeup_0.6,block_approximation,107.79839586418032,0.5717179489513406,Lower+Large,5.274620250180983,True,20.54040025858032,101.03443244338186,0.0362993947069346,0.059794444087429,0.4255980737592057,0.0,0.33585584630588416,0.14245224114054608
common_takeup_0.8,block_approximation,124.81919610109016,0.5705053494090658,Lower+Large,5.269590568741481,True,8.475201960290136,124.8191961010902,0.04788135528143806,0.04735264929076277,0.4321281413029876,0.0,0.350651180260171,0.1219866738646404
common_takeup_1.0,block_approximation,141.839996338,0.5702216409127818,Lower+Large,5.2665727598777785,False,-3.58999633800002,141.839996338,0.07211056212106509,0.04741903038861018,0.4430469069227935,0.0,0.3370966817519945,0.10032681881553675
GK_avertable_share_0.0,block_approximation,141.839996338,0.5701200922423915,Lower+Large,5.270704756763565,True,20.59906768799999,136.4733282673464,0.04568473324563094,0.04907803151970406,0.43187382937837693,0.0,0.349730833166598,0.12363257268968982
GK_avertable_share_0.3,block_approximation,133.1638449978965,0.5694982916822471,Lower+Large,5.268712868205627,True,11.92291634789649,132.48817209226172,0.04933700614829154,0.04490777563881245,0.43431601855431656,0.0,0.3551302376022676,0.11630896205631189
GK_avertable_share_0.6,block_approximation,124.48769365779297,0.5700578988067452,Lower+Large,5.266720979647689,True,3.2467650077929733,124.48769365779256,0.061440207892330664,0.03378947038212429,0.4382177371471918,0.0,0.36499230407133665,0.10156028050702635
GK_avertable_share_1.0,block_approximation,112.91949187098831,0.5703772439775895,Lower+Large,5.264065128237106,False,-8.321436779011691,112.91949187098831,0.08834114277703381,0.07877482039097655,0.45488668448771824,0.0,0.2926250772621913,0.08537227508208012
