outcome,arm,estimate,se,p,lo,hi,N,villages,sim_lo,sim_hi,p_max_t,joint_critical,p_holm
diet_mean,Gikuriro,0.25525451562466933,0.13066165704898725,0.051882957176713373,-0.0020986120357119886,0.5126076432850506,1728,248,-0.15299685236697586,0.6635058836163146,0.9125,3.124492503861212,1.0
diet_mean,Lower,0.352626391327992,0.18152330685287407,0.05320153926087705,-0.004904592259089013,0.710157374915073,1728,248,-0.21454182020991153,0.9197946028658955,0.9181,3.124492503861212,1.0
diet_mean,Middle,-0.18335586367165788,0.22786691558745495,0.421788544723769,-0.6321659028308096,0.26545417548749384,1728,248,-0.8953243333026368,0.528612605959321,1.0,3.124492503861212,1.0
diet_mean,Upper,0.34795743454003875,0.1651383978165013,0.036120412739306045,0.022698409553333188,0.6732164595267442,1728,248,-0.16801625153727023,0.8639311206173477,0.8038,3.124492503861212,1.0
diet_mean,Large,0.5445800848541353,0.1338806911048605,6.391470515843934e-05,0.2808867002198686,0.8082734694884021,1728,248,0.12627086908524027,0.9628893006230304,0.0003,3.124492503861212,0.012846855736846309
shortfall_4,Gikuriro,0.015517150875192258,0.012557109913003774,0.21773428178848733,-0.009215518091918075,0.04024981984230259,1728,248,-0.023717444918149345,0.054751746668533864,1.0,3.124492503861212,1.0
shortfall_4,Lower,0.03137775243135717,0.014433050082571678,0.030653506468323873,0.002950204026424888,0.059805300836289446,1728,248,-0.013718204359491483,0.07647370922220581,0.742,3.124492503861212,1.0
shortfall_4,Middle,-0.023358543202676166,0.01668414808513132,0.16275491268570993,-0.05621988744881351,0.009502801043461174,1728,248,-0.07548803882797935,0.02877095242262701,0.9995,3.124492503861212,1.0
shortfall_4,Upper,0.024797239805869255,0.017159751823328545,0.14970245378187155,-0.009000860580641656,0.05859534019238016,1728,248,-0.028818276134239557,0.07841275574597807,0.9993,3.124492503861212,1.0
shortfall_4,Large,0.03921270093446864,0.013925767419989537,0.00525769931204922,0.011784303946806799,0.06664109792213048,1728,248,-0.004298254979803379,0.08272365684874065,0.1623,3.124492503861212,1.0
shortfall_6,Gikuriro,0.021981590804757214,0.015677496319029025,0.16213756359671444,-0.008897037269533743,0.05286021887904817,1728,248,-0.0270026289233607,0.07096581053287512,0.9995,3.124492503861212,1.0
shortfall_6,Lower,0.04671162661136337,0.020059325500247287,0.020683977057653808,0.007202483127052295,0.08622077009567444,1728,248,-0.015963585546671308,0.10938683876939805,0.5814,3.124492503861212,1.0
shortfall_6,Middle,-0.02895796550156364,0.02808980317145582,0.3035929740961323,-0.0842840562982568,0.02636812529512953,1728,248,-0.11672434494571424,0.05880841394258696,1.0,3.124492503861212,1.0
shortfall_6,Upper,0.04534913971498056,0.020586266222476644,0.028526920419368038,0.004802126009059618,0.0858961534209015,1728,248,-0.018972494779639,0.10967077420960011,0.7115,3.124492503861212,1.0
shortfall_6,Large,0.07321411943914827,0.015777487232029812,5.646075867555892e-06,0.04213854778722671,0.10428969109106982,1728,248,0.023917478852905162,0.12251076002539138,0.0001,3.124492503861212,0.0011461534011138461
shortfall_8,Gikuriro,0.030289972344624327,0.015793017282899963,0.05627240484196842,-0.0008161875246398241,0.06139613221388848,1728,248,-0.019055191769147176,0.07963513645839583,0.9295,3.124492503861212,1.0
shortfall_8,Lower,0.04418727350067929,0.021641911393322635,0.04223932850565048,0.001561045490022124,0.08681350151133646,1728,248,-0.023432716416985855,0.11180726341834443,0.8542,3.124492503861212,1.0
shortfall_8,Middle,-0.021707523689672603,0.028508127775389483,0.44711451582688966,-0.07785755279872972,0.03444250541938451,1728,248,-0.11078095522299462,0.06736590784364942,1.0,3.124492503861212,1.0
shortfall_8,Upper,0.043580246211568835,0.020536456046819307,0.034825643531079954,0.003131339362580858,0.0840291530605568,1728,248,-0.020585756762593374,0.10774624918573104,0.7896,3.124492503861212,1.0
shortfall_8,Large,0.06782832856871784,0.016106063330132325,3.558848408434752e-05,0.036105588585773035,0.09955106855166265,1728,248,0.01750505442700545,0.11815160271043024,0.0002,3.124492503861212,0.0071888737850381995
shortfall_sq_6,Gikuriro,0.015982944116546452,0.0108279894673783,0.14119696065512366,-0.005344023707370877,0.03730991194046378,1728,248,-0.017849027806165207,0.04981491603925811,0.9993,3.124492503861212,1.0
shortfall_sq_6,Lower,0.03348010293612356,0.01305929180004869,0.010949208843738033,0.007758329114503783,0.059201876757743334,1728,248,-0.007323556398864756,0.07428376227111187,0.346,3.124492503861212,1.0
shortfall_sq_6,Middle,-0.018751390567862795,0.015314324689556883,0.2219548207989042,-0.04891471044208147,0.01141192930635588,1728,248,-0.06660088326207998,0.029098102126354396,1.0,3.124492503861212,1.0
shortfall_sq_6,Upper,0.02555482145628825,0.01494815151849625,0.08860243350898878,-0.0038872783372571537,0.05499692124983365,1728,248,-0.021150565909834856,0.07226020882241135,0.9875,3.124492503861212,1.0
shortfall_sq_6,Large,0.04279039893900175,0.011849933971273409,0.00036931569612972884,0.019450594141234172,0.06613020373676934,1728,248,0.005765369074507656,0.07981542880349585,0.0053,3.124492503861212,0.07386313922594577
diet_atleast_1,Gikuriro,0.0009237263039796938,0.0018340899117706014,0.6149612418223122,-0.002688724248576463,0.00453617685653585,1728,248,-0.004806873876755025,0.006654326484714412,1.0,3.124492503861212,1.0
diet_atleast_1,Lower,0.0006630757270871767,0.0019828830345393193,0.7383616431328582,-0.003242439955544043,0.004568591409718396,1728,248,-0.005532427450364498,0.0068585789045388515,1.0,3.124492503861212,1.0
diet_atleast_1,Middle,0.0016683771958638902,0.002357115757287144,0.47973399899998964,-0.0029742327793638537,0.0063109871710916345,1728,248,-0.005696413318512936,0.009033167710240717,1.0,3.124492503861212,1.0
diet_atleast_1,Upper,-0.010235567124272097,0.01069771418104289,0.3396040228926591,-0.031305942821987474,0.01083480857344328,1728,248,-0.043660494891390386,0.02318936064284619,1.0,3.124492503861212,1.0
diet_atleast_1,Large,0.0006740636697701487,0.002115049397331819,0.7502242648550239,-0.003491768831156083,0.00483989617069638,1728,248,-0.0059343923174892945,0.0072825196570295925,1.0,3.124492503861212,1.0
diet_atleast_2,Gikuriro,0.016332555959709845,0.011425049125274507,0.15411287747043514,-0.006170389376124529,0.03883550129554422,1728,248,-0.01936492438845646,0.05203003630787615,0.9995,3.124492503861212,1.0
diet_atleast_2,Lower,0.023788335056356257,0.012070820891813737,0.049871363364722164,1.3468120665452443e-05,0.04756320199204706,1728,248,-0.013926854335567073,0.061503524448279584,0.903,3.124492503861212,1.0
diet_atleast_2,Middle,0.003267641385449333,0.017360817154022063,0.8508592618535374,-0.03092648024315133,0.03746176301405,1728,248,-0.05097610167319774,0.05751138444409641,1.0,3.124492503861212,1.0
diet_atleast_2,Upper,0.008788910081892023,0.017187697775881253,0.6095635794839425,-0.02506423306511435,0.0426420532288984,1728,248,-0.044913922777480964,0.06249174294126501,1.0,3.124492503861212,1.0
diet_atleast_2,Large,0.010957608373221473,0.015165926239446811,0.47066146350238663,-0.018913423724014077,0.04082864047045702,1728,248,-0.03642821447604215,0.0583434312224851,1.0,3.124492503861212,1.0
diet_atleast_3,Gikuriro,0.027337506452098554,0.019523163330430412,0.16269031985211369,-0.01111560411137012,0.06579061701556722,1728,248,-0.03366247102548939,0.08833748392968649,0.9995,3.124492503861212,1.0
diet_atleast_3,Lower,0.05244419132702984,0.02185829366292985,0.01716907100952203,0.009391773605394262,0.09549660904866542,1728,248,-0.015851883369991514,0.12074026602405119,0.506,3.124492503861212,1.0
diet_atleast_3,Middle,-0.03632466512607365,0.026670928095702102,0.17445217679403363,-0.08885611863780052,0.016206788385653224,1728,248,-0.11965778003211625,0.04700844977996895,0.9998,3.124492503861212,1.0
diet_atleast_3,Upper,0.026670568026203524,0.020001407900430715,0.18361765560928844,-0.012724500098924028,0.06606563615133107,1728,248,-0.03582368102536265,0.0891648170777697,0.9998,3.124492503861212,1.0
diet_atleast_3,Large,0.05369203580246294,0.02160710904830275,0.013620934273455457,0.011134355004071922,0.09624971660085396,1728,248,-0.013819214449070777,0.12120328605399666,0.4192,3.124492503861212,1.0
diet_atleast_4,Gikuriro,0.017523713160538697,0.029307417509231697,0.5504360842269659,-0.04020060880196055,0.07524803512303795,1728,248,-0.0740470931545866,0.10909451947566401,1.0,3.124492503861212,1.0
diet_atleast_4,Lower,0.04492613965981239,0.037336307868000254,0.23001890615864365,-0.028612003221066107,0.11846428254069089,1728,248,-0.07173087439560877,0.16158315371523355,1.0,3.124492503861212,1.0
diet_atleast_4,Middle,-0.06503278153238846,0.04375309466672696,0.13845963930292066,-0.1512095223729043,0.02114395930812736,1728,248,-0.20173899783930682,0.07167343477452988,0.9993,3.124492503861212,1.0
diet_atleast_4,Upper,0.07387443272707737,0.03579214767072311,0.04006375222130264,0.003377690555122645,0.14437117489903212,1728,248,-0.03795786436719052,0.18570672982134528,0.8373,3.124492503861212,1.0
diet_atleast_4,Large,0.0927640853670117,0.030180956215148064,0.002352221921572401,0.03331922868011587,0.1522089420539075,1728,248,-0.0015360860865819004,0.1870642568206053,0.0609,3.124492503861212,0.46573994047133543
diet_atleast_5,Gikuriro,0.034719381832200066,0.03038698934978553,0.25432184616163395,-0.02513128075673437,0.09457004442113451,1728,248,-0.060224538606115305,0.12966330227051542,1.0,3.124492503861212,1.0
diet_atleast_5,Lower,0.0991419357171344,0.0438295943376599,0.02456797131143821,0.01281451999598239,0.1854693514382864,1728,248,-0.037803303238161834,0.23608717467243062,0.6484,3.124492503861212,1.0
diet_atleast_5,Middle,-0.04542045546218245,0.0639302693136196,0.4780838041390872,-0.1713384572051278,0.08049754628076289,1728,248,-0.2451701027024154,0.1543291917780505,1.0,3.124492503861212,1.0
diet_atleast_5,Upper,0.1097523600113824,0.04035083369441434,0.006992839776516206,0.030276762582917685,0.1892279574398471,1728,248,-0.01632351739136563,0.23582823741413045,0.2216,3.124492503861212,1.0
diet_atleast_5,Large,0.16364326085879757,0.03412949902676798,2.8161541325136915e-06,0.09642129598866234,0.2308652257289328,1728,248,0.05700589698912248,0.2702806247284727,0.0001,3.124492503861212,0.000574495443032793
diet_atleast_6,Gikuriro,0.03615587835466429,0.03191850867527821,0.2584151647663814,-0.02671128729560885,0.09902304400493744,1728,248,-0.06357326273567152,0.13588501944500012,1.0,3.124492503861212,1.0
diet_atleast_6,Lower,0.055334734392401046,0.04387377188162791,0.20841738728367365,-0.031079694071198115,0.1417491628560002,1728,248,-0.08174853696786213,0.19241800575266424,1.0,3.124492503861212,1.0
diet_atleast_6,Middle,-0.045368327756480274,0.07816805605214323,0.5621775723910127,-0.19932928434077443,0.10859262882781387,1728,248,-0.28960383293280484,0.1988671774198443,1.0,3.124492503861212,1.0
diet_atleast_6,Upper,0.0680574323170306,0.05826711336930967,0.24392295996423607,-0.04670633391709805,0.18282119855115925,1728,248,-0.11399772662700883,0.25011259126107,1.0,3.124492503861212,1.0
diet_atleast_6,Large,0.11850306017626878,0.03811794543165485,0.002098234966362172,0.043425392416810704,0.19358072793572687,1728,248,-0.0005961745875275454,0.23760229494006513,0.0532,3.124492503861212,0.41754875830607224
diet_atleast_7,Gikuriro,0.06930915352905463,0.03175181270599116,0.029989567798193815,0.006770314719518833,0.13184799233859043,1728,248,-0.02989914725481993,0.1685174543129292,0.7335,3.124492503861212,1.0
diet_atleast_7,Lower,0.029215227811283325,0.038022827634024196,0.4430072035968493,-0.04567509453048088,0.10410555015304754,1728,248,-0.08958681210683224,0.14801726772939888,1.0,3.124492503861212,1.0
diet_atleast_7,Middle,0.006344200855639973,0.05130804949378916,0.9016935699980827,-0.09471289048700061,0.10740129219828055,1728,248,-0.1539674151754443,0.16665581688672423,1.0,3.124492503861212,1.0
diet_atleast_7,Upper,0.062402744116259824,0.043009558498446024,0.14807535285034273,-0.022309516916197432,0.1471150051487171,1728,248,-0.07198029900651501,0.19678578723903464,0.9993,3.124492503861212,1.0
diet_atleast_7,Large,0.07279041978393987,0.03727645251748295,0.05198243465253398,-0.0006298311153830616,0.1462106706832628,1728,248,-0.04367957667747398,0.18926041624535372,0.913,3.124492503861212,1.0
diet_atleast_8,Gikuriro,0.03781947343158929,0.023509146296644613,0.10895644592714188,-0.008484487996044052,0.08412343485922263,1728,248,-0.03563467794445336,0.11127362480763195,0.9958,3.124492503861212,1.0
diet_atleast_8,Lower,0.04679985460932184,0.03639964352171332,0.19974386647361508,-0.02489342035445582,0.11849312957309949,1728,248,-0.06693055871749176,0.16053026793613542,0.9999,3.124492503861212,1.0
diet_atleast_8,Middle,-0.016991069959684902,0.025582157006716635,0.5071968147814474,-0.06737806386952905,0.03339592395015924,1728,248,-0.09692232775977162,0.06294018784040183,1.0,3.124492503861212,1.0
diet_atleast_8,Upper,0.01389588785938231,0.029089239682178882,0.6332872299440804,-0.043398707835699886,0.0711904835544645,1728,248,-0.07699322347060769,0.10478499918937231,1.0,3.124492503861212,1.0
diet_atleast_8,Large,0.02898590240925901,0.025938257491042543,0.26486802720462005,-0.02210247226884135,0.08007427708735937,1728,248,-0.05205798868472533,0.11002979350324335,1.0,3.124492503861212,1.0
diet_atleast_9,Gikuriro,0.0031770751565359957,0.011838939761220737,0.7886476924606641,-0.02014107528289026,0.02649522559596225,1728,248,-0.033813603381062665,0.04016775369413465,1.0,3.124492503861212,1.0
diet_atleast_9,Lower,0.0009902611475108734,0.015537251132182406,0.9492330684766025,-0.02961213793742355,0.031592660232445294,1728,248,-0.047555763545602175,0.04953628584062392,1.0,3.124492503861212,1.0
diet_atleast_9,Middle,-0.005264950781010628,0.014193377258693025,0.7109970504794758,-0.033220436055615074,0.022690534493593817,1728,248,-0.04961205163027119,0.03908215006824993,1.0,3.124492503861212,1.0
diet_atleast_9,Upper,-0.0037576271042703844,0.017382540374321468,0.8290317128624932,-0.037994535108102856,0.03047928089956209,1728,248,-0.05806924420190269,0.05055398999336192,1.0,3.124492503861212,1.0
diet_atleast_9,Large,0.00035951131001595835,0.012818516108346207,0.9776479101466788,-0.02488802715653715,0.025607049776569066,1728,248,-0.03969184618113597,0.040410868801167885,1.0,3.124492503861212,1.0
diet_atleast_10,Gikuriro,0.006084787018243058,0.007485317464490063,0.417060338096246,-0.008658404707047587,0.020827978743533704,1728,248,-0.01730303128857756,0.029472605325063676,1.0,3.124492503861212,1.0
diet_atleast_10,Lower,-0.0009513684929159812,0.00576306104193176,0.8690157147324395,-0.012302378556126642,0.010399641570294679,1728,248,-0.018958009517726346,0.017055272531894386,1.0,3.124492503861212,1.0
diet_atleast_10,Middle,-0.006936315444260845,0.006878183911430833,0.3142245973582234,-0.020483687965079187,0.0066110570765574965,1728,248,-0.028427149515705276,0.014554518627183585,1.0,3.124492503861212,1.0
diet_atleast_10,Upper,0.0033218061193322963,0.008434930233841786,0.6940570264516068,-0.01329175692818395,0.019935369166848543,1728,248,-0.023033070166898657,0.029676682405563252,1.0,3.124492503861212,1.0
diet_atleast_10,Large,-0.0005307199710082863,0.0060254140465793,0.9298842634424359,-0.012398464383239407,0.011337024441222834,1728,248,-0.01935708099220535,0.018295641050188778,1.0,3.124492503861212,1.0
diet_atleast_11,Gikuriro,0.0028516399772815634,0.002758236148798891,0.302211108725254,-0.002581022639672608,0.008284302594235734,1728,248,-0.005766448193519589,0.011469728148082715,1.0,3.124492503861212,1.0
diet_atleast_11,Lower,0.0006714956769229715,0.000869638709221033,0.44076093038790204,-0.0010413575564373076,0.0023843489102832504,1728,248,-0.0020456839511056864,0.0033886753049516293,1.0,3.124492503861212,1.0
diet_atleast_11,Middle,0.00021527067212218998,0.0009239364677150974,0.8159598491356694,-0.0016045282275413762,0.0020350695717857564,1728,248,-0.0026715618952976375,0.0031021032395420175,1.0,3.124492503861212,1.0
diet_atleast_11,Upper,0.0004756264603698018,0.0008625433217875237,0.5818420390102403,-0.0012232515932076955,0.002174504513947299,1728,248,-0.0022193836828108653,0.0031706366035504684,1.0,3.124492503861212,1.0
diet_atleast_11,Large,0.0007971017077361225,0.0009144181757701804,0.38421655011432404,-0.001003949823668593,0.002598153239140838,1728,248,-0.0020599910278522498,0.0036541944433244947,1.0,3.124492503861212,1.0
diet_atleast_12,Gikuriro,0.0,0.0,1.0,0.0,0.0,1728,248,0.0,0.0,1.0,3.124492503861212,1.0
diet_atleast_12,Lower,0.0,0.0,1.0,0.0,0.0,1728,248,0.0,0.0,1.0,3.124492503861212,1.0
diet_atleast_12,Middle,0.0,0.0,1.0,0.0,0.0,1728,248,0.0,0.0,1.0,3.124492503861212,1.0
diet_atleast_12,Upper,0.0,0.0,1.0,0.0,0.0,1728,248,0.0,0.0,1.0,3.124492503861212,1.0
diet_atleast_12,Large,0.0,0.0,1.0,0.0,0.0,1728,248,0.0,0.0,1.0,3.124492503861212,1.0
