block,arm,villages,block_villages,probability
1,Control,3,10,0.3
1,Gikuriro,3,10,0.3
1,Lower,1,10,0.1
1,Middle,1,10,0.1
1,Upper,1,10,0.1
1,Large,1,10,0.1
2,Control,3,11,0.2727272727272727
2,Gikuriro,3,11,0.2727272727272727
2,Lower,1,11,0.09090909090909091
2,Middle,1,11,0.09090909090909091
2,Upper,1,11,0.09090909090909091
2,Large,2,11,0.18181818181818182
3,Control,3,10,0.3
3,Gikuriro,3,10,0.3
3,Lower,1,10,0.1
3,Middle,1,10,0.1
3,Upper,1,10,0.1
3,Large,1,10,0.1
4,Control,3,11,0.2727272727272727
4,Gikuriro,3,11,0.2727272727272727
4,Lower,1,11,0.09090909090909091
4,Middle,1,11,0.09090909090909091
4,Upper,1,11,0.09090909090909091
4,Large,2,11,0.18181818181818182
5,Control,4,13,0.3076923076923077
5,Gikuriro,4,13,0.3076923076923077
5,Lower,1,13,0.07692307692307693
5,Middle,1,13,0.07692307692307693
5,Upper,1,13,0.07692307692307693
5,Large,2,13,0.15384615384615385
6,Control,4,13,0.3076923076923077
6,Gikuriro,4,13,0.3076923076923077
6,Lower,1,13,0.07692307692307693
6,Middle,1,13,0.07692307692307693
6,Upper,1,13,0.07692307692307693
6,Large,2,13,0.15384615384615385
7,Control,4,13,0.3076923076923077
7,Gikuriro,4,13,0.3076923076923077
7,Lower,1,13,0.07692307692307693
7,Middle,1,13,0.07692307692307693
7,Upper,1,13,0.07692307692307693
7,Large,2,13,0.15384615384615385
8,Control,3,11,0.2727272727272727
8,Gikuriro,3,11,0.2727272727272727
8,Lower,1,11,0.09090909090909091
8,Middle,1,11,0.09090909090909091
8,Upper,1,11,0.09090909090909091
8,Large,2,11,0.18181818181818182
9,Control,4,12,0.3333333333333333
9,Gikuriro,4,12,0.3333333333333333
9,Lower,1,12,0.08333333333333333
9,Middle,1,12,0.08333333333333333
9,Upper,1,12,0.08333333333333333
9,Large,1,12,0.08333333333333333
10,Control,4,12,0.3333333333333333
10,Gikuriro,4,12,0.3333333333333333
10,Lower,1,12,0.08333333333333333
10,Middle,1,12,0.08333333333333333
10,Upper,1,12,0.08333333333333333
10,Large,1,12,0.08333333333333333
11,Control,4,13,0.3076923076923077
11,Gikuriro,4,13,0.3076923076923077
11,Lower,1,13,0.07692307692307693
11,Middle,1,13,0.07692307692307693
11,Upper,1,13,0.07692307692307693
11,Large,2,13,0.15384615384615385
12,Control,4,13,0.3076923076923077
12,Gikuriro,4,13,0.3076923076923077
12,Lower,1,13,0.07692307692307693
12,Middle,1,13,0.07692307692307693
12,Upper,1,13,0.07692307692307693
12,Large,2,13,0.15384615384615385
13,Control,3,11,0.2727272727272727
13,Gikuriro,3,11,0.2727272727272727
13,Lower,1,11,0.09090909090909091
13,Middle,1,11,0.09090909090909091
13,Upper,1,11,0.09090909090909091
13,Large,2,11,0.18181818181818182
14,Control,3,11,0.2727272727272727
14,Gikuriro,3,11,0.2727272727272727
14,Lower,1,11,0.09090909090909091
14,Middle,1,11,0.09090909090909091
14,Upper,1,11,0.09090909090909091
14,Large,2,11,0.18181818181818182
15,Control,4,12,0.3333333333333333
15,Gikuriro,4,12,0.3333333333333333
15,Lower,1,12,0.08333333333333333
15,Middle,1,12,0.08333333333333333
15,Upper,1,12,0.08333333333333333
15,Large,1,12,0.08333333333333333
16,Control,3,11,0.2727272727272727
16,Gikuriro,3,11,0.2727272727272727
16,Lower,1,11,0.09090909090909091
16,Middle,1,11,0.09090909090909091
16,Upper,1,11,0.09090909090909091
16,Large,2,11,0.18181818181818182
17,Control,3,10,0.3
17,Gikuriro,3,10,0.3
17,Lower,1,10,0.1
17,Middle,1,10,0.1
17,Upper,1,10,0.1
17,Large,1,10,0.1
18,Control,3,10,0.3
18,Gikuriro,3,10,0.3
18,Lower,1,10,0.1
18,Middle,1,10,0.1
18,Upper,1,10,0.1
18,Large,1,10,0.1
19,Control,3,11,0.2727272727272727
19,Gikuriro,3,11,0.2727272727272727
19,Lower,1,11,0.09090909090909091
19,Middle,1,11,0.09090909090909091
19,Upper,1,11,0.09090909090909091
19,Large,2,11,0.18181818181818182
20,Control,3,10,0.3
20,Gikuriro,3,10,0.3
20,Lower,1,10,0.1
20,Middle,1,10,0.1
20,Upper,1,10,0.1
20,Large,1,10,0.1
21,Control,3,10,0.3
21,Gikuriro,3,10,0.3
21,Lower,1,10,0.1
21,Middle,1,10,0.1
21,Upper,1,10,0.1
21,Large,1,10,0.1
22,Control,3,10,0.3
22,Gikuriro,3,10,0.3
22,Lower,1,10,0.1
22,Middle,1,10,0.1
22,Upper,1,10,0.1
22,Large,1,10,0.1
