outcome,policy,lo,hi
diet_mean,Control,-0.263233447437738,0.5330965438730999
diet_mean,Lower,-0.5547777166556349,0.18783285369434033
diet_mean,Middle,0.21493449504569195,0.852214467497082
diet_mean,Upper,-0.3302228301714534,0.11112188760507369
diet_mean,Control+Large,-0.351365310997263,0.41658665294864505
diet_mean,Lower+Large,-0.5662090265483339,0.16658195790475006
diet_mean,Middle+Large,0.1575936390992938,0.7976640478171904
diet_mean,Upper+Large,-0.3326758276062076,0.11061133936764378
shortfall_6,Control,-0.017781313725223846,0.04857951888401249
shortfall_6,Lower,-0.05864904601622992,0.0032351681796012055
shortfall_6,Middle,0.03814463457686293,0.09125129894781189
shortfall_6,Upper,-0.04872807629331985,-0.011949349811942678
shortfall_6,Control+Large,-0.03165950574582457,0.03233649124966767
shortfall_6,Lower+Large,-0.061219915030347793,-0.000153999659257692
shortfall_6,Middle+Large,0.030430452874354946,0.08376965360084612
shortfall_6,Upper+Large,-0.04894719300854694,-0.012006595760726102
