variable,arm,estimate,se,p,lo,hi,N,villages,p_holm
dietarydiversity,Gikuriro,-0.05618070826017961,0.13704064184308584,0.6821931600322566,-0.3260979784941072,0.21373656197374796,1757,248,1.0
dietarydiversity,Lower,0.11973236894470227,0.242309159915492,0.6216531017712856,-0.3575233277409131,0.5969880656303177,1757,248,1.0
dietarydiversity,Middle,-0.24074125700607216,0.17775384824566148,0.17686181140057963,-0.5908478593013347,0.10936534528919037,1757,248,1.0
dietarydiversity,Upper,0.04146661147014822,0.1897313839039888,0.8271777188849263,-0.3322311217884895,0.415164344728786,1757,248,1.0
dietarydiversity,Large,-0.014630199931964821,0.16888760594214502,0.9310383122101291,-0.3472737205631913,0.3180133206992616,1757,248,1.0
consumption_asinh,Gikuriro,0.06584609703867222,0.11594574086115068,0.5706157435422688,-0.16252234496210585,0.2942145390394503,1793,248,1.0
consumption_asinh,Lower,-0.013807954713840609,0.22702823349574072,0.9515514024866765,-0.46096611325024406,0.43335020382256284,1793,248,1.0
consumption_asinh,Middle,0.14379608736065347,0.1194880918361418,0.2299603760800838,-0.09154942138850494,0.3791415961098119,1793,248,1.0
consumption_asinh,Upper,0.05997672004971863,0.16900326321075126,0.7229785869024175,-0.27289460084429884,0.39284804094373604,1793,248,1.0
consumption_asinh,Large,-0.0871540919739644,0.13142087578947476,0.5078415195659912,-0.34600258806802153,0.17169440412009274,1793,248,1.0
hhmember,Gikuriro,-0.08269074159558645,0.1305889185641744,0.5271796962541891,-0.3399006024630107,0.1745191192718378,1793,248,1.0
hhmember,Lower,0.031002905202408226,0.14630546336075972,0.832355656592592,-0.2571624941968693,0.31916830460168577,1793,248,1.0
hhmember,Middle,0.11432648055806766,0.24907740248159801,0.6466379596993476,-0.37626004655240963,0.6049130076685449,1793,248,1.0
hhmember,Upper,-0.30179723884070486,0.19858069354446536,0.12984747065736157,-0.6929247029404109,0.08933022525900108,1793,248,1.0
hhmember,Large,-0.17950725591555128,0.15920416809606314,0.26061314711254513,-0.4930781344842347,0.13406362265313215,1793,248,1.0
hhfemale,Gikuriro,0.035609845993476906,0.025844333191243674,0.1694938549627565,-0.01529353399786934,0.08651322598482315,1793,248,1.0
hhfemale,Lower,0.02056544029120745,0.034172713049865015,0.5478533856706974,-0.04674163955645054,0.08787252013886544,1793,248,1.0
hhfemale,Middle,0.027833208503559245,0.04338521946413208,0.5217689441162737,-0.05761895990985967,0.11328537691697817,1793,248,1.0
hhfemale,Upper,0.065841655567515,0.03571945385061963,0.06648331676718545,-0.004511907783753252,0.13619521891878328,1793,248,1.0
hhfemale,Large,-0.019379865745281822,0.029313137953309757,0.5091435989521715,-0.07711545477884342,0.03835572328827977,1793,248,1.0
hhage,Gikuriro,2.247247314358293,1.0247443316231388,0.02924147330981012,0.22889575850294142,4.265598870213644,1793,248,0.8187612526746834
hhage,Lower,3.39024874673697,1.3297755828720197,0.011393425314249148,0.7711031376298081,6.009394355844132,1793,248,0.34180275942747446
hhage,Middle,3.7845901560346116,1.6887533795615735,0.0259115136568267,0.4583965817845246,7.110783730284698,1793,248,0.7514338960479743
hhage,Upper,1.252092519719373,1.5182375816390743,0.41033689840704407,-1.7382506229507109,4.2424356623894575,1793,248,1.0
hhage,Large,1.494556606457742,1.4446498993614436,0.3018928597632773,-1.3508471513985825,4.3399603643140665,1793,248,1.0
hh_head_schooling,Gikuriro,-0.006368538203387849,0.004666930569278158,0.17361767421633864,-0.015560593514053964,0.0028235171072782663,1793,248,1.0
hh_head_schooling,Lower,-0.00572237431699675,0.004468753832845216,0.2015598863920871,-0.014524097803450476,0.0030793491694569774,1793,248,1.0
hh_head_schooling,Middle,-0.0013698312360421211,0.007078352850770843,0.8467076506323202,-0.015311459453313931,0.012571796981229687,1793,248,1.0
hh_head_schooling,Upper,0.004917990468819418,0.010032590429501836,0.6244264923676105,-0.014842347673837852,0.024678328611476688,1793,248,1.0
hh_head_schooling,Large,-0.004901876895814098,0.004201010924205326,0.2444032228935808,-0.01317624999881501,0.0033724962071868154,1793,248,1.0
