vid,arm,N,hat_trace,max_hat_eigenvalue
1,Gikuriro,7,0.15426017252880037,0.15161192109665145
2,Gikuriro,8,0.15654292499966257,0.15242248644702783
3,Gikuriro,1,0.008781806767568337,0.008781806767568345
4,Middle,8,0.13871629961836535,0.13575704280655188
5,Control,8,0.09754287950176585,0.09330434992345094
6,Gikuriro,8,0.20172753968539897,0.1573632408506095
7,Gikuriro,7,0.10916175115666787,0.10567087405222575
8,Gikuriro,8,0.15422064608688063,0.1416208558690356
9,Gikuriro,8,0.2206009035835269,0.20978432252566148
10,Lower,8,0.17578209777633777,0.17333065864424124
11,Control,8,0.12332280122454856,0.11595754122109447
12,Large,8,0.11341157315823264,0.11061858005525815
13,Large,8,0.1767769800865326,0.17146308556191303
14,Control,7,0.09128854252199174,0.08932094694604287
15,Middle,7,0.14746759170370027,0.14448020079520085
16,Gikuriro,8,0.08340115464275277,0.06511371875377514
17,Control,8,0.15494636158680508,0.14915608079375742
18,Upper,8,0.40154046852130987,0.31185982958058966
19,Upper,8,0.1895418329808429,0.18252243595912854
20,Gikuriro,8,0.13639920020015836,0.12978943597292636
21,Control,8,0.2135401442441866,0.19571105212282114
22,Middle,7,0.1551778644203743,0.15173342090252218
23,Large,8,0.09932668246550382,0.0987419527730834
24,Lower,8,0.2744179372494029,0.26907830323233106
25,Middle,9,0.3381002937806868,0.3201943286816228
26,Upper,8,0.07837715220607003,0.07491405787407546
27,Large,8,0.10651511329550148,0.07942322346467467
28,Control,5,0.029634075090486642,0.028035998158424502
29,Control,8,0.1898885833791431,0.17448473950730015
30,Lower,7,0.10691428097060798,0.09547502305862465
31,Gikuriro,7,0.060278336330422386,0.05605421822649859
32,Control,8,0.1352419500681458,0.12572601942445571
33,Gikuriro,8,0.09757202003153262,0.09435333116789035
34,Large,7,0.08874595921498583,0.08352523911283627
35,Large,8,0.08209651634825452,0.08108448491182607
36,Lower,8,0.19577678739653906,0.18676289380942768
37,Control,7,0.13665265863624787,0.13425644375652335
38,Gikuriro,8,0.07473187702918256,0.07160105771421177
39,Control,8,0.07306779771359247,0.06870235929470958
40,Upper,8,0.1109063229309088,0.10956948882514272
41,Control,8,0.08472485567376546,0.07887287660255238
42,Control,3,0.020998364698459348,0.02093405491776046
43,Gikuriro,6,0.09094628718156826,0.09010211855031391
44,Middle,5,0.08884248170670331,0.08479837583097982
45,Large,8,0.13665196009677452,0.13260123249128664
46,Control,2,0.0173441656661609,0.017188451681515837
47,Gikuriro,8,0.08039985115562906,0.06799300011253895
48,Gikuriro,3,0.055302292977492645,0.05446984962702006
49,Control,3,0.05603778593308245,0.05567493548007496
50,Control,5,0.09394401289172286,0.09279327993805775
51,Control,3,0.04488507047574336,0.04472914701091313
52,Gikuriro,6,0.05054753022632266,0.05017088478523024
53,Gikuriro,8,0.20168213635684198,0.2000213583083591
54,Large,3,0.05986355720263626,0.05888596156632897
55,Large,8,0.10229328719879355,0.08576845276196376
56,Middle,1,0.020705047872574222,0.02070504787257421
57,Control,8,0.07891543934513065,0.07733864385492673
58,Control,1,0.01853179258132029,0.018531792581320317
59,Lower,1,0.017459208445545906,0.017459208445545937
60,Upper,8,0.17207633435078912,0.1662356336865869
61,Gikuriro,8,0.12003865449009753,0.11787163316963489
62,Upper,8,0.10650560966405215,0.10494737759942407
63,Gikuriro,8,0.13888421466607376,0.13359710001168024
64,Gikuriro,8,0.15511021330936575,0.15174857912098416
65,Control,2,0.03785454450305693,0.037234484100194365
66,Control,8,0.12431226712166674,0.10492565701711187
67,Control,6,0.05437624937400611,0.0517923927910422
68,Gikuriro,5,0.09308509630541376,0.09163149954531447
69,Control,8,0.13683116911072363,0.13412189364443938
70,Middle,3,0.03273759455979344,0.03237897344832397
71,Large,2,0.04861625634612113,0.04838255817082693
72,Lower,8,0.2063448774044938,0.19903019944281852
73,Gikuriro,2,0.031047230737015784,0.030704229918904646
74,Control,7,0.11874621109788071,0.11857251106285494
75,Large,7,0.11309882808017821,0.11271987971322939
76,Upper,2,0.041302889763307024,0.041146842186592925
77,Control,4,0.06085983721341322,0.060027170068310265
78,Large,4,0.11499809262530802,0.10100375724113675
79,Lower,8,0.27442755944874325,0.2706765479521295
80,Gikuriro,2,0.03674472993351583,0.03674472993351574
81,Gikuriro,2,0.03000997960261859,0.03000997960261853
82,Middle,8,0.23897091496446698,0.22705239390803988
83,Control,7,0.12806611966928091,0.12195829078241316
84,Gikuriro,8,0.1784189068336579,0.17184536766217673
85,Large,7,0.2655660395458945,0.26119820042005837
86,Large,8,0.09444283589167923,0.09164428438501981
87,Upper,8,0.17420539823712533,0.1677736615375417
88,Control,8,0.16971692998557458,0.15361459135990163
89,Control,9,0.08488362280298642,0.0778676284075448
90,Lower,8,0.12535022288323194,0.12159720517514294
91,Control,8,0.06089124788495763,0.05860253637901658
92,Gikuriro,8,0.10992114242040672,0.102103871718223
93,Upper,8,0.22270071809856243,0.1713705264366352
94,Control,7,0.14272942573961123,0.12360506839733532
95,Lower,7,0.21089339927991943,0.2074813792090573
96,Control,8,0.1154143989534949,0.10426335477687787
97,Gikuriro,8,0.13276224613272086,0.12069443309233485
98,Control,8,0.09427943591385812,0.09034179467147296
99,Gikuriro,4,0.01916774085358163,0.01828216912419922
100,Gikuriro,7,0.046065311494251596,0.042624299328947846
101,Upper,8,0.19487333350369995,0.19367358470380747
102,Gikuriro,8,0.1518685346924996,0.11473727618258267
103,Gikuriro,8,0.10442708744017166,0.0959400642768381
104,Control,8,0.13531545115455268,0.10501986403749064
105,Middle,8,0.14857738346943306,0.11898341810400426
106,Control,8,0.16942399037054512,0.15238557996336755
107,Middle,2,0.015738575245435586,0.015590560574483492
108,Gikuriro,8,0.06240247277537439,0.056214084028714195
109,Large,7,0.19686568583016323,0.18772390860569577
110,Gikuriro,8,0.07362658331451337,0.06966419345837416
111,Gikuriro,8,0.09122343957982361,0.08820363378013063
112,Large,8,0.11014134993244078,0.10488207271133387
113,Lower,8,0.12544842918591648,0.1179315745390811
114,Control,8,0.1289992386215385,0.11559356933683318
115,Control,7,0.15568318287155258,0.10871678518490957
116,Gikuriro,8,0.10698444635352702,0.0987969614248978
117,Large,8,0.1359771642290907,0.11371309893121118
118,Control,8,0.06474239895271813,0.0626503445394837
119,Large,1,0.009899251579816254,0.009899251579816304
120,Gikuriro,8,0.11865727972720212,0.11509252325659214
121,Control,6,0.06521610599383887,0.06239903334425534
122,Gikuriro,8,0.07559881885453597,0.07461940621257668
123,Gikuriro,8,0.1264915984309624,0.12542506730352998
124,Upper,8,0.22459795388352782,0.19394738696318226
125,Lower,8,0.1250470212610475,0.11726128232882305
126,Upper,7,0.08407539918819507,0.08337597682433395
127,Middle,8,0.07248303185302223,0.07037645755543853
128,Control,8,0.07224403450932057,0.06889132111149299
129,Gikuriro,5,0.047268513183329364,0.04655686668213088
130,Control,4,0.03382191671732492,0.03298872264567998
131,Control,7,0.15806830795451884,0.13068519710055226
132,Control,8,0.12706266364997085,0.12400053677861
133,Large,8,0.12996577880111626,0.1252633101103171
134,Middle,8,0.19141412507864267,0.18405181725299868
135,Gikuriro,8,0.09706026083790832,0.0818974490911416
136,Gikuriro,7,0.11668193184928108,0.11413680008989946
137,Large,7,0.05016306788976177,0.04910505407159438
138,Lower,8,0.12141855061096651,0.11967787274925856
139,Control,8,0.12247557789087214,0.11960821896539886
140,Gikuriro,7,0.05794456583759229,0.057010169576774405
141,Gikuriro,8,0.10734108173753032,0.10146692387112444
142,Control,6,0.05088190592128973,0.04942034859508615
143,Gikuriro,5,0.04026222468909723,0.04001843410552275
144,Large,7,0.1542589973495748,0.1509843345740134
145,Gikuriro,8,0.15427570635773147,0.15081759644963977
146,Upper,5,0.04281422215385486,0.041860346751852795
147,Gikuriro,7,0.055527155516663616,0.054362823935121374
148,Control,8,0.13855779858217102,0.13138402544718797
149,Control,8,0.09809762971031516,0.09552951023706613
150,Large,8,0.265191816839381,0.21469833346770906
151,Gikuriro,8,0.10890279186065677,0.10767231948075429
152,Control,8,0.12659874533565543,0.10947555747663007
153,Control,8,0.12282894518956632,0.10223134591850491
154,Gikuriro,8,0.06393280033187941,0.062122932273070974
155,Control,8,0.09821597974109299,0.09608199292381225
156,Gikuriro,8,0.13844270288390115,0.11033149127611641
157,Control,8,0.11691041251136805,0.11610697112937318
158,Middle,6,0.06998875664620026,0.069728995485423
159,Upper,8,0.08577474750467945,0.07176259053926815
160,Upper,8,0.14685379462868012,0.1439409026602012
161,Middle,6,0.06043170016745324,0.05982967274557949
162,Middle,8,0.24055669095054932,0.19955409101148325
163,Large,7,0.17908747169843192,0.17596909617703316
164,Gikuriro,4,0.03950917857744474,0.03929595878796632
165,Control,7,0.11522139177372726,0.11349836077859154
166,Control,8,0.08255326654163922,0.07903913997806267
167,Lower,8,0.09818350634468512,0.09673456550784176
168,Gikuriro,6,0.10406886444872702,0.09961887322029495
169,Upper,7,0.13109067571407101,0.1252841367800559
170,Control,7,0.08113735437007893,0.07550697412714191
171,Control,8,0.151314789646411,0.12441787405974158
172,Lower,8,0.11583503940051323,0.11415447472024631
173,Middle,8,0.1992343904612763,0.19290959855709044
174,Gikuriro,8,0.06980659659198887,0.06853607004627771
175,Gikuriro,6,0.0591945615707179,0.058779890324785034
176,Large,8,0.10915757286499253,0.10594364134925305
177,Large,7,0.07089202224567737,0.06941203284944752
178,Control,8,0.10942315285188028,0.10778518587000485
179,Large,8,0.1126940919013922,0.10767117966374617
180,Gikuriro,8,0.10430738235096831,0.1015810457781029
181,Control,8,0.13956523752932706,0.1372820879432769
182,Lower,8,0.22161102839204305,0.21398151122695497
183,Control,5,0.049507826675426275,0.04835420132671919
184,Gikuriro,8,0.124419258566039,0.12090443010599328
185,Gikuriro,7,0.08834251777933082,0.08478889501943343
186,Lower,7,0.15973844365122725,0.15764308790970416
187,Large,8,0.16319455323178333,0.16071673532950193
188,Control,8,0.1286544381441953,0.12589293250202582
189,Gikuriro,8,0.1470316482243419,0.12443669721224648
190,Upper,8,0.2345337538023898,0.2032939880536928
191,Control,8,0.12494257299020145,0.10349889285942004
192,Gikuriro,8,0.1387277503857573,0.1362111652079966
193,Gikuriro,8,0.0977372160400378,0.08006770562075294
194,Large,8,0.11866325974190058,0.1130569321116931
195,Control,7,0.1561051113224621,0.1531011774339499
196,Large,8,0.18694026280631842,0.18396319587963317
197,Gikuriro,7,0.09110733703581583,0.09054208835209543
198,Control,7,0.14511376674201804,0.14060132333587672
199,Control,7,0.10679999951100651,0.0926585304308325
200,Control,5,0.04909309606665842,0.038599910245575964
201,Large,7,0.12569324232535928,0.12381858852180827
202,Large,7,0.12714390670246964,0.1090016872752525
203,Gikuriro,8,0.14802588389398322,0.1439613043031469
204,Control,4,0.03590123204986035,0.03566898882825409
205,Gikuriro,8,0.08223502489998435,0.07952460563271702
206,Middle,8,0.2421712859749814,0.2401270698438278
207,Control,8,0.11381073406272654,0.11259403044283245
208,Upper,8,0.1440570194179301,0.13029861748083704
209,Lower,7,0.21673420262708007,0.21340094600295423
210,Lower,6,0.10376071858392834,0.10125894321848372
211,Gikuriro,6,0.06881180375632821,0.06839739992393967
212,Upper,8,0.1877670283342341,0.18113453194378104
213,Middle,7,0.07714649074839523,0.07656687077776947
214,Control,5,0.05789755975590648,0.05749218731155936
215,Gikuriro,8,0.19706015578058717,0.192582406173342
216,Gikuriro,8,0.10693153744136694,0.10572425785350348
217,Gikuriro,8,0.14155580246432117,0.14031241300677677
218,Gikuriro,6,0.07686731643707469,0.07567072285822107
219,Control,8,0.09546224326728761,0.08066695281042136
220,Gikuriro,8,0.13183616737741816,0.1297360650108469
221,Middle,8,0.11693388357493784,0.11631591425638099
222,Control,7,0.17835839256020153,0.1434238757336319
223,Control,5,0.06295825820513751,0.06249011136313776
224,Control,3,0.027251629197632816,0.02709878320424497
225,Large,6,0.07956543105412574,0.07775217255077826
226,Large,8,0.1029238454214845,0.08887653823115216
227,Control,6,0.05439961221327491,0.052965331552388584
228,Gikuriro,8,0.20858737558400792,0.177757459699606
229,Gikuriro,8,0.11424073118880061,0.11350916483101547
230,Gikuriro,8,0.13709015788739914,0.13466099835608836
231,Upper,8,0.19001672936345082,0.18900215164180278
232,Middle,8,0.25451986176658614,0.25044823611489164
233,Large,7,0.10130901869207283,0.09745659962130093
234,Upper,7,0.06808495344274718,0.06637107504834427
235,Lower,8,0.10575373557471834,0.1050262110137633
236,Gikuriro,6,0.051448877723152125,0.049511035502174616
237,Control,8,0.0683832550276473,0.06729328605570417
238,Gikuriro,8,0.10354295136814833,0.10089952703328475
239,Lower,7,0.08379536192694076,0.0815759748737872
240,Control,5,0.09191397217982142,0.09034595687647329
241,Middle,8,0.20163889749455877,0.19719542641362098
242,Control,8,0.12124805087667564,0.116448391796942
243,Control,5,0.0629651787853889,0.06222588597313006
244,Middle,7,0.1416903428218658,0.1399065355474144
245,Upper,8,0.13637418443269003,0.13293082536364953
246,Gikuriro,8,0.11168076387099062,0.1087842715527465
247,Lower,6,0.066755246854982,0.0663399961073905
248,Lower,8,0.11961294118861368,0.11900990313361959
