arm,threshold,cdf,cdf_lower,cdf_upper
Control,0,0.0019253948745320392,0.0018522416502388987,0.029524611582063102
Gikuriro,0,0.0,0.0,0.023533105780709367
Lower,0,0.0,0.0,0.03518135934924115
Middle,0,0.0,0.0,0.02018915691057726
Upper,0,0.011840157899410198,0.011701609001159312,0.011701609001159312
Large,0,0.0,0.0,0.01700276782140965
Control,1,0.03540265070072545,0.034057566592764835,0.061729936524589045
Gikuriro,1,0.023323548717699052,0.022718869148742587,0.04625197492945195
Lower,1,0.011004699402665154,0.010617539118449613,0.04579889846769076
Middle,1,0.03894200932324208,0.038155802986601976,0.058344959897179235
Upper,1,0.028182042500158648,0.027852267257967737,0.027852267257967737
Large,1,0.027787191229542738,0.027019902901177645,0.044022670722587295
Control,2,0.09122214488366327,0.08775626154022814,0.11542863147205235
Gikuriro,2,0.07372206402281647,0.07181076714276369,0.09621391099522958
Lower,2,0.043126524317378304,0.04160927456788483,0.07679063391712598
Middle,2,0.14048870700863006,0.1376523584586687,0.15784151536924595
Upper,2,0.06940675861292556,0.06859458786159925,0.06859458786159925
Large,2,0.045115457472901056,0.04386968334402814,0.060872451165437796
Control,3,0.2255384401065216,0.21696935938750944,0.2446417293193336
Gikuriro,3,0.22067559890360008,0.21582446531150173,0.23935757109221112
Lower,3,0.18016972915181925,0.17383111316667366,0.20901247251591482
Middle,3,0.31533589868948514,0.3089695327513052,0.32915868966188244
Upper,3,0.154353724468827,0.1525475375372201,0.1525475375372201
Large,3,0.1410659819182594,0.13717072382754006,0.15417349164894972
Control,4,0.4330485743732487,0.41659537824710313,0.44426774817892734
Gikuriro,4,0.4140336587611704,0.4041695801106638,0.42770268589137306
Lower,4,0.32482699726843844,0.3133991419512026,0.3485805013004437
Middle,4,0.5192888776436883,0.5088048730110222,0.5289940299215994
Upper,4,0.32538850537515085,0.32158093631177925,0.32450633856206906
Large,4,0.2832332866197058,0.2754123595878029,0.2976708280345026
Control,5,0.6372275566078305,0.6130168084694091,0.6424361790486177
Gikuriro,5,0.6172138036124107,0.602082135372678,0.6256152411533872
Lower,5,0.5722344491314847,0.5521024633445749,0.587283822693816
Middle,5,0.7164659145991573,0.7020010718282345,0.7221902287388118
Upper,5,0.583867785444283,0.579960995160931,0.579960995160931
Large,5,0.5356126249936819,0.5260784423131087,0.5457172982224382
Control,6,0.825005127344928,0.7954069811229865,0.8307303719623316
Gikuriro,6,0.7716338889213673,0.7524987702739364,0.7760318760546459
Lower,6,0.7856760445748877,0.7580348933186081,0.7932162526678492
Middle,6,0.8433792794680071,0.8263521628596976,0.8465413197702749
Upper,6,0.7697952636646157,0.7637128227285579,0.7637128227285579
Large,6,0.7532023036966455,0.7402959004749432,0.757298668296353
Control,7,0.9122277026404649,0.8869666531547384,0.9146390230865625
Gikuriro,7,0.8922099992795198,0.869948859316881,0.8934819650975905
Lower,7,0.8667539103040395,0.836260329518273,0.8714416888675142
Middle,7,0.9432482032379249,0.9242048172571341,0.9443939741677114
Upper,7,0.9164097185799452,0.90861165261855,0.9126340807126986
Large,7,0.885818367825078,0.8692500342801956,0.8862528021016053
Control,8,0.970202873595038,0.9427391223464829,0.9713349820783551
Gikuriro,8,0.9714791748001306,0.9471629251513332,0.9722185974538993
Lower,8,0.9711795849060864,0.9370121669368584,0.9721935262860997
Middle,8,0.9793989815287999,0.9596257418126553,0.9798148987232327
Upper,8,0.9754255056098179,0.970959288077852,0.975713066734573
Large,8,0.9742121313894132,0.9552029788886707,0.9749242123779113
Control,9,0.9933814551187962,0.9659605493954796,0.9936329193273039
Gikuriro,9,0.9884833700006872,0.9652488410338285,0.9887819468145379
Lower,9,0.9945868779598633,0.9595959596023175,0.9947773189515586
Middle,9,1.0,0.9798108430894226,1.0
Upper,9,0.9906882091520264,0.99079717208763,0.99079717208763
Large,9,0.99701795996561,0.9773790696140477,0.9971003031032882
Control,10,1.0,0.9723276300681758,1.0
Gikuriro,10,0.9978898273299928,0.9744114292747659,0.9979445350554752
Lower,10,1.0,0.9648186406507588,1.0
Middle,10,1.0,0.9798108430894226,1.0
Upper,10,1.0,1.0,1.0
Large,10,1.0,0.9829972321785904,1.0
Control,11,1.0,0.9723276300681758,1.0
Gikuriro,11,1.0,0.9764668942192908,1.0
Lower,11,1.0,0.9648186406507588,1.0
Middle,11,1.0,0.9798108430894226,1.0
Upper,11,1.0,1.0,1.0
Large,11,1.0,0.9829972321785904,1.0
Control,12,1.0,1.0,1.0
Gikuriro,12,1.0,1.0,1.0
Lower,12,1.0,1.0,1.0
Middle,12,1.0,1.0,1.0
Upper,12,1.0,1.0,1.0
Large,12,1.0,1.0,1.0
