eligible,arm,scope,estimate,finite_lower,finite_upper,exact_observed_numerator,exact_observed_denominator,exact_range_proxy,family_size,conditional_failure_probability
0,Control,identified_diets,4.816681212128357,0.6228709834149694,9.010491440841745,505145242588757771627/3377699720527872,26218532031806825711/844424930131968,120260472528784320076696255408939807/3713820117856140824697372672,36,1/20
0,Control,lower_endpoint,4.6478829894869875,0.6097742835746459,8.68599169539933,506237506235883472235/3377699720527872,18152978011026324421/562949953421312,120260472528784320076696255408939807/3713820117856140824697372672,36,1/20
0,Control,upper_endpoint,5.038245286903154,1.0001365809908127,9.076353992815497,548754935443859843075/3377699720527872,18152978011026324421/562949953421312,120260472528784320076696255408939807/3713820117856140824697372672,36,1/20
0,Gikuriro,identified_diets,4.882894035164136,0.38020243308943147,9.385585637238842,238480151881008317411/1688849860263936,8139986592773150161/281474976710656,120260472528784320076696255408939807/3713820117856140824697372672,36,1/20
0,Gikuriro,lower_endpoint,4.694838577081404,0.3655596531716406,9.024117500991169,238480151881008317411/1688849860263936,8466040168920356305/281474976710656,120260472528784320076696255408939807/3713820117856140824697372672,36,1/20
0,Gikuriro,upper_endpoint,5.156995953576044,0.8277170296662809,9.486274877485808,261956009363607159779/1688849860263936,8466040168920356305/281474976710656,120260472528784320076696255408939807/3713820117856140824697372672,36,1/20
0,Lower,identified_diets,4.351002840217652,0.0,12.0,17143022375558403893/140737488355328,1970008180309628259/70368744177664,136755534875431504335863569264452383/1237940039285380274899124224,36,1/20
0,Lower,lower_endpoint,4.280474465577467,0.0,12.0,17623289054570960693/140737488355328,2058567244857218403/70368744177664,136755534875431504335863569264452383/1237940039285380274899124224,36,1/20
0,Lower,upper_endpoint,4.582851917839292,0.0,12.0,18868217692190103349/140737488355328,2058567244857218403/70368744177664,136755534875431504335863569264452383/1237940039285380274899124224,36,1/20
0,Middle,identified_diets,4.602886638764328,0.0,12.0,37117894018379094205/281474976710656,4032023481284736805/140737488355328,136755534875431504335863569264452383/1237940039285380274899124224,36,1/20
0,Middle,lower_endpoint,4.55349620280282,0.0,12.0,37117894018379094205/281474976710656,4075757655791154981/140737488355328,136755534875431504335863569264452383/1237940039285380274899124224,36,1/20
0,Middle,upper_endpoint,4.682260015178006,0.0,12.0,38167514206533130429/281474976710656,4075757655791154981/140737488355328,136755534875431504335863569264452383/1237940039285380274899124224,36,1/20
0,Upper,identified_diets,5.322539730126972,0.0,12.0,44589788394892185469/281474976710656,2094384948528532359/70368744177664,136755534875431504335863569264452383/1237940039285380274899124224,36,1/20
0,Upper,lower_endpoint,5.20899620033782,0.0,12.0,45528507442222223229/281474976710656,2185090259773541255/70368744177664,136755534875431504335863569264452383/1237940039285380274899124224,36,1/20
0,Upper,upper_endpoint,5.522921227084751,0.0,12.0,48272325515197697917/281474976710656,2185090259773541255/70368744177664,136755534875431504335863569264452383/1237940039285380274899124224,36,1/20
0,Large,identified_diets,4.3364804307749925,0.0,11.101248541608825,35271988128349782135/281474976710656,8133782382143982503/281474976710656,45172153717026792054215217524472787/618970019642690137449562112,36,1/20
0,Large,lower_endpoint,4.208889768831051,0.0,10.774620606249979,35271988128349782135/281474976710656,2095088613959233223/70368744177664,45172153717026792054215217524472787/618970019642690137449562112,36,1/20
0,Large,upper_endpoint,4.561961336377284,0.0,11.127692173796213,38230853012665186803/281474976710656,2095088613959233223/70368744177664,45172153717026792054215217524472787/618970019642690137449562112,36,1/20
1,Control,identified_diets,4.8748180797542515,0.0,10.537339624260076,125427007704576557837/6755399441055744,17153051409992248155/4503599627370496,13513057294151439442312096374271448695/15211807202738752817960438464512,36,1/20
1,Control,lower_endpoint,4.751633867419864,0.0,10.199014240579913,127086021217309164301/6755399441055744,17830501362024742719/4503599627370496,13513057294151439442312096374271448695/15211807202738752817960438464512,36,1/20
1,Control,upper_endpoint,5.094023817956708,0.0,10.541404191116756,45414499312131777287/2251799813685248,17830501362024742719/4503599627370496,13513057294151439442312096374271448695/15211807202738752817960438464512,36,1/20
1,Gikuriro,identified_diets,5.0293350656506055,0.0,10.808417822389112,253585354622837715383/13510798882111488,201684995183380879805/54043195528445952,13513057294151439442312096374271448695/15211807202738752817960438464512,36,1/20
1,Gikuriro,lower_endpoint,4.91286658968149,0.0,10.542122520639552,254305930520267065783/13510798882111488,207052991061785949091/54043195528445952,13513057294151439442312096374271448695/15211807202738752817960438464512,36,1/20
1,Gikuriro,upper_endpoint,5.197656463643615,0.0,10.826912394601678,269047579327258850921/13510798882111488,207052991061785949091/54043195528445952,13513057294151439442312096374271448695/15211807202738752817960438464512,36,1/20
1,Lower,identified_diets,5.250441182983337,0.0,12.0,49688871052389291713/2251799813685248,4731875791069783163/1125899906842624,1850045342643184046226274480250119409/633825300114114700748351602688,36,1/20
1,Lower,lower_endpoint,5.0657235249827455,0.0,12.0,49688871052389291713/2251799813685248,4904419951793415291/1125899906842624,1850045342643184046226274480250119409/633825300114114700748351602688,36,1/20
1,Lower,upper_endpoint,5.487899837173639,0.0,12.0,53829930909756462785/2251799813685248,4904419951793415291/1125899906842624,1850045342643184046226274480250119409/633825300114114700748351602688,36,1/20
1,Middle,identified_diets,4.503452128501066,0.0,12.0,43748810733022632841/2251799813685248,607156597382107005/140737488355328,1850045342643184046226274480250119409/633825300114114700748351602688,36,1/20
1,Middle,lower_endpoint,4.4125312268394845,0.0,12.0,43748810733022632841/2251799813685248,9914674476844011347/2251799813685248,1850045342643184046226274480250119409/633825300114114700748351602688,36,1/20
1,Middle,upper_endpoint,4.654801109766412,0.0,12.0,46150837757786224045/2251799813685248,9914674476844011347/2251799813685248,1850045342643184046226274480250119409/633825300114114700748351602688,36,1/20
1,Upper,identified_diets,5.17464232869284,0.0,12.0,738097755787875317/35184372088832,17829680509877997/4398046511104,1850045342643184046226274480250119409/633825300114114700748351602688,36,1/20
1,Upper,lower_endpoint,5.191979522355594,0.0,12.0,749339162670257141/35184372088832,18040786742410989/4398046511104,1850045342643184046226274480250119409/633825300114114700748351602688,36,1/20
1,Upper,upper_endpoint,5.2036811313567535,0.0,12.0,751028012530521077/35184372088832,18040786742410989/4398046511104,1850045342643184046226274480250119409/633825300114114700748351602688,36,1/20
1,Large,identified_diets,5.356934694889162,0.0,12.0,5562056029446254381/281474976710656,2076581607295974835/562949953421312,2689153936285766679046954442467140849/1267650600228229401496703205376,36,1/20
1,Large,lower_endpoint,5.264964506505517,0.0,12.0,5621799091776687309/281474976710656,2135550613809554411/562949953421312,2689153936285766679046954442467140849/1267650600228229401496703205376,36,1/20
1,Large,upper_endpoint,5.482326440411304,0.0,12.0,5853892797462355221/281474976710656,2135550613809554411/562949953421312,2689153936285766679046954442467140849/1267650600228229401496703205376,36,1/20
