estimator,cost_convention,policy,contrast,cross_stratum_covariance,se_if_covariance_omitted,estimate,se,lo,hi,p,df,coverage_validated,p_holm,family_size
assignment_weighted_ratios,cost_eligible,Control,ineligible_minus_eligible,0.00760841236023032,0.19486382839868321,-0.08830416286057119,0.1508478932492291,-0.40200953010967105,0.22540120438852868,0.564526792301126,21,False,1.0,16
assignment_weighted_ratios,cost_eligible,Lower,ineligible_minus_eligible,-0.002477959443800067,0.26102627259974476,0.7529973122792164,0.27035279520455563,0.19076789641099556,1.3152267281474372,0.011090394935995262,21,False,0.15526552910393368,16
assignment_weighted_ratios,cost_eligible,Middle,ineligible_minus_eligible,0.002416853461826986,0.38042009862155374,-0.2458755407497284,0.3740130271950145,-1.0236782102129907,0.5319271287135339,0.518066088841112,21,False,1.0,16
assignment_weighted_ratios,cost_eligible,Upper,ineligible_minus_eligible,0.006084791355604403,0.2612612550147673,-0.2943384319206013,0.2368287580947096,-0.7868507960840219,0.19817393224281932,0.22762827280538633,21,False,1.0,16
assignment_weighted_ratios,cost_eligible,Control+Large,ineligible_minus_eligible,0.004177126897868677,0.1698537808832596,0.14321595199915882,0.14316442674282254,-0.15451077192771656,0.4409426759260342,0.3285246078465918,21,False,1.0,16
assignment_weighted_ratios,cost_eligible,Lower+Large,ineligible_minus_eligible,-0.0032211520487578083,0.2279466041145751,0.7714971699042674,0.24166497144783403,0.26892734949563246,1.2740669903129023,0.004379810279302413,21,False,0.0656971541895362,16
assignment_weighted_ratios,cost_eligible,Middle+Large,ineligible_minus_eligible,0.0029886676059739134,0.3614794525830293,-0.16983507429543648,0.35311479638749027,-0.9041774936410569,0.5645073450501839,0.6355160995017677,21,False,1.0,16
assignment_weighted_ratios,cost_eligible,Upper+Large,ineligible_minus_eligible,0.0059687792362957985,0.2596006267302493,-0.2847639083610902,0.23548869808580336,-0.7744894651772235,0.20496164845504306,0.24000680853845197,21,False,1.0,16
assignment_weighted_ratios,cost_population,Control,ineligible_minus_eligible,0.00760841236023032,0.19486382839868321,-0.08830416286057119,0.1508478932492291,-0.40200953010967105,0.22540120438852868,0.564526792301126,21,False,1.0,16
assignment_weighted_ratios,cost_population,Lower,ineligible_minus_eligible,-0.002477959443800067,0.26102627259974476,0.7529973122792164,0.27035279520455563,0.19076789641099556,1.3152267281474372,0.011090394935995262,21,False,0.15526552910393368,16
assignment_weighted_ratios,cost_population,Middle,ineligible_minus_eligible,0.002416853461826986,0.38042009862155374,-0.2458755407497284,0.3740130271950145,-1.0236782102129907,0.5319271287135339,0.518066088841112,21,False,1.0,16
assignment_weighted_ratios,cost_population,Upper,ineligible_minus_eligible,0.006084791355604403,0.2612612550147673,-0.2943384319206013,0.2368287580947096,-0.7868507960840219,0.19817393224281932,0.22762827280538633,21,False,1.0,16
assignment_weighted_ratios,cost_population,Control+Large,ineligible_minus_eligible,0.0038378148268023633,0.1677567033635394,0.1825335990696175,0.14306181136067667,-0.11497972448786534,0.48004692262710036,0.21592085959069252,21,False,1.0,16
assignment_weighted_ratios,cost_population,Lower+Large,ineligible_minus_eligible,-0.003257228266346073,0.22256986478904933,0.774910926783452,0.23675261613107434,0.282556908501772,1.2672649450651319,0.0036308224056187076,21,False,0.05809315848989932,16
assignment_weighted_ratios,cost_population,Middle+Large,ineligible_minus_eligible,0.0031828271522027383,0.3550868917700342,-0.14358254325763492,0.3460072924123111,-0.8631440989350156,0.5759790124197459,0.6823729369404408,21,False,1.0,16
assignment_weighted_ratios,cost_population,Upper+Large,ineligible_minus_eligible,0.005829889158301272,0.2575849934135663,-0.2730348077252567,0.23385946744843245,-0.7593721939516589,0.21330257850114553,0.25608763059850076,21,False,1.0,16
block_wls,cost_eligible,Control,ineligible_minus_eligible,0.007475667680962086,0.21764334517128595,-0.174438566388156,0.18004802230356032,-0.5290638077588148,0.18018667498250276,0.33357041805573107,247,False,1.0,32
block_wls,cost_eligible,Lower,ineligible_minus_eligible,0.008073866304837224,0.2547196561555191,0.6521688202591895,0.22075862525009401,0.21735937463263055,1.0869782658857485,0.00343732191250318,247,False,0.1031196573750954,32
block_wls,cost_eligible,Middle,ineligible_minus_eligible,0.0045299575750350155,0.3347895569518013,-0.22335856163724552,0.32097372523917495,-0.855553146894465,0.40883602361997395,0.4871594606273275,247,False,1.0,32
block_wls,cost_eligible,Upper,ineligible_minus_eligible,0.01121117148548434,0.2841097056067921,-0.3581385352941935,0.2414456084690906,-0.8336933683091168,0.11741629772072987,0.1392670786865556,247,False,1.0,32
block_wls,cost_eligible,Control+Large,ineligible_minus_eligible,0.00673542823899092,0.20311780744159016,0.05947794801145062,0.1666912931796291,-0.2688396825957271,0.38779557861862834,0.7215349680543219,247,False,1.0,32
block_wls,cost_eligible,Lower+Large,ineligible_minus_eligible,0.007322936897390039,0.23391160908127212,0.6744376831271941,0.20017184384475703,0.2801762659183194,1.0686991003360689,0.0008742241888285595,247,False,0.027100949853685344,32
block_wls,cost_eligible,Middle+Large,ineligible_minus_eligible,0.0045419387368788875,0.318183410895747,-0.15401919577587678,0.3035733939189896,-0.7519418317197816,0.4439034401680281,0.6123590985259851,247,False,1.0,32
block_wls,cost_eligible,Upper+Large,ineligible_minus_eligible,0.011103466238450434,0.2825580505752477,-0.34866541232727355,0.24006690623237378,-0.8215047330737553,0.12417390841920817,0.14766850621730102,247,False,1.0,32
block_wls,cost_population,Control,ineligible_minus_eligible,0.007475667680962086,0.21764334517128595,-0.174438566388156,0.18004802230356032,-0.5290638077588148,0.18018667498250276,0.33357041805573107,247,False,1.0,32
block_wls,cost_population,Lower,ineligible_minus_eligible,0.008073866304837224,0.2547196561555191,0.6521688202591895,0.22075862525009401,0.21735937463263055,1.0869782658857485,0.00343732191250318,247,False,0.1031196573750954,32
block_wls,cost_population,Middle,ineligible_minus_eligible,0.0045299575750350155,0.3347895569518013,-0.22335856163724552,0.32097372523917495,-0.855553146894465,0.40883602361997395,0.4871594606273275,247,False,1.0,32
block_wls,cost_population,Upper,ineligible_minus_eligible,0.01121117148548434,0.2841097056067921,-0.3581385352941935,0.2414456084690906,-0.8336933683091168,0.11741629772072987,0.1392670786865556,247,False,1.0,32
block_wls,cost_population,Control+Large,ineligible_minus_eligible,0.006709348208946023,0.20243352184776023,0.09920256097947622,0.16601395829807677,-0.22778098085079573,0.42618610280974817,0.5506839637445274,247,False,1.0,32
block_wls,cost_population,Lower+Large,ineligible_minus_eligible,0.0072315041962109985,0.23083225711858565,0.6785469300926588,0.19702924283983542,0.2904752261927314,1.066618633992586,0.0006734654127657328,247,False,0.02155089320850345,32
block_wls,cost_population,Middle+Large,ineligible_minus_eligible,0.0045604838568481,0.3126855819685338,-0.13008018094209392,0.29774369087741304,-0.7165205477569728,0.45636018587278493,0.662575396576584,247,False,1.0,32
block_wls,cost_population,Upper+Large,ineligible_minus_eligible,0.010973906614265679,0.28067800386995173,-0.3370605306927972,0.23839532006289316,-0.8066074706553096,0.13248640926971522,0.15865855011276397,247,False,1.0,32
baseline_ancova,cost_eligible,Control,ineligible_minus_eligible,0.004887223030188361,0.1927280058941062,-0.1436880400033832,0.16543771696787257,-0.4695366084071385,0.1821605284003721,0.38594597863076624,247,False,1.0,32
baseline_ancova,cost_eligible,Lower,ineligible_minus_eligible,0.0017526839766505505,0.2399440718602776,0.5164380793355268,0.23252481516515386,0.05845377243997735,0.9744223862310761,0.027258261073241558,247,False,0.7087147879042806,32
baseline_ancova,cost_eligible,Middle,ineligible_minus_eligible,0.0013306914949941563,0.298158347925692,-0.25155517823251816,0.2936613993152482,-0.829955003351597,0.3268446468865607,0.39248720282957766,247,False,1.0,32
baseline_ancova,cost_eligible,Upper,ineligible_minus_eligible,0.002233507676608322,0.29419415542424654,-0.06938959382068499,0.28650163303647863,-0.6336874376334357,0.49490824999206573,0.8088291477235235,247,False,1.0,32
baseline_ancova,cost_eligible,Control+Large,ineligible_minus_eligible,0.0043051808335629735,0.18033153277128053,0.08189144884620603,0.154625677183686,-0.22266156646498692,0.38644446415739897,0.5968574080532064,247,False,1.0,32
baseline_ancova,cost_eligible,Lower+Large,ineligible_minus_eligible,0.002132568123377852,0.21814566432780091,0.5588596980913142,0.2081403243445678,0.148903444113622,0.9688159520690064,0.007743926164827938,247,False,0.20908600645035433,32
baseline_ancova,cost_eligible,Middle+Large,ineligible_minus_eligible,0.0014865075753896706,0.28313446968590766,-0.1805662391243775,0.2778346860518694,-0.7277935362738507,0.36666105802509563,0.51635735165848,247,False,1.0,32
baseline_ancova,cost_eligible,Upper+Large,ineligible_minus_eligible,0.0022357004537560668,0.2923730001832996,-0.062314719494060186,0.2846235589839175,-0.6229134809415596,0.4982840419534392,0.8268796740693547,247,False,1.0,32
baseline_ancova,cost_population,Control,ineligible_minus_eligible,0.004887223030188361,0.1927280058941062,-0.1436880400033832,0.16543771696787257,-0.4695366084071385,0.1821605284003721,0.38594597863076624,247,False,1.0,32
baseline_ancova,cost_population,Lower,ineligible_minus_eligible,0.0017526839766505505,0.2399440718602776,0.5164380793355268,0.23252481516515386,0.05845377243997735,0.9744223862310761,0.027258261073241558,247,False,0.7087147879042806,32
baseline_ancova,cost_population,Middle,ineligible_minus_eligible,0.0013306914949941563,0.298158347925692,-0.25155517823251816,0.2936613993152482,-0.829955003351597,0.3268446468865607,0.39248720282957766,247,False,1.0,32
baseline_ancova,cost_population,Upper,ineligible_minus_eligible,0.002233507676608322,0.29419415542424654,-0.06938959382068499,0.28650163303647863,-0.6336874376334357,0.49490824999206573,0.8088291477235235,247,False,1.0,32
baseline_ancova,cost_population,Control+Large,ineligible_minus_eligible,0.004290598057733464,0.18011507801953955,0.12020023568443042,0.1544676186600865,-0.18404146522649842,0.4244419365953592,0.43722055012116673,247,False,1.0,32
baseline_ancova,cost_population,Lower+Large,ineligible_minus_eligible,0.0022255517530440153,0.21489849705500472,0.5666877093003094,0.2042798583571367,0.16433508609334474,0.9690403325072741,0.005958660943926966,247,False,0.16684250642995505,32
baseline_ancova,cost_population,Middle+Large,ineligible_minus_eligible,0.0015504267150613573,0.27819013249696256,-0.15605771867234544,0.27255989504795985,-0.6928957096300105,0.38078027228531963,0.5674613966942401,247,False,1.0,32
baseline_ancova,cost_population,Upper+Large,ineligible_minus_eligible,0.0022394076185176513,0.29016093645793467,-0.053647769911965695,0.28233765921164383,-0.6097441894391249,0.5024486496151934,0.8494551623370198,247,False,1.0,32
