eligible,scope,arm,estimate,block_se,asymptotic_bonferroni_lower,asymptotic_bonferroni_upper,asymptotic_critical
0,identified_diets,Control,4.816681212128357,0.1507224317687723,4.261848745283294,5.371513678973419,3.6811538955014123
0,identified_diets,Gikuriro,4.882894035164137,0.15761076700363447,4.302704546235742,5.463083524092531,3.6811538955014123
0,identified_diets,Lower,4.351002840217652,0.17557601926086902,3.704680492958873,4.997325187476431,3.6811538955014123
0,identified_diets,Middle,4.6028866387643275,0.18757560880812488,3.9123919556992495,5.293381321829405,3.6811538955014123
0,identified_diets,Upper,5.322539730126974,0.2111190593296506,4.545377982461037,6.099701477792911,3.6811538955014123
0,identified_diets,Large,4.336480430774992,0.17810343646145646,3.680854271842713,4.99210658970727,3.6811538955014123
0,lower_endpoint,Control,4.647882989486987,0.1707197511395879,4.019437312540461,5.276328666433512,3.6811538955014123
0,lower_endpoint,Gikuriro,4.694838577081405,0.16817521185122966,4.075759740848476,5.313917413314334,3.6811538955014123
0,lower_endpoint,Lower,4.280474465577467,0.18098715750900696,3.6142328856774584,4.9467160454774755,3.6811538955014123
0,lower_endpoint,Middle,4.553496202802821,0.19283117384128134,3.843654976042878,5.263337429562764,3.6811538955014123
0,lower_endpoint,Upper,5.20899620033782,0.23375815184372545,4.34849646907308,6.06949593160256,3.6811538955014123
0,lower_endpoint,Large,4.208889768831051,0.190107336266147,3.5090754073715273,4.908704130290575,3.6811538955014123
0,upper_endpoint,Control,5.038245286903154,0.1581011012855329,4.4562508020228515,5.620239771783457,3.6811538955014123
0,upper_endpoint,Gikuriro,5.156995953576045,0.15363838797221982,4.591429403193551,5.722562503958539,3.6811538955014123
0,upper_endpoint,Lower,4.582851917839293,0.24552928361579518,3.679020838997338,5.486682996681249,3.6811538955014123
0,upper_endpoint,Middle,4.682260015178006,0.20088764884176255,3.942761664086032,5.42175836626998,3.6811538955014123
0,upper_endpoint,Upper,5.522921227084752,0.23434987812954028,4.660243260297913,6.385599193871591,3.6811538955014123
0,upper_endpoint,Large,4.561961336377284,0.20057793909780136,3.823603074515768,5.300319598238801,3.6811538955014123
1,identified_diets,Control,4.874818079754252,0.13196792923594597,4.389023822966095,5.36061233654241,3.6811538955014123
1,identified_diets,Gikuriro,5.029335065650604,0.12414998719425234,4.5723198566640315,5.486350274637176,3.6811538955014123
1,identified_diets,Lower,5.2504411829833355,0.16467453876345853,4.644248863124332,5.856633502842339,3.6811538955014123
1,identified_diets,Middle,4.503452128501066,0.2535843283763619,3.569969190260312,5.43693506674182,3.6811538955014123
1,identified_diets,Upper,5.17464232869284,0.16752713582884318,4.557949160034299,5.79133549735138,3.6811538955014123
1,identified_diets,Large,5.356934694889162,0.13071945559106787,4.875736261722278,5.838133128056046,3.6811538955014123
1,lower_endpoint,Control,4.751633867419864,0.13029665410962624,4.271991831573414,5.231275903266314,3.6811538955014123
1,lower_endpoint,Gikuriro,4.91286658968149,0.12826401040399182,4.440707028130201,5.385026151232778,3.6811538955014123
1,lower_endpoint,Lower,5.065723524982744,0.18954316034903768,4.367985981898235,5.763461068067253,3.6811538955014123
1,lower_endpoint,Middle,4.4125312268394845,0.25023021639827264,3.4913952909728216,5.333667162706147,3.6811538955014123
1,lower_endpoint,Upper,5.191979522355594,0.1673832540737307,4.5758160045803775,5.808143040130811,3.6811538955014123
1,lower_endpoint,Large,5.2649645065055175,0.12939313008606826,4.788648481638067,5.7412805313729685,3.6811538955014123
1,upper_endpoint,Control,5.094023817956708,0.14185236331543785,4.571843438152002,5.616204197761413,3.6811538955014123
1,upper_endpoint,Gikuriro,5.197656463643615,0.12620342495797188,4.733082234233957,5.6622306930532735,3.6811538955014123
1,upper_endpoint,Lower,5.487899837173638,0.17202763465094925,4.854639639744402,6.121160034602873,3.6811538955014123
1,upper_endpoint,Middle,4.654801109766412,0.26435512278683604,3.6816692197238963,5.627932999808928,3.6811538955014123
1,upper_endpoint,Upper,5.2036811313567535,0.16855807915360305,4.583192901662232,5.824169361051275,3.6811538955014123
1,upper_endpoint,Large,5.482326440411304,0.130002145544549,5.003768535916446,5.960884344906162,3.6811538955014123
