scenario,budget,policy,cash_gain,GK_minus_cash,fitted_best,cost,large_share
relative_g0.75_cash0.75,93.365776062,Control,0.0,0.2552545156246693,False,0.0,0.0
relative_g0.75_cash0.75,93.365776062,Lower,0.352626391327992,-0.09737187570332273,False,40.182832717875,0.0
relative_g0.75_cash0.75,93.365776062,Middle,-0.1833558636716578,0.43861037929632707,False,71.897197723425,0.0
relative_g0.75_cash0.75,93.365776062,Upper,0.3479574345400387,-0.09270291891536941,False,90.9306964875,0.0
relative_g0.75_cash0.75,93.365776062,Control+Large,0.13101835657949382,0.12423615904517546,False,93.365776062,0.2405860225582557
relative_g0.75_cash0.75,93.365776062,Lower+Large,0.38197059629925556,-0.12671608067458628,True,93.365776062,0.15287127031638492
relative_g0.75_cash0.75,93.365776062,Middle+Large,-0.13392900062847718,0.38918351625314646,False,93.365776062,0.06790001667492765
relative_g0.75_cash0.75,93.365776062,Upper+Large,0.3495687372439059,-0.09431422161923664,False,93.365776062,0.008194898712296254
relative_g0.75_cash0.9,93.365776062,Control,0.0,0.2552545156246693,False,0.0,0.0
relative_g0.75_cash0.9,93.365776062,Lower,0.352626391327992,-0.09737187570332273,False,48.21939926145,0.0
relative_g0.75_cash0.9,93.365776062,Middle,-0.1833558636716578,0.43861037929632707,False,86.27663726811,0.0
relative_g0.75_cash0.9,93.365776062,Control+Upper,0.29772963703222793,-0.04247512140755866,False,93.365776062,0.0
relative_g0.75_cash0.9,93.365776062,Control+Large,0.10918196381624484,0.14607255180842443,False,93.365776062,0.20048835213187977
relative_g0.75_cash0.9,93.365776062,Lower+Upper,0.3491650554418269,-0.09391053981715763,False,93.365776062,0.0
relative_g0.75_cash0.9,93.365776062,Lower+Large,0.3733846841696947,-0.11813016854502545,True,93.365776062,0.10814219023545657
relative_g0.75_cash0.9,93.365776062,Middle+Upper,-0.018446889203818997,0.27370140482848826,False,93.365776062,0.0
relative_g0.75_cash0.9,93.365776062,Middle+Large,-0.16975482751493398,0.42500934313960326,False,93.36577606200001,0.01868438587799995
relative_g0.75_cash1.0,93.365776062,Control,0.0,0.2552545156246693,False,0.0,0.0
relative_g0.75_cash1.0,93.365776062,Lower,0.352626391327992,-0.09737187570332273,False,53.5771102905,0.0
relative_g0.75_cash1.0,93.365776062,Control+Middle,-0.17857958706273366,0.43383410268740297,False,93.365776062,0.0
relative_g0.75_cash1.0,93.365776062,Control+Upper,0.2679566733290052,-0.012702157704335915,False,93.365776062,0.0
relative_g0.75_cash1.0,93.365776062,Control+Large,0.09826376743462036,0.15699074819004893,False,93.365776062,0.18043951691869178
relative_g0.75_cash1.0,93.365776062,Lower+Middle,-0.15170387351974912,0.4069583891444184,False,93.365776062,0.0
relative_g0.75_cash1.0,93.365776062,Lower+Upper,0.34988088323162003,-0.09462636760695076,False,93.36577606200001,0.0
relative_g0.75_cash1.0,93.365776062,Lower+Large,0.3690917281049143,-0.11383721248024503,True,93.36577606199998,0.08577765019499237
relative_g0.75_cash1.1,93.365776062,Control,0.0,0.2552545156246693,False,0.0,0.0
relative_g0.75_cash1.1,93.365776062,Lower,0.352626391327992,-0.09737187570332273,False,58.934821319550004,0.0
relative_g0.75_cash1.1,93.365776062,Control+Middle,-0.1623450791479397,0.417599594772609,False,93.365776062,0.0
relative_g0.75_cash1.1,93.365776062,Control+Upper,0.24359697575364103,0.011657539871028244,False,93.365776062,0.0
relative_g0.75_cash1.1,93.365776062,Control+Large,0.08933069766783669,0.1659238179568326,False,93.365776062,0.16403592447153797
relative_g0.75_cash1.1,93.365776062,Lower+Middle,-0.04411913194928721,0.29937364757395646,False,93.365776062,0.0
relative_g0.75_cash1.1,93.365776062,Lower+Upper,0.350466560514178,-0.09521204488950874,False,93.365776062,0.0
relative_g0.75_cash1.1,93.365776062,Lower+Large,0.36557930950645756,-0.11032479388178829,True,93.36577606199998,0.06747939016188528
relative_g0.75_cash1.25,93.365776062,Control,0.0,0.2552545156246693,False,0.0,0.0
relative_g0.75_cash1.25,93.365776062,Lower,0.352626391327992,-0.09737187570332273,False,66.971387863125,0.0
relative_g0.75_cash1.25,93.365776062,Control+Middle,-0.14286366965018696,0.3981181852748562,False,93.365776062,0.0
relative_g0.75_cash1.25,93.365776062,Control+Upper,0.21436533866320415,0.04088917696146513,False,93.365776062,0.0
relative_g0.75_cash1.25,93.365776062,Control+Large,0.07861101394769629,0.17664350167697299,False,93.365776062,0.14435161353495343
relative_g0.75_cash1.25,93.365776062,Lower+Middle,0.08498255793526677,0.1702719576894025,False,93.365776062,0.0
relative_g0.75_cash1.25,93.365776062,Lower+Upper,0.35116937325324765,-0.09591485762857838,False,93.365776062,0.0
relative_g0.75_cash1.25,93.365776062,Lower+Large,0.36136440718830953,-0.10610989156364026,True,93.365776062,0.045521478122156823
relative_g0.9_cash0.75,112.0389312744,Control,0.0,0.2552545156246693,False,0.0,0.0
relative_g0.9_cash0.75,112.0389312744,Lower,0.352626391327992,-0.09737187570332273,False,40.182832717875,0.0
relative_g0.9_cash0.75,112.0389312744,Middle,-0.1833558636716578,0.43861037929632707,False,71.897197723425,0.0
relative_g0.9_cash0.75,112.0389312744,Upper,0.3479574345400387,-0.09270291891536941,False,90.9306964875,0.0
relative_g0.9_cash0.75,112.0389312744,Control+Large,0.15722202789539258,0.0980324877292767,False,112.0389312744,0.28870322706990686
relative_g0.9_cash0.75,112.0389312744,Lower+Large,0.3922736908547286,-0.1370191752300593,True,112.0389312744,0.20654616641349902
relative_g0.9_cash0.75,112.0389312744,Middle+Large,-0.09093800836472897,0.34619252398939826,False,112.0389312744,0.12695877363124092
relative_g0.9_cash0.75,112.0389312744,Upper+Large,0.36192484494508914,-0.10667032932041987,False,112.0389312744,0.07103662972062526
relative_g0.9_cash0.9,112.0389312744,Control,0.0,0.2552545156246693,False,0.0,0.0
relative_g0.9_cash0.9,112.0389312744,Lower,0.352626391327992,-0.09737187570332273,False,48.21939926145,0.0
relative_g0.9_cash0.9,112.0389312744,Middle,-0.1833558636716578,0.43861037929632707,False,86.27663726811,0.0
relative_g0.9_cash0.9,112.0389312744,Upper,0.3479574345400387,-0.09270291891536941,False,109.116835785,0.0
relative_g0.9_cash0.9,112.0389312744,Control+Large,0.13101835657949382,0.12423615904517546,False,112.0389312744,0.24058602255825573
relative_g0.9_cash0.9,112.0389312744,Lower+Large,0.38197059629925556,-0.12671608067458628,True,112.0389312744,0.15287127031638498
relative_g0.9_cash0.9,112.0389312744,Middle+Large,-0.13392900062847712,0.3891835162531464,False,112.0389312744,0.06790001667492768
relative_g0.9_cash0.9,112.0389312744,Upper+Large,0.3495687372439059,-0.09431422161923664,False,112.0389312744,0.008194898712296256
relative_g0.9_cash1.0,112.0389312744,Control,0.0,0.2552545156246693,False,0.0,0.0
relative_g0.9_cash1.0,112.0389312744,Lower,0.352626391327992,-0.09737187570332273,False,53.5771102905,0.0
relative_g0.9_cash1.0,112.0389312744,Middle,-0.1833558636716578,0.43861037929632707,False,95.8629302979,0.0
relative_g0.9_cash1.0,112.0389312744,Control+Upper,0.3215480079948062,-0.06629349237013693,False,112.0389312744,0.0
relative_g0.9_cash1.0,112.0389312744,Control+Large,0.11791652092154445,0.13733799470312483,False,112.0389312744,0.21652742030243016
relative_g0.9_cash1.0,112.0389312744,Lower+Upper,0.34859239320999236,-0.09333787758532308,False,112.0389312744,0.0
relative_g0.9_cash1.0,112.0389312744,Lower+Large,0.3768190490215191,-0.1215645333968498,True,112.0389312744,0.12603382226782794
relative_g0.9_cash1.0,112.0389312744,Middle+Upper,0.15530458982264436,0.09994992580202491,False,112.0389312744,0.0
relative_g0.9_cash1.0,112.0389312744,Middle+Large,-0.15542449676035125,0.4106790123850205,False,112.0389312744,0.03837063819677105
relative_g0.9_cash1.1,112.0389312744,Control,0.0,0.2552545156246693,False,0.0,0.0
relative_g0.9_cash1.1,112.0389312744,Lower,0.352626391327992,-0.09737187570332273,False,58.934821319550004,0.0
relative_g0.9_cash1.1,112.0389312744,Middle,-0.1833558636716578,0.43861037929632707,False,105.44922332769,0.0
relative_g0.9_cash1.1,112.0389312744,Control+Upper,0.29231637090436924,-0.03706185527969996,False,112.0389312744,0.0
relative_g0.9_cash1.1,112.0389312744,Control+Large,0.10719683720140402,0.14805767842326525,False,112.0389312744,0.19684310936584556
relative_g0.9_cash1.1,112.0389312744,Lower+Upper,0.349295205949062,-0.09404069032439272,False,112.03893127439999,0.0
relative_g0.9_cash1.1,112.0389312744,Lower+Large,0.372604146703371,-0.11734963107870172,True,112.0389312744,0.10407591022809942
relative_g0.9_cash1.1,112.0389312744,Middle+Upper,-0.05793586170983352,0.3131903773345028,False,112.0389312744,0.0
relative_g0.9_cash1.1,112.0389312744,Middle+Large,-0.17301172086824826,0.4282662364929175,False,112.0389312744,0.014210237623733772
relative_g0.9_cash1.25,112.0389312744,Control,0.0,0.2552545156246693,False,0.0,0.0
relative_g0.9_cash1.25,112.0389312744,Lower,0.352626391327992,-0.09737187570332273,False,66.971387863125,0.0
relative_g0.9_cash1.25,112.0389312744,Control+Middle,-0.17143640358022433,0.4266909192048936,False,112.0389312744,0.0
relative_g0.9_cash1.25,112.0389312744,Control+Upper,0.25723840639584494,-0.001983890771175667,False,112.0389312744,0.0
relative_g0.9_cash1.25,112.0389312744,Control+Large,0.09433321673723556,0.16092129888743373,False,112.03893127440001,0.17322193624194415
relative_g0.9_cash1.25,112.0389312744,Lower+Middle,-0.10436658722874595,0.3596211028534152,False,112.0389312744,0.0
relative_g0.9_cash1.25,112.0389312744,Lower+Upper,0.35013858123594555,-0.09488406561127627,False,112.0389312744,0.0
relative_g0.9_cash1.25,112.0389312744,Lower+Large,0.36754626392159334,-0.11229174829692407,True,112.0389312744,0.07772641578042527
relative_g1.0_cash0.75,124.487701416,Control,0.0,0.2552545156246693,False,0.0,0.0
relative_g1.0_cash0.75,124.487701416,Lower,0.352626391327992,-0.09737187570332273,False,40.182832717875,0.0
relative_g1.0_cash0.75,124.487701416,Middle,-0.1833558636716578,0.43861037929632707,False,71.897197723425,0.0
relative_g1.0_cash0.75,124.487701416,Upper,0.3479574345400387,-0.09270291891536941,False,90.9306964875,0.0
relative_g1.0_cash0.75,124.487701416,Control+Large,0.17469114210599174,0.08056337351867754,False,124.487701416,0.3207813634110076
relative_g1.0_cash0.75,124.487701416,Lower+Large,0.39914242055837723,-0.14388790493370796,True,124.48770141599998,0.24232943047824168
relative_g1.0_cash0.75,124.487701416,Middle+Large,-0.062277346855563576,0.31753186248023285,False,124.487701416,0.16633127826878305
relative_g1.0_cash0.75,124.487701416,Upper+Large,0.3701622500792113,-0.114907734454542,False,124.487701416,0.11293111705951123
relative_g1.0_cash0.9,124.487701416,Control,0.0,0.2552545156246693,False,0.0,0.0
relative_g1.0_cash0.9,124.487701416,Lower,0.352626391327992,-0.09737187570332273,False,48.21939926145,0.0
relative_g1.0_cash0.9,124.487701416,Middle,-0.1833558636716578,0.43861037929632707,False,86.27663726811,0.0
relative_g1.0_cash0.9,124.487701416,Upper,0.3479574345400387,-0.09270291891536941,False,109.116835785,0.0
relative_g1.0_cash0.9,124.487701416,Control+Large,0.14557595175499313,0.10967856386967614,False,124.48770141599998,0.26731780284250634
relative_g1.0_cash0.9,124.487701416,Lower+Large,0.38769453771896284,-0.13244002209429356,True,124.487701416,0.18269065703700385
relative_g1.0_cash0.9,124.487701416,Middle+Large,-0.11004511603750596,0.3652996316621752,False,124.487701416,0.1007104372062128
relative_g1.0_cash0.9,124.487701416,Upper+Large,0.35643324152234107,-0.1011787258976718,False,124.487701416,0.04310697149470124
relative_g1.0_cash1.0,124.487701416,Control,0.0,0.2552545156246693,False,0.0,0.0
relative_g1.0_cash1.0,124.487701416,Lower,0.352626391327992,-0.09737187570332273,False,53.5771102905,0.0
relative_g1.0_cash1.0,124.487701416,Middle,-0.1833558636716578,0.43861037929632707,False,95.8629302979,0.0
relative_g1.0_cash1.0,124.487701416,Upper,0.3479574345400387,-0.09270291891536941,False,121.24092865,0.0
relative_g1.0_cash1.0,124.487701416,Control+Large,0.13101835657949382,0.12423615904517546,False,124.487701416,0.24058602255825573
relative_g1.0_cash1.0,124.487701416,Lower+Large,0.38197059629925556,-0.12671608067458628,True,124.487701416,0.15287127031638495
relative_g1.0_cash1.0,124.487701416,Middle+Large,-0.13392900062847718,0.38918351625314646,False,124.48770141600001,0.06790001667492766
relative_g1.0_cash1.0,124.487701416,Upper+Large,0.3495687372439059,-0.09431422161923664,False,124.487701416,0.008194898712296256
relative_g1.0_cash1.1,124.487701416,Control,0.0,0.2552545156246693,False,0.0,0.0
relative_g1.0_cash1.1,124.487701416,Lower,0.352626391327992,-0.09737187570332273,False,58.934821319550004,0.0
relative_g1.0_cash1.1,124.487701416,Middle,-0.1833558636716578,0.43861037929632707,False,105.44922332769,0.0
relative_g1.0_cash1.1,124.487701416,Control+Upper,0.32479596767152136,-0.06954145204685208,False,124.487701416,0.0
relative_g1.0_cash1.1,124.487701416,Control+Large,0.11910759689044892,0.13614691873422036,False,124.487701416,0.21871456596205063
relative_g1.0_cash1.1,124.487701416,Lower+Upper,0.34851430290565133,-0.09325978728098205,False,124.487701416,0.0
relative_g1.0_cash1.1,124.487701416,Lower+Large,0.3772873715013133,-0.12203285587664403,True,124.487701416,0.12847359027224217
relative_g1.0_cash1.1,124.487701416,Middle+Upper,0.1789979733262525,0.07625654229841677,False,124.487701416,0.0
relative_g1.0_cash1.1,124.487701416,Middle+Large,-0.1534703607483627,0.408724876373032,False,124.487701416,0.041055127149330684
relative_g1.0_cash1.25,124.487701416,Control,0.0,0.2552545156246693,False,0.0,0.0
relative_g1.0_cash1.25,124.487701416,Lower,0.352626391327992,-0.09737187570332273,False,66.971387863125,0.0
relative_g1.0_cash1.25,124.487701416,Middle,-0.1833558636716578,0.43861037929632707,False,119.82866287237499,0.0
relative_g1.0_cash1.25,124.487701416,Control+Upper,0.2858204515509388,-0.03056593592626955,False,124.487701416,0.0
relative_g1.0_cash1.25,124.487701416,Control+Large,0.10481468526359507,0.15043983036107422,False,124.487701416,0.1924688180466046
relative_g1.0_cash1.25,124.487701416,Lower+Upper,0.3494513865577441,-0.09419687093307483,False,124.48770141600001,0.0
relative_g1.0_cash1.25,124.487701416,Lower+Large,0.37166750174378255,-0.11641298611911327,True,124.487701416,0.09919637421927088
relative_g1.0_cash1.25,124.487701416,Middle+Upper,-0.10532262871705056,0.36057714434171984,False,124.487701416,0.0
relative_g1.0_cash1.25,124.487701416,Middle+Large,-0.17691999289222532,0.4321745085168946,False,124.487701416,0.008841259718614406
relative_g1.1_cash0.75,136.93647155760002,Control,0.0,0.2552545156246693,False,0.0,0.0
relative_g1.1_cash0.75,136.93647155760002,Lower,0.352626391327992,-0.09737187570332273,False,40.182832717875,0.0
relative_g1.1_cash0.75,136.93647155760002,Middle,-0.1833558636716578,0.43861037929632707,False,71.897197723425,0.0
relative_g1.1_cash0.75,136.93647155760002,Upper,0.3479574345400387,-0.09270291891536941,False,90.9306964875,0.0
relative_g1.1_cash0.75,136.93647155760002,Control+Large,0.19216025631659098,0.0630942593080783,False,136.93647155760002,0.35285949975210845
relative_g1.1_cash0.75,136.93647155760002,Lower+Large,0.40601115026202594,-0.15075663463735667,True,136.93647155760002,0.2781126945429845
relative_g1.1_cash0.75,136.93647155760002,Middle+Large,-0.03361668534639804,0.28887120097106733,False,136.93647155760002,0.2057037829063253
relative_g1.1_cash0.75,136.93647155760002,Upper+Large,0.3783996552133334,-0.12314513958866413,False,136.93647155760002,0.1548256043983973
relative_g1.1_cash0.9,136.93647155760002,Control,0.0,0.2552545156246693,False,0.0,0.0
relative_g1.1_cash0.9,136.93647155760002,Lower,0.352626391327992,-0.09737187570332273,False,48.21939926145,0.0
relative_g1.1_cash0.9,136.93647155760002,Middle,-0.1833558636716578,0.43861037929632707,False,86.27663726811,0.0
relative_g1.1_cash0.9,136.93647155760002,Upper,0.3479574345400387,-0.09270291891536941,False,109.116835785,0.0
relative_g1.1_cash0.9,136.93647155760002,Control+Large,0.16013354693049248,0.0951209686941768,False,136.93647155760002,0.29404958312675705
relative_g1.1_cash0.9,136.93647155760002,Lower+Large,0.39341847913867,-0.13816396351400073,True,136.93647155760002,0.21251004375762284
relative_g1.1_cash0.9,136.93647155760002,Middle+Large,-0.0861612314465347,0.341415747071204,False,136.93647155760002,0.133520857737498
relative_g1.1_cash0.9,136.93647155760002,Upper+Large,0.3632977458007762,-0.1080432301761069,False,136.93647155760002,0.0780190442771063
relative_g1.1_cash1.0,136.93647155760002,Control,0.0,0.2552545156246693,False,0.0,0.0
relative_g1.1_cash1.0,136.93647155760002,Lower,0.352626391327992,-0.09737187570332273,False,53.5771102905,0.0
relative_g1.1_cash1.0,136.93647155760002,Middle,-0.1833558636716578,0.43861037929632707,False,95.8629302979,0.0
relative_g1.1_cash1.0,136.93647155760002,Upper,0.3479574345400387,-0.09270291891536941,False,121.24092865,0.0
relative_g1.1_cash1.0,136.93647155760002,Control+Large,0.14412019223744324,0.11113432338722604,False,136.93647155760002,0.26464462481408135
relative_g1.1_cash1.0,136.93647155760002,Lower+Large,0.38712214357699204,-0.13186762795232276,True,136.93647155760002,0.17970871836494204
relative_g1.1_cash1.0,136.93647155760002,Middle+Large,-0.11243350449660304,0.36768802012127233,False,136.93647155760002,0.09742939515308434
relative_g1.1_cash1.0,136.93647155760002,Upper+Large,0.3557467910944976,-0.10049227546982831,False,136.93647155760002,0.03961576421646081
relative_g1.1_cash1.1,136.93647155760002,Control,0.0,0.2552545156246693,False,0.0,0.0
relative_g1.1_cash1.1,136.93647155760002,Lower,0.352626391327992,-0.09737187570332273,False,58.934821319550004,0.0
relative_g1.1_cash1.1,136.93647155760002,Middle,-0.1833558636716578,0.43861037929632707,False,105.44922332769,0.0
relative_g1.1_cash1.1,136.93647155760002,Upper,0.3479574345400387,-0.09270291891536941,False,133.36502151500002,0.0
relative_g1.1_cash1.1,136.93647155760002,Control+Large,0.13101835657949382,0.12423615904517546,False,136.93647155760002,0.24058602255825573
relative_g1.1_cash1.1,136.93647155760002,Lower+Large,0.38197059629925556,-0.12671608067458628,True,136.93647155760002,0.15287127031638498
relative_g1.1_cash1.1,136.93647155760002,Middle+Large,-0.13392900062847718,0.38918351625314646,False,136.93647155760002,0.06790001667492766
relative_g1.1_cash1.1,136.93647155760002,Upper+Large,0.3495687372439059,-0.09431422161923664,False,136.93647155760002,0.008194898712296254
relative_g1.1_cash1.25,136.93647155760002,Control,0.0,0.2552545156246693,False,0.0,0.0
relative_g1.1_cash1.25,136.93647155760002,Lower,0.352626391327992,-0.09737187570332273,False,66.971387863125,0.0
relative_g1.1_cash1.25,136.93647155760002,Middle,-0.1833558636716578,0.43861037929632707,False,119.82866287237499,0.0
relative_g1.1_cash1.25,136.93647155760002,Control+Upper,0.31440249670603276,-0.05914798108136349,False,136.93647155760002,0.0
relative_g1.1_cash1.25,136.93647155760002,Control+Large,0.11529615378995459,0.1399583618347147,False,136.93647155760002,0.2117156998512651
relative_g1.1_cash1.25,136.93647155760002,Lower+Upper,0.3487641918795427,-0.09350967625487344,False,136.93647155760002,0.0
relative_g1.1_cash1.25,136.93647155760002,Lower+Large,0.37578873956597175,-0.12053422394130248,True,136.93647155760002,0.12066633265811655
relative_g1.1_cash1.25,136.93647155760002,Middle+Upper,0.10317914611470567,0.1520753695099636,False,136.93647155760002,0.0
relative_g1.1_cash1.25,136.93647155760002,Middle+Large,-0.15972359598672603,0.4149781116113953,False,136.93647155760002,0.03246476250113975
relative_g1.25_cash0.75,155.60962676999998,Control,0.0,0.2552545156246693,False,0.0,0.0
relative_g1.25_cash0.75,155.60962676999998,Lower,0.352626391327992,-0.09737187570332273,False,40.182832717875,0.0
relative_g1.25_cash0.75,155.60962676999998,Middle,-0.1833558636716578,0.43861037929632707,False,71.897197723425,0.0
relative_g1.25_cash0.75,155.60962676999998,Upper,0.3479574345400387,-0.09270291891536941,False,90.9306964875,0.0
relative_g1.25_cash0.75,155.60962676999998,Control+Large,0.21836392763248966,0.03689058799217962,False,155.60962676999998,0.4009767042637595
relative_g1.25_cash0.75,155.60962676999998,Lower+Large,0.4163142448174989,-0.16105972919282963,True,155.60962676999998,0.3317875906400984
relative_g1.25_cash0.75,155.60962676999998,Middle+Large,0.009374306917350028,0.24588020870731925,False,155.60962676999998,0.2647625398626384
relative_g1.25_cash0.75,155.60962676999998,Upper+Large,0.39075576291451664,-0.13550124728984736,False,155.60962676999998,0.21766733540672617
relative_g1.25_cash0.9,155.60962676999998,Control,0.0,0.2552545156246693,False,0.0,0.0
relative_g1.25_cash0.9,155.60962676999998,Lower,0.352626391327992,-0.09737187570332273,False,48.21939926145,0.0
relative_g1.25_cash0.9,155.60962676999998,Middle,-0.1833558636716578,0.43861037929632707,False,86.27663726811,0.0
relative_g1.25_cash0.9,155.60962676999998,Upper,0.3479574345400387,-0.09270291891536941,False,109.116835785,0.0
relative_g1.25_cash0.9,155.60962676999998,Control+Large,0.1819699396937414,0.07328457593092788,False,155.60962676999998,0.3341472535531329
relative_g1.25_cash0.9,155.60962676999998,Lower+Large,0.40200439126823084,-0.14674987564356157,True,155.60962676999998,0.25723912383855113
relative_g1.25_cash0.9,155.60962676999998,Middle+Large,-0.05033540456007797,0.30558992018474723,False,155.60962676999998,0.1827364885344256
relative_g1.25_cash0.9,155.60962676999998,Upper+Large,0.3735945022184288,-0.11833998659375955,False,155.60962676999998,0.1303871534507137
relative_g1.25_cash1.0,155.60962676999998,Control,0.0,0.2552545156246693,False,0.0,0.0
relative_g1.25_cash1.0,155.60962676999998,Lower,0.352626391327992,-0.09737187570332273,False,53.5771102905,0.0
relative_g1.25_cash1.0,155.60962676999998,Middle,-0.1833558636716578,0.43861037929632707,False,95.8629302979,0.0
relative_g1.25_cash1.0,155.60962676999998,Upper,0.3479574345400387,-0.09270291891536941,False,121.24092865,0.0
relative_g1.25_cash1.0,155.60962676999998,Control+Large,0.16377294572436726,0.09148156990030201,False,155.60962676999998,0.30073252819781965
relative_g1.25_cash1.0,155.60962676999998,Lower+Large,0.3948494644935968,-0.13959494886892754,True,155.60962676999998,0.2199648904377775
relative_g1.25_cash1.0,155.60962676999998,Middle+Large,-0.08019026029879196,0.3354447759234612,False,155.60962676999998,0.1417234628703192
relative_g1.25_cash1.0,155.60962676999998,Upper+Large,0.3650138718703849,-0.10975935624571564,False,155.60962676999998,0.08674706247270747
relative_g1.25_cash1.1,155.60962676999998,Control,0.0,0.2552545156246693,False,0.0,0.0
relative_g1.25_cash1.1,155.60962676999998,Lower,0.352626391327992,-0.09737187570332273,False,58.934821319550004,0.0
relative_g1.25_cash1.1,155.60962676999998,Middle,-0.1833558636716578,0.43861037929632707,False,105.44922332769,0.0
relative_g1.25_cash1.1,155.60962676999998,Upper,0.3479574345400387,-0.09270291891536941,False,133.36502151500002,0.0
relative_g1.25_cash1.1,155.60962676999998,Control+Large,0.14888449611306112,0.10637001951160815,False,155.60962676999998,0.27339320745256324
relative_g1.25_cash1.1,155.60962676999998,Lower+Large,0.388995433496169,-0.13374091787149972,True,155.60962676999998,0.18946779038259903
relative_g1.25_cash1.1,155.60962676999998,Middle+Large,-0.10461696044864893,0.3598714760733182,False,155.60962676999998,0.10816735096332297
relative_g1.25_cash1.1,155.60962676999998,Upper+Large,0.35799335613107636,-0.10273884050640708,False,155.60962676999998,0.0510415334907023
relative_g1.25_cash1.25,155.60962676999998,Control,0.0,0.2552545156246693,False,0.0,0.0
relative_g1.25_cash1.25,155.60962676999998,Lower,0.352626391327992,-0.09737187570332273,False,66.971387863125,0.0
relative_g1.25_cash1.25,155.60962676999998,Middle,-0.1833558636716578,0.43861037929632707,False,119.82866287237499,0.0
relative_g1.25_cash1.25,155.60962676999998,Upper,0.3479574345400387,-0.09270291891536941,False,151.5511608125,0.0
relative_g1.25_cash1.25,155.60962676999998,Control+Large,0.13101835657949382,0.12423615904517546,False,155.60962676999998,0.24058602255825573
relative_g1.25_cash1.25,155.60962676999998,Lower+Large,0.38197059629925556,-0.12671608067458628,True,155.60962676999998,0.15287127031638492
relative_g1.25_cash1.25,155.60962676999998,Middle+Large,-0.13392900062847718,0.38918351625314646,False,155.60962676999998,0.06790001667492762
relative_g1.25_cash1.25,155.60962676999998,Upper+Large,0.34956873724390597,-0.0943142216192367,False,155.60962676999998,0.008194898712296228
common_takeup_0.6,107.79839586418032,Control,0.0,0.2552545156246693,False,0.0,0.0
common_takeup_0.6,107.79839586418032,Lower,0.352626391327992,-0.09737187570332273,False,39.61199798586,0.0
common_takeup_0.6,107.79839586418032,Middle,-0.1833558636716578,0.43861037929632707,False,66.6539978028,0.0
common_takeup_0.6,107.79839586418032,Upper,0.3479574345400387,-0.09270291891536941,False,87.2579956056,0.0
common_takeup_0.6,107.79839586418032,Control+Large,0.17269691063372372,0.08255760499094555,False,107.79839586418032,0.3171194016027601
common_takeup_0.6,107.79839586418032,Lower+Large,0.3962089643086753,-0.14095444868400603,True,107.79839586418034,0.22704732678013057
common_takeup_0.6,107.79839586418032,Middle+Large,-0.07375792242821771,0.329012438052887,False,107.79839586418032,0.15055986926514134
common_takeup_0.6,107.79839586418032,Upper+Large,0.36394142953823533,-0.10868691391356605,False,107.79839586418032,0.0812927451270889
common_takeup_0.8,124.81919610109016,Control,0.0,0.2552545156246693,False,0.0,0.0
common_takeup_0.8,124.81919610109016,Lower,0.352626391327992,-0.09737187570332273,False,52.81599731448,0.0
common_takeup_0.8,124.81919610109016,Middle,-0.1833558636716578,0.43861037929632707,False,88.87199707040001,0.0
common_takeup_0.8,124.81919610109016,Upper,0.3479574345400387,-0.09270291891536941,False,116.34399414080002,0.0
common_takeup_0.8,124.81919610109016,Control+Large,0.14997363398803978,0.10528088163662949,False,124.81919610109016,0.27539316651325935
common_takeup_0.8,124.81919610109016,Lower+Large,0.3871430042112541,-0.1318884885865848,True,124.81919610109017,0.1798173937119945
common_takeup_0.8,124.81919610109016,Middle+Large,-0.11154039438186988,0.3667949100065392,False,124.81919610109016,0.09865630270798925
common_takeup_0.8,124.81919610109016,Upper+Large,0.35290381766925966,-0.09764930204459038,False,124.81919610109016,0.025156731034391592
common_takeup_1.0,141.839996338,Control,0.0,0.2552545156246693,False,0.0,0.0
common_takeup_1.0,141.839996338,Lower,0.352626391327992,-0.09737187570332273,False,66.0199966431,0.0
common_takeup_1.0,141.839996338,Middle,-0.1833558636716578,0.43861037929632707,False,111.089996338,0.0
common_takeup_1.0,141.839996338,Control+Upper,0.3393679689642437,-0.08411345333957443,False,141.839996338,0.0
common_takeup_1.0,141.839996338,Control+Large,0.13633966800062944,0.11891484762403984,False,141.839996338,0.25035742545955886
common_takeup_1.0,141.839996338,Lower+Upper,0.34816851045753516,-0.09291399483286589,False,141.839996338,0.0
common_takeup_1.0,141.839996338,Lower+Large,0.38170342815280134,-0.12644891252813206,True,141.839996338,0.15147943387111287
common_takeup_1.0,141.839996338,Middle+Upper,0.29241250156635645,-0.03715798594168718,False,141.839996338,0.0
common_takeup_1.0,141.839996338,Middle+Large,-0.13420987755406114,0.3894643931787304,False,141.839996338,0.06751416277369802
GK_avertable_share_0.0,141.839996338,Control,0.0,0.2552545156246693,False,0.0,0.0
GK_avertable_share_0.0,141.839996338,Lower,0.352626391327992,-0.09737187570332273,False,53.5771102905,0.0
GK_avertable_share_0.0,141.839996338,Middle,-0.1833558636716578,0.43861037929632707,False,95.8629302979,0.0
GK_avertable_share_0.0,141.839996338,Upper,0.3479574345400387,-0.09270291891536941,False,121.24092865,0.0
GK_avertable_share_0.0,141.839996338,Control+Large,0.14928095712318845,0.10597355850148082,False,141.839996338,0.27412121977095993
GK_avertable_share_0.0,141.839996338,Lower+Large,0.38915131910569506,-0.13389680348102578,True,141.839996338,0.19027989046081323
GK_avertable_share_0.0,141.839996338,Middle+Large,-0.10396650761653298,0.35922102324120225,False,141.839996338,0.10906090874602793
GK_avertable_share_0.0,141.839996338,Upper+Large,0.35818030378743315,-0.10292578816276388,False,141.839996338,0.0519923275933056
GK_avertable_share_0.3,133.1638449978965,Control,0.0,0.2552545156246693,False,0.0,0.0
GK_avertable_share_0.3,133.1638449978965,Lower,0.352626391327992,-0.09737187570332273,False,53.5771102905,0.0
GK_avertable_share_0.3,133.1638449978965,Middle,-0.1833558636716578,0.43861037929632707,False,95.8629302979,0.0
GK_avertable_share_0.3,133.1638449978965,Upper,0.3479574345400387,-0.09270291891536941,False,121.24092865,0.0
GK_avertable_share_0.3,133.1638449978965,Control+Large,0.1401496527687389,0.11510486285593038,False,133.1638449978965,0.2573536136678184
GK_avertable_share_0.3,133.1638449978965,Lower+Large,0.38556095609722557,-0.1303064404725563,True,133.1638449978965,0.17157557202590643
GK_avertable_share_0.3,133.1638449978965,Middle+Large,-0.11894776082061687,0.37420227644528614,False,133.1638449978965,0.08848045350896518
GK_avertable_share_0.3,133.1638449978965,Upper+Large,0.3538745185905549,-0.09862000296588563,False,133.1638449978965,0.03009360336189082
GK_avertable_share_0.6,124.48769365779297,Control,0.0,0.2552545156246693,False,0.0,0.0
GK_avertable_share_0.6,124.48769365779297,Lower,0.352626391327992,-0.09737187570332273,False,53.5771102905,0.0
GK_avertable_share_0.6,124.48769365779297,Middle,-0.1833558636716578,0.43861037929632707,False,95.8629302979,0.0
GK_avertable_share_0.6,124.48769365779297,Upper,0.3479574345400387,-0.09270291891536941,False,121.24092865,0.0
GK_avertable_share_0.6,124.48769365779297,Control+Large,0.13101834841428936,0.12423616721037992,False,124.48769365779297,0.24058600756467685
GK_avertable_share_0.6,124.48769365779297,Lower+Large,0.381970593088756,-0.12671607746408675,True,124.48769365779296,0.1528712535909996
GK_avertable_share_0.6,124.48769365779297,Middle+Large,-0.1339290140247008,0.3891835296493701,False,124.48769365779297,0.06789999827190239
GK_avertable_share_0.6,124.48769365779297,Upper+Large,0.34956873339367656,-0.09431421776900728,False,124.48769365779297,0.008194879130476002
GK_avertable_share_1.0,112.91949187098831,Control,0.0,0.2552545156246693,False,0.0,0.0
GK_avertable_share_1.0,112.91949187098831,Lower,0.352626391327992,-0.09737187570332273,False,53.5771102905,0.0
GK_avertable_share_1.0,112.91949187098831,Middle,-0.1833558636716578,0.43861037929632707,False,95.8629302979,0.0
GK_avertable_share_1.0,112.91949187098831,Control+Upper,0.324075187632554,-0.06882067200788472,False,112.91949187098831,0.0
GK_avertable_share_1.0,112.91949187098831,Control+Large,0.11884327594169,0.13641123968297927,False,112.91949187098831,0.21822919942715482
GK_avertable_share_1.0,112.91949187098831,Lower+Upper,0.34853163253354336,-0.09327711690887408,False,112.91949187098831,0.0
GK_avertable_share_1.0,112.91949187098831,Lower+Large,0.3771834424107968,-0.12192892678612754,True,112.91949187098831,0.1279321623444572
GK_avertable_share_1.0,112.91949187098831,Middle+Upper,0.17373998998137596,0.08151452564329331,False,112.91949187098831,0.0
GK_avertable_share_1.0,112.91949187098831,Middle+Large,-0.15390401829681266,0.40915853392148194,False,112.91949187098831,0.040459391289152075
