outcome,comparison,estimate,se_cr2,df_satterthwaite,p_cr2,lo_cr2,hi_cr2,effective_score_clusters,largest_variance_share,N,villages
diet_mean,Gikuriro,0.2552545156246774,0.13867229602004158,91.80608767369843,0.0688952769580089,-0.020168385176825288,0.53067741642618,28.033664452624368,0.09935484575347923,1728,248
diet_mean,Lower,0.3526263913280035,0.19640468763495633,28.779137446932978,0.08309743372479184,-0.049200245125711806,0.7544530277817187,10.126803547199035,0.2239512493943697,1728,248
diet_mean,Middle,-0.18335586367165138,0.2561953905287103,21.216979137809666,0.48198712381101855,-0.715811772751091,0.3491000454077883,3.85365411974637,0.4309891715548373,1728,248
diet_mean,Upper,0.347957434540039,0.18047111342295957,26.19582242102403,0.06475485571837827,-0.022871333490535495,0.7187862025706135,10.506366499037089,0.2646171491387794,1728,248
diet_mean,Large,0.5445800848541603,0.142456794726318,47.8723425184333,0.00038086188785525673,0.25813176859356207,0.8310284011147586,34.43445176016171,0.05533998947958685,1728,248
diet_mean,GK_minus_Control,0.2552545156246774,0.13867229602004158,91.80608767369843,0.0688952769580089,-0.020168385176825288,0.53067741642618,28.033664452624368,0.09935484575347923,1728,248
diet_mean,GK_minus_Lower,-0.09737187570332612,0.19713343190539645,28.86255069243136,0.6250875326941873,-0.5006384309738394,0.30589467956718724,10.921606049253578,0.19455109156206354,1728,248
diet_mean,GK_minus_Middle,0.43861037929632873,0.2526750154864477,23.15357359786179,0.09587854876833277,-0.08389594059949157,0.961116699192149,4.402149345050781,0.39721088008963157,1728,248
diet_mean,GK_minus_Upper,-0.09270291891536164,0.18671513080602345,26.684073987810944,0.6236115108217566,-0.4760230689427967,0.29061723111207344,10.941281235807581,0.2588211848093767,1728,248
diet_mean,GK_minus_Control+Large,0.12423615904517754,0.12620797066135067,96.71420749956512,0.32738665162355357,-0.1262610747858669,0.374733392876222,27.81521703361434,0.11044441669219085,1728,248
diet_mean,GK_minus_Lower+Large,-0.12671608067459172,0.17498107445900674,34.59778711255117,0.4738300170947088,-0.4820942307223796,0.22866206937319616,12.924207858594794,0.17589553963129997,1728,248
diet_mean,GK_minus_Middle+Large,0.38918351625314684,0.23854769311005472,24.652810684508697,0.11550160090459966,-0.10246572633942996,0.8808327588457237,4.585324027505533,0.38900896311447475,1728,248
diet_mean,GK_minus_Upper+Large,-0.09431422161922909,0.18562563781587008,26.856396074664623,0.6155394576087183,-0.4752818854636793,0.2866534422252211,11.010853202367372,0.25788427396283686,1728,248
shortfall_6,Gikuriro,0.021981590804758002,0.01665578442617603,91.64224927920546,0.19020351989725928,-0.01109995542836047,0.05506313703787648,32.74423146318525,0.08773241425627727,1728,248
shortfall_6,Lower,0.046711626611363986,0.021636476124643977,28.765881285589632,0.039336380524732685,0.0024444151085462537,0.09097883811418173,12.307611548380779,0.20798277510990085,1728,248
shortfall_6,Middle,-0.028957965501563526,0.031603045473139066,21.2060096253363,0.3698114163145397,-0.09464124180635318,0.03672531080322612,4.0157485017443255,0.41602198705833543,1728,248
shortfall_6,Upper,0.04534913971498195,0.02271295574596601,26.191375046924954,0.056358107205491184,-0.0013214121659523709,0.09201969159591628,7.3694053603247935,0.32762087155467323,1728,248
shortfall_6,Large,0.07321411943914871,0.016737648143381106,47.871300667990596,6.55794696636883e-05,0.03955848482331458,0.10686975405498284,28.49584183369323,0.09225978908880321,1728,248
shortfall_6,GK_minus_Control,0.021981590804758002,0.01665578442617603,91.64224927920546,0.19020351989725928,-0.01109995542836047,0.05506313703787648,32.74423146318525,0.08773241425627727,1728,248
shortfall_6,GK_minus_Lower,-0.024730035806605984,0.021654181156923608,28.792298374136244,0.2628444984743825,-0.06903169045019858,0.019571618836986607,12.059645507532538,0.21365978548251022,1728,248
shortfall_6,GK_minus_Middle,0.05093955630632153,0.031041405054353394,23.1760709606969,0.11429617806104678,-0.013247499144964155,0.11512661175760722,4.499238528997257,0.38595740775050386,1728,248
shortfall_6,GK_minus_Upper,-0.02336754891022395,0.023320348814237432,26.694444067493162,0.3253290987384056,-0.07124259297701328,0.024507495156565386,7.520872281051718,0.3230095233918695,1728,248
shortfall_6,GK_minus_Control+Large,0.00436729701378814,0.015084359431631437,96.5809071237702,0.7728003793210061,-0.025572621614241325,0.0343072156418176,31.758248454365386,0.09861424830381829,1728,248
shortfall_6,GK_minus_Lower+Large,-0.02878150555174032,0.019484274423379064,34.51016047645069,0.14869965807902086,-0.06835676548272161,0.010793754379240975,14.332073015131796,0.19435356321961375,1728,248
shortfall_6,GK_minus_Middle+Large,0.04400207003513504,0.02930335122832954,24.67795090051478,0.14588734607638004,-0.016389271930314725,0.1043934120005848,4.6871309397713175,0.3780051324587598,1728,248
shortfall_6,GK_minus_Upper+Large,-0.023595899596683685,0.023185754502720427,26.866941646269314,0.3179029235006059,-0.0711801649098805,0.02398836571651313,7.572521656069824,0.32178185930861075,1728,248
