arm,variable,n,mean,sd
Control,dietarydiversity,509,4.252860129544576,2.007735036645705
Control,consumption_asinh,521,10.445191433339316,1.4209523441582943
Control,hhmember,521,5.273800526246272,1.8486487622062933
Control,hhfemale,521,0.13142317414550725,0.33786258070852854
Gikuriro,dietarydiversity,531,4.140327045955615,1.8668975245837476
Gikuriro,consumption_asinh,540,10.493623367512424,1.4932716937060564
Gikuriro,hhmember,540,5.177823888978396,1.804698424853266
Gikuriro,hhfemale,540,0.17355696735302692,0.3787280639670729
Lower,dietarydiversity,165,4.285945599386313,2.155933545602308
Lower,consumption_asinh,165,10.384370312712278,1.6414229590679466
Lower,hhmember,165,5.293933509125713,1.950283932575849
Lower,hhfemale,165,0.16720638940598317,0.3731600363755448
Middle,dietarydiversity,152,3.921633958085503,1.8545930112000042
Middle,consumption_asinh,154,10.525953422964356,1.2901964156536985
Middle,hhmember,154,5.372885929185907,2.0637274452273595
Middle,hhfemale,154,0.14704030390066844,0.35414608981247764
Upper,dietarydiversity,161,4.230495188503423,1.92390597084615
Upper,consumption_asinh,167,10.490865633587996,1.3731331153940154
Upper,hhmember,167,4.979336041045591,1.7481832891504503
Upper,hhfemale,167,0.20867208726017994,0.40635950494440237
Large,dietarydiversity,239,4.128018484515029,1.8759165992748703
Large,consumption_asinh,246,10.32872382075657,1.4349544293884564
Large,hhmember,246,5.0763793969028015,1.6433602725267753
Large,hhfemale,246,0.12390740342098922,0.3294758850029201
