case,n,blocks,weight_shape,effect_thousandths,reporting,repetitions,method,mean_actual_regret,mc_standard_error,comparable_certificate
0,8,8,equal,-160,complete,256,no_learning_half,0.08,0.0,False
0,8,8,equal,-160,complete,256,empirical_best_midpoint,0.0,0.0,False
1,8,8,equal,-160,coarse_interval,256,no_learning_half,0.08,0.0,False
1,8,8,equal,-160,coarse_interval,256,empirical_best_midpoint,0.0,0.0,False
2,8,8,equal,-160,assignment_dependent,256,no_learning_half,0.08,0.0,False
2,8,8,equal,-160,assignment_dependent,256,empirical_best_midpoint,0.16,0.0,False
3,8,8,equal,0,complete,256,no_learning_half,0.0,0.0,False
3,8,8,equal,0,complete,256,empirical_best_midpoint,0.0,0.0,False
4,8,8,equal,0,coarse_interval,256,no_learning_half,0.0,0.0,False
4,8,8,equal,0,coarse_interval,256,empirical_best_midpoint,0.0,0.0,False
5,8,8,equal,0,assignment_dependent,256,no_learning_half,0.0,0.0,False
5,8,8,equal,0,assignment_dependent,256,empirical_best_midpoint,0.0,0.0,False
6,8,8,equal,40,complete,256,no_learning_half,0.02,0.0,False
6,8,8,equal,40,complete,256,empirical_best_midpoint,0.00609375,0.000893311115331333,False
7,8,8,equal,40,coarse_interval,256,no_learning_half,0.02,0.0,False
7,8,8,equal,40,coarse_interval,256,empirical_best_midpoint,0.0072656249999999995,0.0009497640436783316,False
8,8,8,equal,40,assignment_dependent,256,no_learning_half,0.02,0.0,False
8,8,8,equal,40,assignment_dependent,256,empirical_best_midpoint,0.0,0.0,False
9,8,8,equal,160,complete,256,no_learning_half,0.08,0.0,False
9,8,8,equal,160,complete,256,empirical_best_midpoint,0.0,0.0,False
10,8,8,equal,160,coarse_interval,256,no_learning_half,0.08,0.0,False
10,8,8,equal,160,coarse_interval,256,empirical_best_midpoint,0.0,0.0,False
11,8,8,equal,160,assignment_dependent,256,no_learning_half,0.08,0.0,False
11,8,8,equal,160,assignment_dependent,256,empirical_best_midpoint,0.0,0.0,False
12,8,8,concentrated,-160,complete,256,no_learning_half,0.08,0.0,False
12,8,8,concentrated,-160,complete,256,empirical_best_midpoint,0.025,0.003638034375544995,False
13,8,8,concentrated,-160,coarse_interval,256,no_learning_half,0.08,0.0,False
13,8,8,concentrated,-160,coarse_interval,256,empirical_best_midpoint,0.0315625,0.003974826963184046,False
14,8,8,concentrated,-160,assignment_dependent,256,no_learning_half,0.08,0.0,False
14,8,8,concentrated,-160,assignment_dependent,256,empirical_best_midpoint,0.11249999999999999,0.004577759534198053,False
15,8,8,concentrated,0,complete,256,no_learning_half,0.0,0.0,False
15,8,8,concentrated,0,complete,256,empirical_best_midpoint,0.0,0.0,False
16,8,8,concentrated,0,coarse_interval,256,no_learning_half,0.0,0.0,False
16,8,8,concentrated,0,coarse_interval,256,empirical_best_midpoint,0.0,0.0,False
17,8,8,concentrated,0,assignment_dependent,256,no_learning_half,0.0,0.0,False
17,8,8,concentrated,0,assignment_dependent,256,empirical_best_midpoint,0.0,0.0,False
18,8,8,concentrated,40,complete,256,no_learning_half,0.02,0.0,False
18,8,8,concentrated,40,complete,256,empirical_best_midpoint,0.01859375,0.0012493487887028718,False
19,8,8,concentrated,40,coarse_interval,256,no_learning_half,0.02,0.0,False
19,8,8,concentrated,40,coarse_interval,256,empirical_best_midpoint,0.016484375000000002,0.0012254697072429405,False
20,8,8,concentrated,40,assignment_dependent,256,no_learning_half,0.02,0.0,False
20,8,8,concentrated,40,assignment_dependent,256,empirical_best_midpoint,0.010000000000000002,0.001084652289093281,False
21,8,8,concentrated,160,complete,256,no_learning_half,0.08,0.0,False
21,8,8,concentrated,160,complete,256,empirical_best_midpoint,0.035625,0.004168443248701734,False
22,8,8,concentrated,160,coarse_interval,256,no_learning_half,0.08,0.0,False
22,8,8,concentrated,160,coarse_interval,256,empirical_best_midpoint,0.040625,0.004338432614322782,False
23,8,8,concentrated,160,assignment_dependent,256,no_learning_half,0.08,0.0,False
23,8,8,concentrated,160,assignment_dependent,256,empirical_best_midpoint,0.023125,0.003523163893935309,False
24,8,32,equal,-160,complete,256,no_learning_half,0.08,0.0,False
24,8,32,equal,-160,complete,256,empirical_best_midpoint,0.0,0.0,False
25,8,32,equal,-160,coarse_interval,256,no_learning_half,0.08,0.0,False
25,8,32,equal,-160,coarse_interval,256,empirical_best_midpoint,0.0,0.0,False
26,8,32,equal,-160,assignment_dependent,256,no_learning_half,0.08,0.0,False
26,8,32,equal,-160,assignment_dependent,256,empirical_best_midpoint,0.16,0.0,False
27,8,32,equal,0,complete,256,no_learning_half,0.0,0.0,False
27,8,32,equal,0,complete,256,empirical_best_midpoint,0.0,0.0,False
28,8,32,equal,0,coarse_interval,256,no_learning_half,0.0,0.0,False
28,8,32,equal,0,coarse_interval,256,empirical_best_midpoint,0.0,0.0,False
29,8,32,equal,0,assignment_dependent,256,no_learning_half,0.0,0.0,False
29,8,32,equal,0,assignment_dependent,256,empirical_best_midpoint,0.0,0.0,False
30,8,32,equal,40,complete,256,no_learning_half,0.02,0.0,False
30,8,32,equal,40,complete,256,empirical_best_midpoint,0.000625,0.00031065632609231773,False
31,8,32,equal,40,coarse_interval,256,no_learning_half,0.02,0.0,False
31,8,32,equal,40,coarse_interval,256,empirical_best_midpoint,0.0015625,0.000472513486683755,False
32,8,32,equal,40,assignment_dependent,256,no_learning_half,0.02,0.0,False
32,8,32,equal,40,assignment_dependent,256,empirical_best_midpoint,0.0,0.0,False
33,8,32,equal,160,complete,256,no_learning_half,0.08,0.0,False
33,8,32,equal,160,complete,256,empirical_best_midpoint,0.0,0.0,False
34,8,32,equal,160,coarse_interval,256,no_learning_half,0.08,0.0,False
34,8,32,equal,160,coarse_interval,256,empirical_best_midpoint,0.0,0.0,False
35,8,32,equal,160,assignment_dependent,256,no_learning_half,0.08,0.0,False
35,8,32,equal,160,assignment_dependent,256,empirical_best_midpoint,0.0,0.0,False
36,8,32,concentrated,-160,complete,256,no_learning_half,0.08,0.0,False
36,8,32,concentrated,-160,complete,256,empirical_best_midpoint,0.00375,0.001515847656477081,False
37,8,32,concentrated,-160,coarse_interval,256,no_learning_half,0.08,0.0,False
37,8,32,concentrated,-160,coarse_interval,256,empirical_best_midpoint,0.00125,0.0008821486691651267,False
38,8,32,concentrated,-160,assignment_dependent,256,no_learning_half,0.08,0.0,False
38,8,32,concentrated,-160,assignment_dependent,256,empirical_best_midpoint,0.13374999999999998,0.0037105770916315943,False
39,8,32,concentrated,0,complete,256,no_learning_half,0.0,0.0,False
39,8,32,concentrated,0,complete,256,empirical_best_midpoint,0.0,0.0,False
40,8,32,concentrated,0,coarse_interval,256,no_learning_half,0.0,0.0,False
40,8,32,concentrated,0,coarse_interval,256,empirical_best_midpoint,0.0,0.0,False
41,8,32,concentrated,0,assignment_dependent,256,no_learning_half,0.0,0.0,False
41,8,32,concentrated,0,assignment_dependent,256,empirical_best_midpoint,0.0,0.0,False
42,8,32,concentrated,40,complete,256,no_learning_half,0.02,0.0,False
42,8,32,concentrated,40,complete,256,empirical_best_midpoint,0.01203125,0.0011487401853684722,False
43,8,32,concentrated,40,coarse_interval,256,no_learning_half,0.02,0.0,False
43,8,32,concentrated,40,coarse_interval,256,empirical_best_midpoint,0.014453125,0.0012007672020288268,False
44,8,32,concentrated,40,assignment_dependent,256,no_learning_half,0.02,0.0,False
44,8,32,concentrated,40,assignment_dependent,256,empirical_best_midpoint,0.0032812500000000003,0.0006873746543488322,False
45,8,32,concentrated,160,complete,256,no_learning_half,0.08,0.0,False
45,8,32,concentrated,160,complete,256,empirical_best_midpoint,0.013125,0.0027494986173953293,False
46,8,32,concentrated,160,coarse_interval,256,no_learning_half,0.08,0.0,False
46,8,32,concentrated,160,coarse_interval,256,empirical_best_midpoint,0.0121875,0.002639418269054681,False
47,8,32,concentrated,160,assignment_dependent,256,no_learning_half,0.08,0.0,False
47,8,32,concentrated,160,assignment_dependent,256,empirical_best_midpoint,0.00125,0.0008821486691651265,False
48,24,8,equal,-160,complete,256,no_learning_half,0.08,0.0,False
48,24,8,equal,-160,complete,256,empirical_best_midpoint,0.0,0.0,False
49,24,8,equal,-160,coarse_interval,256,no_learning_half,0.08,0.0,False
49,24,8,equal,-160,coarse_interval,256,empirical_best_midpoint,0.0,0.0,False
50,24,8,equal,-160,assignment_dependent,256,no_learning_half,0.08,0.0,False
50,24,8,equal,-160,assignment_dependent,256,empirical_best_midpoint,0.16,0.0,False
51,24,8,equal,0,complete,256,no_learning_half,0.0,0.0,False
51,24,8,equal,0,complete,256,empirical_best_midpoint,0.0,0.0,False
52,24,8,equal,0,coarse_interval,256,no_learning_half,0.0,0.0,False
52,24,8,equal,0,coarse_interval,256,empirical_best_midpoint,0.0,0.0,False
53,24,8,equal,0,assignment_dependent,256,no_learning_half,0.0,0.0,False
53,24,8,equal,0,assignment_dependent,256,empirical_best_midpoint,0.0,0.0,False
54,24,8,equal,40,complete,256,no_learning_half,0.02,0.0,False
54,24,8,equal,40,complete,256,empirical_best_midpoint,0.0018750000000000001,0.0005294628243351381,False
55,24,8,equal,40,coarse_interval,256,no_learning_half,0.02,0.0,False
55,24,8,equal,40,coarse_interval,256,empirical_best_midpoint,0.004375,0.0007497957238148138,False
56,24,8,equal,40,assignment_dependent,256,no_learning_half,0.02,0.0,False
56,24,8,equal,40,assignment_dependent,256,empirical_best_midpoint,0.0,0.0,False
57,24,8,equal,160,complete,256,no_learning_half,0.08,0.0,False
57,24,8,equal,160,complete,256,empirical_best_midpoint,0.0,0.0,False
58,24,8,equal,160,coarse_interval,256,no_learning_half,0.08,0.0,False
58,24,8,equal,160,coarse_interval,256,empirical_best_midpoint,0.0,0.0,False
59,24,8,equal,160,assignment_dependent,256,no_learning_half,0.08,0.0,False
59,24,8,equal,160,assignment_dependent,256,empirical_best_midpoint,0.0,0.0,False
60,24,8,concentrated,-160,complete,256,no_learning_half,0.08,0.0,False
60,24,8,concentrated,-160,complete,256,empirical_best_midpoint,0.0025,0.001242625304369271,False
61,24,8,concentrated,-160,coarse_interval,256,no_learning_half,0.08,0.0,False
61,24,8,concentrated,-160,coarse_interval,256,empirical_best_midpoint,0.000625,0.0006249999999999999,False
62,24,8,concentrated,-160,assignment_dependent,256,no_learning_half,0.08,0.0,False
62,24,8,concentrated,-160,assignment_dependent,256,empirical_best_midpoint,0.135,0.003638034375544995,False
63,24,8,concentrated,0,complete,256,no_learning_half,0.0,0.0,False
63,24,8,concentrated,0,complete,256,empirical_best_midpoint,0.0,0.0,False
64,24,8,concentrated,0,coarse_interval,256,no_learning_half,0.0,0.0,False
64,24,8,concentrated,0,coarse_interval,256,empirical_best_midpoint,0.0,0.0,False
65,24,8,concentrated,0,assignment_dependent,256,no_learning_half,0.0,0.0,False
65,24,8,concentrated,0,assignment_dependent,256,empirical_best_midpoint,0.0,0.0,False
66,24,8,concentrated,40,complete,256,no_learning_half,0.02,0.0,False
66,24,8,concentrated,40,complete,256,empirical_best_midpoint,0.01265625,0.0011649612228461915,False
67,24,8,concentrated,40,coarse_interval,256,no_learning_half,0.02,0.0,False
67,24,8,concentrated,40,coarse_interval,256,empirical_best_midpoint,0.016328125000000002,0.0012286687104092482,False
68,24,8,concentrated,40,assignment_dependent,256,no_learning_half,0.02,0.0,False
68,24,8,concentrated,40,assignment_dependent,256,empirical_best_midpoint,0.00140625,0.00046133846593044765,False
69,24,8,concentrated,160,complete,256,no_learning_half,0.08,0.0,False
69,24,8,concentrated,160,complete,256,empirical_best_midpoint,0.0125,0.002688938853314211,False
70,24,8,concentrated,160,coarse_interval,256,no_learning_half,0.08,0.0,False
70,24,8,concentrated,160,coarse_interval,256,empirical_best_midpoint,0.020625,0.0033575255682088963,False
71,24,8,concentrated,160,assignment_dependent,256,no_learning_half,0.08,0.0,False
71,24,8,concentrated,160,assignment_dependent,256,empirical_best_midpoint,0.0025,0.0012426253043692711,False
72,24,32,equal,-160,complete,256,no_learning_half,0.08,0.0,False
72,24,32,equal,-160,complete,256,empirical_best_midpoint,0.0,0.0,False
73,24,32,equal,-160,coarse_interval,256,no_learning_half,0.08,0.0,False
73,24,32,equal,-160,coarse_interval,256,empirical_best_midpoint,0.0,0.0,False
74,24,32,equal,-160,assignment_dependent,256,no_learning_half,0.08,0.0,False
74,24,32,equal,-160,assignment_dependent,256,empirical_best_midpoint,0.16,0.0,False
75,24,32,equal,0,complete,256,no_learning_half,0.0,0.0,False
75,24,32,equal,0,complete,256,empirical_best_midpoint,0.0,0.0,False
76,24,32,equal,0,coarse_interval,256,no_learning_half,0.0,0.0,False
76,24,32,equal,0,coarse_interval,256,empirical_best_midpoint,0.0,0.0,False
77,24,32,equal,0,assignment_dependent,256,no_learning_half,0.0,0.0,False
77,24,32,equal,0,assignment_dependent,256,empirical_best_midpoint,0.0,0.0,False
78,24,32,equal,40,complete,256,no_learning_half,0.02,0.0,False
78,24,32,equal,40,complete,256,empirical_best_midpoint,0.0,0.0,False
79,24,32,equal,40,coarse_interval,256,no_learning_half,0.02,0.0,False
79,24,32,equal,40,coarse_interval,256,empirical_best_midpoint,0.0,0.0,False
80,24,32,equal,40,assignment_dependent,256,no_learning_half,0.02,0.0,False
80,24,32,equal,40,assignment_dependent,256,empirical_best_midpoint,0.0,0.0,False
81,24,32,equal,160,complete,256,no_learning_half,0.08,0.0,False
81,24,32,equal,160,complete,256,empirical_best_midpoint,0.0,0.0,False
82,24,32,equal,160,coarse_interval,256,no_learning_half,0.08,0.0,False
82,24,32,equal,160,coarse_interval,256,empirical_best_midpoint,0.0,0.0,False
83,24,32,equal,160,assignment_dependent,256,no_learning_half,0.08,0.0,False
83,24,32,equal,160,assignment_dependent,256,empirical_best_midpoint,0.0,0.0,False
84,24,32,concentrated,-160,complete,256,no_learning_half,0.08,0.0,False
84,24,32,concentrated,-160,complete,256,empirical_best_midpoint,0.0,0.0,False
85,24,32,concentrated,-160,coarse_interval,256,no_learning_half,0.08,0.0,False
85,24,32,concentrated,-160,coarse_interval,256,empirical_best_midpoint,0.0,0.0,False
86,24,32,concentrated,-160,assignment_dependent,256,no_learning_half,0.08,0.0,False
86,24,32,concentrated,-160,assignment_dependent,256,empirical_best_midpoint,0.156875,0.0013865380431484883,False
87,24,32,concentrated,0,complete,256,no_learning_half,0.0,0.0,False
87,24,32,concentrated,0,complete,256,empirical_best_midpoint,0.0,0.0,False
88,24,32,concentrated,0,coarse_interval,256,no_learning_half,0.0,0.0,False
88,24,32,concentrated,0,coarse_interval,256,empirical_best_midpoint,0.0,0.0,False
89,24,32,concentrated,0,assignment_dependent,256,no_learning_half,0.0,0.0,False
89,24,32,concentrated,0,assignment_dependent,256,empirical_best_midpoint,0.0,0.0,False
90,24,32,concentrated,40,complete,256,no_learning_half,0.02,0.0,False
90,24,32,concentrated,40,complete,256,empirical_best_midpoint,0.00859375,0.00102879610003206,False
91,24,32,concentrated,40,coarse_interval,256,no_learning_half,0.02,0.0,False
91,24,32,concentrated,40,coarse_interval,256,empirical_best_midpoint,0.01140625,0.0011309330885314543,False
92,24,32,concentrated,40,assignment_dependent,256,no_learning_half,0.02,0.0,False
92,24,32,concentrated,40,assignment_dependent,256,empirical_best_midpoint,0.0,0.0,False
93,24,32,concentrated,160,complete,256,no_learning_half,0.08,0.0,False
93,24,32,concentrated,160,complete,256,empirical_best_midpoint,0.0,0.0,False
94,24,32,concentrated,160,coarse_interval,256,no_learning_half,0.08,0.0,False
94,24,32,concentrated,160,coarse_interval,256,empirical_best_midpoint,0.0,0.0,False
95,24,32,concentrated,160,assignment_dependent,256,no_learning_half,0.08,0.0,False
95,24,32,concentrated,160,assignment_dependent,256,empirical_best_midpoint,0.0,0.0,False
96,64,8,equal,-160,complete,256,no_learning_half,0.08,0.0,False
96,64,8,equal,-160,complete,256,empirical_best_midpoint,0.0,0.0,False
97,64,8,equal,-160,coarse_interval,256,no_learning_half,0.08,0.0,False
97,64,8,equal,-160,coarse_interval,256,empirical_best_midpoint,0.0,0.0,False
98,64,8,equal,-160,assignment_dependent,256,no_learning_half,0.08,0.0,False
98,64,8,equal,-160,assignment_dependent,256,empirical_best_midpoint,0.16,0.0,False
99,64,8,equal,0,complete,256,no_learning_half,0.0,0.0,False
99,64,8,equal,0,complete,256,empirical_best_midpoint,0.0,0.0,False
100,64,8,equal,0,coarse_interval,256,no_learning_half,0.0,0.0,False
100,64,8,equal,0,coarse_interval,256,empirical_best_midpoint,0.0,0.0,False
101,64,8,equal,0,assignment_dependent,256,no_learning_half,0.0,0.0,False
101,64,8,equal,0,assignment_dependent,256,empirical_best_midpoint,0.0,0.0,False
102,64,8,equal,40,complete,256,no_learning_half,0.02,0.0,False
102,64,8,equal,40,complete,256,empirical_best_midpoint,0.0,0.0,False
103,64,8,equal,40,coarse_interval,256,no_learning_half,0.02,0.0,False
103,64,8,equal,40,coarse_interval,256,empirical_best_midpoint,0.00078125,0.00034663451078712214,False
104,64,8,equal,40,assignment_dependent,256,no_learning_half,0.02,0.0,False
104,64,8,equal,40,assignment_dependent,256,empirical_best_midpoint,0.0,0.0,False
105,64,8,equal,160,complete,256,no_learning_half,0.08,0.0,False
105,64,8,equal,160,complete,256,empirical_best_midpoint,0.0,0.0,False
106,64,8,equal,160,coarse_interval,256,no_learning_half,0.08,0.0,False
106,64,8,equal,160,coarse_interval,256,empirical_best_midpoint,0.0,0.0,False
107,64,8,equal,160,assignment_dependent,256,no_learning_half,0.08,0.0,False
107,64,8,equal,160,assignment_dependent,256,empirical_best_midpoint,0.0,0.0,False
108,64,8,concentrated,-160,complete,256,no_learning_half,0.08,0.0,False
108,64,8,concentrated,-160,complete,256,empirical_best_midpoint,0.0,0.0,False
109,64,8,concentrated,-160,coarse_interval,256,no_learning_half,0.08,0.0,False
109,64,8,concentrated,-160,coarse_interval,256,empirical_best_midpoint,0.0,0.0,False
110,64,8,concentrated,-160,assignment_dependent,256,no_learning_half,0.08,0.0,False
110,64,8,concentrated,-160,assignment_dependent,256,empirical_best_midpoint,0.16,0.0,False
111,64,8,concentrated,0,complete,256,no_learning_half,0.0,0.0,False
111,64,8,concentrated,0,complete,256,empirical_best_midpoint,0.0,0.0,False
112,64,8,concentrated,0,coarse_interval,256,no_learning_half,0.0,0.0,False
112,64,8,concentrated,0,coarse_interval,256,empirical_best_midpoint,0.0,0.0,False
113,64,8,concentrated,0,assignment_dependent,256,no_learning_half,0.0,0.0,False
113,64,8,concentrated,0,assignment_dependent,256,empirical_best_midpoint,0.0,0.0,False
114,64,8,concentrated,40,complete,256,no_learning_half,0.02,0.0,False
114,64,8,concentrated,40,complete,256,empirical_best_midpoint,0.00703125,0.0009534488962677117,False
115,64,8,concentrated,40,coarse_interval,256,no_learning_half,0.02,0.0,False
115,64,8,concentrated,40,coarse_interval,256,empirical_best_midpoint,0.008984375000000001,0.0010424208360583214,False
116,64,8,concentrated,40,assignment_dependent,256,no_learning_half,0.02,0.0,False
116,64,8,concentrated,40,assignment_dependent,256,empirical_best_midpoint,0.0,0.0,False
117,64,8,concentrated,160,complete,256,no_learning_half,0.08,0.0,False
117,64,8,concentrated,160,complete,256,empirical_best_midpoint,0.0,0.0,False
118,64,8,concentrated,160,coarse_interval,256,no_learning_half,0.08,0.0,False
118,64,8,concentrated,160,coarse_interval,256,empirical_best_midpoint,0.0,0.0,False
119,64,8,concentrated,160,assignment_dependent,256,no_learning_half,0.08,0.0,False
119,64,8,concentrated,160,assignment_dependent,256,empirical_best_midpoint,0.0,0.0,False
120,64,32,equal,-160,complete,256,no_learning_half,0.08,0.0,False
120,64,32,equal,-160,complete,256,empirical_best_midpoint,0.0,0.0,False
121,64,32,equal,-160,coarse_interval,256,no_learning_half,0.08,0.0,False
121,64,32,equal,-160,coarse_interval,256,empirical_best_midpoint,0.0,0.0,False
122,64,32,equal,-160,assignment_dependent,256,no_learning_half,0.08,0.0,False
122,64,32,equal,-160,assignment_dependent,256,empirical_best_midpoint,0.16,0.0,False
123,64,32,equal,0,complete,256,no_learning_half,0.0,0.0,False
123,64,32,equal,0,complete,256,empirical_best_midpoint,0.0,0.0,False
124,64,32,equal,0,coarse_interval,256,no_learning_half,0.0,0.0,False
124,64,32,equal,0,coarse_interval,256,empirical_best_midpoint,0.0,0.0,False
125,64,32,equal,0,assignment_dependent,256,no_learning_half,0.0,0.0,False
125,64,32,equal,0,assignment_dependent,256,empirical_best_midpoint,0.0,0.0,False
126,64,32,equal,40,complete,256,no_learning_half,0.02,0.0,False
126,64,32,equal,40,complete,256,empirical_best_midpoint,0.0,0.0,False
127,64,32,equal,40,coarse_interval,256,no_learning_half,0.02,0.0,False
127,64,32,equal,40,coarse_interval,256,empirical_best_midpoint,0.0,0.0,False
128,64,32,equal,40,assignment_dependent,256,no_learning_half,0.02,0.0,False
128,64,32,equal,40,assignment_dependent,256,empirical_best_midpoint,0.0,0.0,False
129,64,32,equal,160,complete,256,no_learning_half,0.08,0.0,False
129,64,32,equal,160,complete,256,empirical_best_midpoint,0.0,0.0,False
130,64,32,equal,160,coarse_interval,256,no_learning_half,0.08,0.0,False
130,64,32,equal,160,coarse_interval,256,empirical_best_midpoint,0.0,0.0,False
131,64,32,equal,160,assignment_dependent,256,no_learning_half,0.08,0.0,False
131,64,32,equal,160,assignment_dependent,256,empirical_best_midpoint,0.0,0.0,False
132,64,32,concentrated,-160,complete,256,no_learning_half,0.08,0.0,False
132,64,32,concentrated,-160,complete,256,empirical_best_midpoint,0.0,0.0,False
133,64,32,concentrated,-160,coarse_interval,256,no_learning_half,0.08,0.0,False
133,64,32,concentrated,-160,coarse_interval,256,empirical_best_midpoint,0.0,0.0,False
134,64,32,concentrated,-160,assignment_dependent,256,no_learning_half,0.08,0.0,False
134,64,32,concentrated,-160,assignment_dependent,256,empirical_best_midpoint,0.16,0.0,False
135,64,32,concentrated,0,complete,256,no_learning_half,0.0,0.0,False
135,64,32,concentrated,0,complete,256,empirical_best_midpoint,0.0,0.0,False
136,64,32,concentrated,0,coarse_interval,256,no_learning_half,0.0,0.0,False
136,64,32,concentrated,0,coarse_interval,256,empirical_best_midpoint,0.0,0.0,False
137,64,32,concentrated,0,assignment_dependent,256,no_learning_half,0.0,0.0,False
137,64,32,concentrated,0,assignment_dependent,256,empirical_best_midpoint,0.0,0.0,False
138,64,32,concentrated,40,complete,256,no_learning_half,0.02,0.0,False
138,64,32,concentrated,40,complete,256,empirical_best_midpoint,0.00171875,0.0005079597731390263,False
139,64,32,concentrated,40,coarse_interval,256,no_learning_half,0.02,0.0,False
139,64,32,concentrated,40,coarse_interval,256,empirical_best_midpoint,0.0034375,0.0007020518771681292,False
140,64,32,concentrated,40,assignment_dependent,256,no_learning_half,0.02,0.0,False
140,64,32,concentrated,40,assignment_dependent,256,empirical_best_midpoint,0.0,0.0,False
141,64,32,concentrated,160,complete,256,no_learning_half,0.08,0.0,False
141,64,32,concentrated,160,complete,256,empirical_best_midpoint,0.0,0.0,False
142,64,32,concentrated,160,coarse_interval,256,no_learning_half,0.08,0.0,False
142,64,32,concentrated,160,coarse_interval,256,empirical_best_midpoint,0.0,0.0,False
143,64,32,concentrated,160,assignment_dependent,256,no_learning_half,0.08,0.0,False
143,64,32,concentrated,160,assignment_dependent,256,empirical_best_midpoint,0.0,0.0,False
