method,scope,objective,certificate,expected_cost,Control_probability,Gikuriro_probability,Lower_probability,Middle_probability,Upper_probability,Large_probability,primal_dual_gap
support_only,weighted_baseline,mean,9.600000000000001,79.03373413087998,0.2,0.19999999999999996,0.19999999999999996,0.19999999999999996,0.19999999999999996,0.0,0.0
support_only,weighted_baseline,shortfall_6,0.8,79.03373413088,0.2,0.2,0.2,0.2,0.2,0.0,0.0
support_only,identified_diets,mean,9.600000000000001,79.03373413087998,0.2,0.19999999999999996,0.19999999999999996,0.19999999999999996,0.19999999999999996,0.0,0.0
support_only,identified_diets,shortfall_6,0.8,79.03373413088,0.2,0.2,0.2,0.2,0.2,0.0,0.0
finite_distribution,weighted_baseline,mean,8.151077610089386,80.5855333672134,0.1488156365845447,0.11032027663040771,0.2511119956459242,0.2367362797265769,0.252944999698501,7.081171404546258e-05,1.7763568394002505e-15
finite_distribution,weighted_baseline,shortfall_6,0.6867785653268217,77.46304706250072,0.2249687443310165,0.22329872984402335,0.18561195546289608,0.18394865653945838,0.18217191382260575,0.0,3.3306690738754696e-16
finite_distribution,identified_diets,mean,7.934397357641813,80.77885224407679,0.1472812771623961,0.1056451566544281,0.25320047096962683,0.23656950203372903,0.2568300687842504,0.00047352439556940635,1.7763568394002505e-15
finite_distribution,identified_diets,shortfall_6,0.6717844479646968,77.47900002132897,0.22412576855777683,0.22284837362083298,0.1866101949136217,0.18462811554626762,0.18178754736150088,0.0,4.440892098500626e-16
logical_distribution,weighted_baseline,mean,8.073763943408215,80.20269140058814,0.1650134104917008,0.14328594807554637,0.2332425443576149,0.22519482432161034,0.2332632727535274,0.0,0.0
logical_distribution,weighted_baseline,shortfall_6,0.6663878887164018,78.52855924090794,0.2050027834601431,0.1946444638324604,0.20357889011762845,0.1931014780914848,0.20320330634643452,0.00046907815184880973,0.0
logical_distribution,identified_diets,mean,8.071927799683158,80.19972216226117,0.16490023321093336,0.14267100883916273,0.2333933912507437,0.22537165119916255,0.23366371549999762,0.0,0.0
logical_distribution,identified_diets,shortfall_6,0.666273889337541,78.58075637214692,0.20446502165166253,0.19479814926799108,0.2037700425115727,0.19326661851029486,0.20322194176401104,0.00047822629446781276,0.0
finite_consistency_distribution,weighted_baseline,mean,7.720304788340825,80.75356354764847,0.14427228875541753,0.10334944444956483,0.2546300037835487,0.24044341824185103,0.25730484476961785,0.0,8.881784197001252e-16
finite_consistency_distribution,weighted_baseline,shortfall_6,0.6365671615711074,77.82842450290073,0.21633561225882153,0.20531503778580085,0.19660697987077586,0.1865434980694606,0.19472714731861232,0.00047172469652877576,0.0
finite_consistency_distribution,identified_diets,mean,7.547165576103226,80.85280663462174,0.14287044074943,0.09795864557723115,0.2567076728687834,0.23997257995916166,0.2623003034672166,0.00019035737817710253,0.0
finite_consistency_distribution,identified_diets,shortfall_6,0.625130271440119,77.7593164559225,0.21679439522128796,0.20687476410556926,0.1972061317023093,0.18591932431997807,0.1927181328059929,0.0004872518448625386,3.3306690738754696e-16
