outcome,arm,scope,estimate,finite_lower,finite_upper,alpha,primitive_family_size
mean,Control,identified_diets,4.874818079754252,0.0,11.038315761010203,0.05,138
mean,Gikuriro,identified_diets,5.029335065650604,0.0,11.319706394216134,0.05,138
mean,Lower,identified_diets,5.2504411829833355,0.0,12.0,0.05,138
mean,Middle,identified_diets,4.503452128501066,0.0,12.0,0.05,138
mean,Upper,identified_diets,5.17464232869284,0.0,12.0,0.05,138
mean,Large,identified_diets,5.356934694889162,0.0,12.0,0.05,138
mean,Control,lower_endpoint,4.751633867419864,0.0,10.91484328340618,0.05,276
mean,Gikuriro,lower_endpoint,4.91286658968149,0.0,11.281851456172692,0.05,276
mean,Lower,lower_endpoint,5.065723524982744,0.0,12.0,0.05,276
mean,Middle,lower_endpoint,4.4125312268394845,0.0,12.0,0.05,276
mean,Upper,lower_endpoint,5.191979522355594,0.0,12.0,0.05,276
mean,Large,lower_endpoint,5.2649645065055175,0.0,12.0,0.05,276
mean,Control,upper_endpoint,5.094023817956708,0.0,11.257233233943023,0.05,276
mean,Gikuriro,upper_endpoint,5.197656463643615,0.0,11.566641330134818,0.05,276
mean,Lower,upper_endpoint,5.487899837173638,0.0,12.0,0.05,276
mean,Middle,upper_endpoint,4.654801109766412,0.0,12.0,0.05,276
mean,Upper,upper_endpoint,5.2036811313567535,0.0,12.0,0.05,276
mean,Large,upper_endpoint,5.482326440411304,0.0,12.0,0.05,276
survival_1,Control,identified_diets,0.998074605125468,0.4844497983541388,1.0,0.05,138
survival_1,Gikuriro,identified_diets,1.0,0.475802389286206,1.0,0.05,138
survival_1,Lower,identified_diets,1.0,0.15624948526796967,1.0,0.05,138
survival_1,Middle,identified_diets,1.0,0.17802864788552308,1.0,0.05,138
survival_1,Upper,identified_diets,0.9881598421005898,0.11345030752195673,1.0,0.05,138
survival_1,Large,identified_diets,1.0,0.18046022579883736,1.0,0.05,138
survival_1,Control,lower_endpoint,0.9704753884179369,0.4568746037524106,1.0,0.05,276
survival_1,Gikuriro,lower_endpoint,0.9764668942192908,0.445718155345024,1.0,0.05,276
survival_1,Lower,lower_endpoint,0.9648186406507588,0.11864091354440487,1.0,0.05,276
survival_1,Middle,lower_endpoint,0.9798108430894226,0.1426656726098331,1.0,0.05,276
survival_1,Upper,lower_endpoint,0.9882983909988406,0.08972448636063224,1.0,0.05,276
survival_1,Large,lower_endpoint,0.9829972321785904,0.15465267444247466,1.0,0.05,276
survival_1,Control,upper_endpoint,0.9981477583497612,0.48454697368423494,1.0,0.05,276
survival_1,Gikuriro,upper_endpoint,1.0,0.46925126112573323,1.0,0.05,276
survival_1,Lower,upper_endpoint,1.0,0.15382227289364603,1.0,0.05,276
survival_1,Middle,upper_endpoint,1.0,0.16285482952041053,1.0,0.05,276
survival_1,Upper,upper_endpoint,0.9882983909988406,0.08972448636063224,1.0,0.05,276
survival_1,Large,upper_endpoint,1.0,0.1716554422638843,1.0,0.05,276
survival_2,Control,identified_diets,0.9645973492992745,0.4509725425279454,1.0,0.05,138
survival_2,Gikuriro,identified_diets,0.976676451282301,0.45247884056850696,1.0,0.05,138
survival_2,Lower,identified_diets,0.9889953005973349,0.14524478586530454,1.0,0.05,138
survival_2,Middle,identified_diets,0.961057990676758,0.1390866385622811,1.0,0.05,138
survival_2,Upper,identified_diets,0.9718179574998413,0.09710842292120825,1.0,0.05,138
survival_2,Large,identified_diets,0.9722128087704572,0.1526730345692946,1.0,0.05,138
survival_2,Control,lower_endpoint,0.938270063475411,0.4246692788098847,1.0,0.05,276
survival_2,Gikuriro,lower_endpoint,0.9537480250705482,0.42299928619628147,1.0,0.05,276
survival_2,Lower,lower_endpoint,0.9542011015323092,0.10802337442595522,1.0,0.05,276
survival_2,Middle,lower_endpoint,0.9416550401028205,0.10450986962323106,1.0,0.05,276
survival_2,Upper,lower_endpoint,0.9721477327420323,0.07357382810382385,1.0,0.05,276
survival_2,Large,lower_endpoint,0.9559773292774126,0.12763277154129693,1.0,0.05,276
survival_2,Control,upper_endpoint,0.9659424334072352,0.4523416487417089,1.0,0.05,276
survival_2,Gikuriro,upper_endpoint,0.9772811308512576,0.4465323919769908,1.0,0.05,276
survival_2,Lower,upper_endpoint,0.9893824608815504,0.14320473377519638,1.0,0.05,276
survival_2,Middle,upper_endpoint,0.9618441970133979,0.12469902653380838,1.0,0.05,276
survival_2,Upper,upper_endpoint,0.9721477327420323,0.07357382810382385,1.0,0.05,276
survival_2,Large,upper_endpoint,0.9729800970988224,0.14463553936270668,1.0,0.05,276
survival_3,Control,identified_diets,0.9087778551163368,0.39515304834500764,1.0,0.05,138
survival_3,Gikuriro,identified_diets,0.9262779359771836,0.40208032526338955,1.0,0.05,138
survival_3,Lower,identified_diets,0.9568734756826217,0.11312296095059138,1.0,0.05,138
survival_3,Middle,identified_diets,0.8595112929913701,0.03753994087689316,1.0,0.05,138
survival_3,Upper,identified_diets,0.9305932413870746,0.05588370680844146,1.0,0.05,138
survival_3,Large,identified_diets,0.9548845425270989,0.13534476832593623,1.0,0.05,138
survival_3,Control,lower_endpoint,0.8845713685279477,0.37097058386242143,1.0,0.05,276
survival_3,Gikuriro,lower_endpoint,0.9037860890047706,0.3730373501305039,1.0,0.05,276
survival_3,Lower,lower_endpoint,0.9232093660828739,0.07703163897651988,1.0,0.05,276
survival_3,Middle,lower_endpoint,0.8421584846307539,0.005013314151164461,1.0,0.05,276
survival_3,Upper,lower_endpoint,0.9314054121384008,0.03283150750019237,1.0,0.05,276
survival_3,Large,lower_endpoint,0.9391275488345623,0.11078299109844658,1.0,0.05,276
survival_3,Control,upper_endpoint,0.9122437384597718,0.3986429537942455,1.0,0.05,276
survival_3,Gikuriro,upper_endpoint,0.9281892328572364,0.39744049398296966,1.0,0.05,276
survival_3,Lower,upper_endpoint,0.9583907254321151,0.11221299832576115,1.0,0.05,276
survival_3,Middle,upper_endpoint,0.8623476415413313,0.025202471061741782,1.0,0.05,276
survival_3,Upper,upper_endpoint,0.9314054121384008,0.03283150750019237,1.0,0.05,276
survival_3,Large,upper_endpoint,0.9561303166559718,0.1277857589198561,1.0,0.05,276
survival_4,Control,identified_diets,0.7744615598934785,0.2608367531221494,1.0,0.05,138
survival_4,Gikuriro,identified_diets,0.7793244010963999,0.2551267903826059,1.0,0.05,138
survival_4,Lower,identified_diets,0.8198302708481806,0.0,1.0,0.05,138
survival_4,Middle,identified_diets,0.6846641013105149,0.0,1.0,0.05,138
survival_4,Upper,identified_diets,0.8456462755311731,0.0,1.0,0.05,138
survival_4,Large,identified_diets,0.8589340180817406,0.039394243880577995,1.0,0.05,138
survival_4,Control,lower_endpoint,0.7553582706806663,0.24175748601514002,1.0,0.05,276
survival_4,Gikuriro,lower_endpoint,0.7606424289077891,0.22989369003352234,1.0,0.05,276
survival_4,Lower,lower_endpoint,0.790987527484085,0.0,1.0,0.05,276
survival_4,Middle,lower_endpoint,0.6708413103381174,0.0,1.0,0.05,276
survival_4,Upper,lower_endpoint,0.8474524624627799,0.0,1.0,0.05,276
survival_4,Large,lower_endpoint,0.8458265083510501,0.017481950614934405,1.0,0.05,276
survival_4,Control,upper_endpoint,0.7830306406124906,0.26942985594696434,1.0,0.05,276
survival_4,Gikuriro,upper_endpoint,0.7841755346884983,0.25342679581423155,1.0,0.05,276
survival_4,Lower,upper_endpoint,0.8261688868333261,0.0,1.0,0.05,276
survival_4,Middle,upper_endpoint,0.6910304672486948,0.0,1.0,0.05,276
survival_4,Upper,upper_endpoint,0.8474524624627799,0.0,1.0,0.05,276
survival_4,Large,upper_endpoint,0.86282927617246,0.034484718436344264,1.0,0.05,276
survival_5,Control,identified_diets,0.5669514256267515,0.053326618855422336,1.0,0.05,138
survival_5,Gikuriro,identified_diets,0.5859663412388295,0.06176873052503551,1.0,0.05,138
survival_5,Lower,identified_diets,0.6751730027315614,0.0,1.0,0.05,138
survival_5,Middle,identified_diets,0.4807111223563118,0.0,1.0,0.05,138
survival_5,Upper,identified_diets,0.6746114946248492,0.0,1.0,0.05,138
survival_5,Large,identified_diets,0.7167667133802941,0.0,1.0,0.05,138
survival_5,Control,lower_endpoint,0.5557322518210727,0.04213146715554639,1.0,0.05,276
survival_5,Gikuriro,lower_endpoint,0.572297314108627,0.041548575234360285,1.0,0.05,276
survival_5,Lower,lower_endpoint,0.6514194986995562,0.0,1.0,0.05,276
survival_5,Middle,lower_endpoint,0.47100597007840045,0.0,1.0,0.05,276
survival_5,Upper,lower_endpoint,0.675493661437931,0.0,1.0,0.05,276
survival_5,Large,lower_endpoint,0.7023291719654974,0.0,1.0,0.05,276
survival_5,Control,upper_endpoint,0.5834046217528969,0.06980383708737059,1.0,0.05,276
survival_5,Gikuriro,upper_endpoint,0.5958304198893364,0.06508168101506961,1.0,0.05,276
survival_5,Lower,upper_endpoint,0.6866008580487973,0.0,1.0,0.05,276
survival_5,Middle,upper_endpoint,0.4911951269889777,0.0,1.0,0.05,276
survival_5,Upper,upper_endpoint,0.6784190636882208,0.0,1.0,0.05,276
survival_5,Large,upper_endpoint,0.7245876404121969,0.0,1.0,0.05,276
survival_6,Control,identified_diets,0.3627724433921697,0.0,0.8763972501634989,0.05,138
survival_6,Gikuriro,identified_diets,0.3827861963875892,0.0,0.9069838071013832,0.05,138
survival_6,Lower,identified_diets,0.42776555086851514,0.0,1.0,0.05,138
survival_6,Middle,identified_diets,0.2835340854008429,0.0,1.0,0.05,138
survival_6,Upper,identified_diets,0.41613221455571703,0.0,1.0,0.05,138
survival_6,Large,identified_diets,0.4643873750063181,0.0,1.0,0.05,138
survival_6,Control,lower_endpoint,0.35756382095138234,0.0,0.8711646056169087,0.05,276
survival_6,Gikuriro,lower_endpoint,0.37438475884661276,0.0,0.9051334977208796,0.05,276
survival_6,Lower,lower_endpoint,0.41271617730618376,0.0,1.0,0.05,276
survival_6,Middle,lower_endpoint,0.2778097712611882,0.0,1.0,0.05,276
survival_6,Upper,lower_endpoint,0.420039004839069,0.0,1.0,0.05,276
survival_6,Large,lower_endpoint,0.45428270177756186,0.0,1.0,0.05,276
survival_6,Control,upper_endpoint,0.3869831915305909,0.0,0.9005839761961172,0.05,276
survival_6,Gikuriro,upper_endpoint,0.39791786462732215,0.0,0.9286666035015889,0.05,276
survival_6,Lower,upper_endpoint,0.4478975366554249,0.0,1.0,0.05,276
survival_6,Middle,upper_endpoint,0.2979989281717655,0.0,1.0,0.05,276
survival_6,Upper,upper_endpoint,0.420039004839069,0.0,1.0,0.05,276
survival_6,Large,upper_endpoint,0.4739215576868913,0.0,1.0,0.05,276
survival_7,Control,identified_diets,0.17499487265507196,0.0,0.6886196794264011,0.05,138
survival_7,Gikuriro,identified_diets,0.22836611107863264,0.0,0.7525637217924266,0.05,138
survival_7,Lower,identified_diets,0.21432395542511223,0.0,1.0,0.05,138
survival_7,Middle,identified_diets,0.15662072053199322,0.0,0.9785920726464701,0.05,138
survival_7,Upper,identified_diets,0.23020473633538435,0.0,1.0,0.05,138
survival_7,Large,identified_diets,0.24679769630335435,0.0,1.0,0.05,138
survival_7,Control,lower_endpoint,0.16926962803766846,0.0,0.6828704127031947,0.05,276
survival_7,Gikuriro,lower_endpoint,0.22396812394535437,0.0,0.7547168628196211,0.05,276
survival_7,Lower,lower_endpoint,0.2067837473321506,0.0,1.0,0.05,276
survival_7,Middle,lower_endpoint,0.1534586802297251,0.0,0.9906038507093146,0.05,276
survival_7,Upper,lower_endpoint,0.23628717727144222,0.0,1.0,0.05,276
survival_7,Large,lower_endpoint,0.24270133170364708,0.0,1.0,0.05,276
survival_7,Control,upper_endpoint,0.20459301887701356,0.0,0.7181938035425398,0.05,276
survival_7,Gikuriro,upper_endpoint,0.24750122972606375,0.0,0.7782499686003306,0.05,276
survival_7,Lower,upper_endpoint,0.24196510668139173,0.0,1.0,0.05,276
survival_7,Middle,upper_endpoint,0.17364783714030235,0.0,1.0,0.05,276
survival_7,Upper,upper_endpoint,0.23628717727144222,0.0,1.0,0.05,276
survival_7,Large,upper_endpoint,0.25970409952505674,0.0,1.0,0.05,276
survival_8,Control,identified_diets,0.08777229735953519,0.0,0.6013971041308643,0.05,138
survival_8,Gikuriro,identified_diets,0.1077900007204801,0.0,0.6319876114342741,0.05,138
survival_8,Lower,identified_diets,0.13324608969596052,0.0,0.9769966044279909,0.05,138
survival_8,Middle,identified_diets,0.05675179676207531,0.0,0.8787231488765522,0.05,138
survival_8,Upper,identified_diets,0.08359028142005481,0.0,0.958299815998688,0.05,138
survival_8,Large,identified_diets,0.11418163217492198,0.0,0.9337214063760846,0.05,138
survival_8,Control,lower_endpoint,0.08536097691343733,0.0,0.5989617615789636,0.05,276
survival_8,Gikuriro,lower_endpoint,0.10651803490240963,0.0,0.6372667737766764,0.05,276
survival_8,Lower,lower_endpoint,0.12855831113248573,0.0,0.9747360382388397,0.05,276
survival_8,Middle,lower_endpoint,0.05560602583228857,0.0,0.892751196311878,0.05,276
survival_8,Upper,lower_endpoint,0.08736591928730143,0.0,0.9859398239255098,0.05,276
survival_8,Large,lower_endpoint,0.11374719789839469,0.0,0.9420917556345104,0.05,276
survival_8,Control,upper_endpoint,0.11303334684526155,0.0,0.6266341315107878,0.05,276
survival_8,Gikuriro,upper_endpoint,0.13005114068311902,0.0,0.6607998795573857,0.05,276
survival_8,Lower,upper_endpoint,0.16373967048172686,0.0,1.0,0.05,276
survival_8,Middle,upper_endpoint,0.07579518274286584,0.0,0.9129403532224554,0.05,276
survival_8,Upper,upper_endpoint,0.09138834738144994,0.0,0.9899622520196584,0.05,276
survival_8,Large,upper_endpoint,0.13074996571980432,0.0,0.9590945234559201,0.05,276
survival_9,Control,identified_diets,0.029797126404962137,0.0,0.5434219331762913,0.05,138
survival_9,Gikuriro,identified_diets,0.028520825199869274,0.0,0.5527184359136633,0.05,138
survival_9,Lower,identified_diets,0.0288204150939136,0.0,0.872570929825944,0.05,138
survival_9,Middle,identified_diets,0.020601018471200085,0.0,0.842572370585677,0.05,138
survival_9,Upper,identified_diets,0.024574494390182104,0.0,0.8992840289688152,0.05,138
survival_9,Large,identified_diets,0.025787868610586757,0.0,0.8453276428117494,0.05,138
survival_9,Control,lower_endpoint,0.028665017921644897,0.0,0.5422658025871712,0.05,276
survival_9,Gikuriro,lower_endpoint,0.027781402546100786,0.0,0.5585301414203676,0.05,276
survival_9,Lower,lower_endpoint,0.027806473713900333,0.0,0.8739842008202543,0.05,276
survival_9,Middle,lower_endpoint,0.02018510127676732,0.0,0.8573302717563568,0.05,276
survival_9,Upper,lower_endpoint,0.02428693326542701,0.0,0.9228608379036354,0.05,276
survival_9,Large,lower_endpoint,0.025075787622088754,0.0,0.8534203453582044,0.05,276
survival_9,Control,upper_endpoint,0.057260877653517187,0.0,0.5708616623190435,0.05,276
survival_9,Gikuriro,upper_endpoint,0.05283707484866686,0.0,0.5835858137229336,0.05,276
survival_9,Lower,upper_endpoint,0.06298783306314149,0.0,0.9091655601694955,0.05,276
survival_9,Middle,upper_endpoint,0.04037425818734458,0.0,0.8775194286669341,0.05,276
survival_9,Upper,upper_endpoint,0.02904071192214798,0.0,0.9276146165603564,0.05,276
survival_9,Large,upper_endpoint,0.04479702111132924,0.0,0.8731415788474449,0.05,276
survival_10,Control,identified_diets,0.006618544881203885,0.0,0.520243351652533,0.05,138
survival_10,Gikuriro,identified_diets,0.011516629999312656,0.0,0.5357142407131067,0.05,138
survival_10,Lower,identified_diets,0.0054131220401366364,0.0,0.849163636772167,0.05,138
survival_10,Middle,identified_diets,0.0,0.0,0.8219713521144769,0.05,138
survival_10,Upper,identified_diets,0.009311790847973645,0.0,0.8840213254266067,0.05,138
survival_10,Large,identified_diets,0.0029820400343899527,0.0,0.8225218142355526,0.05,138
survival_10,Control,lower_endpoint,0.0063670806726962145,0.0,0.5199678653382225,0.05,276
survival_10,Gikuriro,lower_endpoint,0.011218053185462241,0.0,0.541966792059729,0.05,276
survival_10,Lower,lower_endpoint,0.0052226810484412925,0.0,0.8514004081547952,0.05,276
survival_10,Middle,lower_endpoint,0.0,0.0,0.8371451704795895,0.05,276
survival_10,Upper,lower_endpoint,0.009202827912370084,0.0,0.9077767325505784,0.05,276
survival_10,Large,lower_endpoint,0.002899696896711747,0.0,0.8312442546328275,0.05,276
survival_10,Control,upper_endpoint,0.03403945060452042,0.0,0.5476402352700467,0.05,276
survival_10,Gikuriro,upper_endpoint,0.034751158966171605,0.0,0.5654998978404384,0.05,276
survival_10,Lower,upper_endpoint,0.040404040397682445,0.0,0.8865817675040364,0.05,276
survival_10,Middle,upper_endpoint,0.02018915691057726,0.0,0.8573343273901667,0.05,276
survival_10,Upper,upper_endpoint,0.009202827912370084,0.0,0.9077767325505784,0.05,276
survival_10,Large,upper_endpoint,0.022620930385952226,0.0,0.850965488122068,0.05,276
survival_11,Control,identified_diets,0.0,0.0,0.5136248067713292,0.05,138
survival_11,Gikuriro,identified_diets,0.002110172670007238,0.0,0.5263077833838012,0.05,138
survival_11,Lower,identified_diets,0.0,0.0,0.8437505147320303,0.05,138
survival_11,Middle,identified_diets,0.0,0.0,0.8219713521144769,0.05,138
survival_11,Upper,identified_diets,0.0,0.0,0.8747095345786331,0.05,138
survival_11,Large,identified_diets,0.0,0.0,0.8195397742011626,0.05,138
survival_11,Control,lower_endpoint,0.0,0.0,0.5136007846655263,0.05,276
survival_11,Gikuriro,lower_endpoint,0.00205546494452482,0.0,0.5328042038187916,0.05,276
survival_11,Lower,lower_endpoint,0.0,0.0,0.846177727106354,0.05,276
survival_11,Middle,lower_endpoint,0.0,0.0,0.8371451704795895,0.05,276
survival_11,Upper,lower_endpoint,0.0,0.0,0.8985739046382084,0.05,276
survival_11,Large,lower_endpoint,0.0,0.0,0.8283445577361157,0.05,276
survival_11,Control,upper_endpoint,0.0276723699318242,0.0,0.5412731545973505,0.05,276
survival_11,Gikuriro,upper_endpoint,0.025588570725234187,0.0,0.556337309599501,0.05,276
survival_11,Lower,upper_endpoint,0.03518135934924115,0.0,0.8813590864555951,0.05,276
survival_11,Middle,upper_endpoint,0.02018915691057726,0.0,0.8573343273901667,0.05,276
survival_11,Upper,upper_endpoint,0.0,0.0,0.8985739046382084,0.05,276
survival_11,Large,upper_endpoint,0.01700276782140965,0.0,0.8453473255575253,0.05,276
survival_12,Control,identified_diets,0.0,0.0,0.5136248067713292,0.05,138
survival_12,Gikuriro,identified_diets,0.0,0.0,0.524197610713794,0.05,138
survival_12,Lower,identified_diets,0.0,0.0,0.8437505147320303,0.05,138
survival_12,Middle,identified_diets,0.0,0.0,0.8219713521144769,0.05,138
survival_12,Upper,identified_diets,0.0,0.0,0.8747095345786331,0.05,138
survival_12,Large,identified_diets,0.0,0.0,0.8195397742011626,0.05,138
survival_12,Control,lower_endpoint,0.0,0.0,0.5136007846655263,0.05,276
survival_12,Gikuriro,lower_endpoint,0.0,0.0,0.5307487388742668,0.05,276
survival_12,Lower,lower_endpoint,0.0,0.0,0.846177727106354,0.05,276
survival_12,Middle,lower_endpoint,0.0,0.0,0.8371451704795895,0.05,276
survival_12,Upper,lower_endpoint,0.0,0.0,0.8985739046382084,0.05,276
survival_12,Large,lower_endpoint,0.0,0.0,0.8283445577361157,0.05,276
survival_12,Control,upper_endpoint,0.0276723699318242,0.0,0.5412731545973505,0.05,276
survival_12,Gikuriro,upper_endpoint,0.023533105780709367,0.0,0.5542818446549761,0.05,276
survival_12,Lower,upper_endpoint,0.03518135934924115,0.0,0.8813590864555951,0.05,276
survival_12,Middle,upper_endpoint,0.02018915691057726,0.0,0.8573343273901667,0.05,276
survival_12,Upper,upper_endpoint,0.0,0.0,0.8985739046382084,0.05,276
survival_12,Large,upper_endpoint,0.01700276782140965,0.0,0.8453473255575253,0.05,276
shortfall_1,Control,identified_diets,-0.0019253948745320392,-0.5155502016458612,0.0,0.05,138
shortfall_1,Gikuriro,identified_diets,0.0,-0.524197610713794,0.0,0.05,138
shortfall_1,Lower,identified_diets,0.0,-0.8437505147320303,0.0,0.05,138
shortfall_1,Middle,identified_diets,0.0,-0.8219713521144769,0.0,0.05,138
shortfall_1,Upper,identified_diets,-0.011840157899410198,-0.8865496924780433,0.0,0.05,138
shortfall_1,Large,identified_diets,0.0,-0.8195397742011626,0.0,0.05,138
shortfall_1,Control,lower_endpoint,-0.029524611582063102,-0.5431253962475894,0.0,0.05,276
shortfall_1,Gikuriro,lower_endpoint,-0.023533105780709367,-0.5542818446549761,0.0,0.05,276
shortfall_1,Lower,lower_endpoint,-0.03518135934924115,-0.8813590864555951,0.0,0.05,276
shortfall_1,Middle,lower_endpoint,-0.02018915691057726,-0.8573343273901667,0.0,0.05,276
shortfall_1,Upper,lower_endpoint,-0.011701609001159312,-0.9102755136393678,0.0,0.05,276
shortfall_1,Large,lower_endpoint,-0.01700276782140965,-0.8453473255575253,0.0,0.05,276
shortfall_1,Control,upper_endpoint,-0.0018522416502388987,-0.5154530263157652,0.0,0.05,276
shortfall_1,Gikuriro,upper_endpoint,0.0,-0.5307487388742668,0.0,0.05,276
shortfall_1,Lower,upper_endpoint,0.0,-0.846177727106354,0.0,0.05,276
shortfall_1,Middle,upper_endpoint,0.0,-0.8371451704795895,0.0,0.05,276
shortfall_1,Upper,upper_endpoint,-0.011701609001159312,-0.9102755136393678,0.0,0.05,276
shortfall_1,Large,upper_endpoint,0.0,-0.8283445577361157,0.0,0.05,276
shortfall_2,Control,identified_diets,-0.018664022787628753,-0.532288829558958,0.0,0.05,138
shortfall_2,Gikuriro,identified_diets,-0.011661774358849526,-0.5358593850726435,0.0,0.05,138
shortfall_2,Lower,identified_diets,-0.005502349701332577,-0.8492528644333629,0.0,0.05,138
shortfall_2,Middle,identified_diets,-0.01947100466162104,-0.8414423567760979,0.0,0.05,138
shortfall_2,Upper,identified_diets,-0.020011100199784422,-0.8947206347784176,0.0,0.05,138
shortfall_2,Large,identified_diets,-0.013893595614771369,-0.833433369815934,0.0,0.05,138
shortfall_2,Control,lower_endpoint,-0.045627274053326075,-0.5592280587188524,0.0,0.05,276
shortfall_2,Gikuriro,lower_endpoint,-0.03489254035508066,-0.5656412792293475,0.0,0.05,276
shortfall_2,Lower,lower_endpoint,-0.040490128908465955,-0.8866678560148199,0.0,0.05,276
shortfall_2,Middle,lower_endpoint,-0.03926705840387825,-0.8764122288834677,0.0,0.05,276
shortfall_2,Upper,lower_endpoint,-0.019776938129563524,-0.9183508427677719,0.0,0.05,276
shortfall_2,Large,lower_endpoint,-0.030512719271998473,-0.8588572770081142,0.0,0.05,276
shortfall_2,Control,upper_endpoint,-0.01795490412150187,-0.5315556887870282,0.0,0.05,276
shortfall_2,Gikuriro,upper_endpoint,-0.011359434574371293,-0.542108173448638,0.0,0.05,276
shortfall_2,Lower,upper_endpoint,-0.005308769559224807,-0.8514864966655787,0.0,0.05,276
shortfall_2,Middle,upper_endpoint,-0.019077901493300988,-0.8562230719728905,0.0,0.05,276
shortfall_2,Upper,upper_endpoint,-0.019776938129563524,-0.9183508427677719,0.0,0.05,276
shortfall_2,Large,upper_endpoint,-0.013509951450588822,-0.8418545091867046,0.0,0.05,276
shortfall_3,Control,identified_diets,-0.042850063486306926,-0.5564748702576361,0.0,0.05,138
shortfall_3,Gikuriro,identified_diets,-0.03234853758017184,-0.5565461482939659,0.0,0.05,138
shortfall_3,Lower,identified_diets,-0.018043741240014486,-0.8617942559720448,0.0,0.05,138
shortfall_3,Middle,identified_diets,-0.05981023877729072,-0.8817815908917677,0.0,0.05,138
shortfall_3,Upper,identified_diets,-0.036476319670831474,-0.9111858542494645,0.0,0.05,138
shortfall_3,Large,identified_diets,-0.024300882900814603,-0.8438406571019772,0.0,0.05,138
shortfall_3,Control,lower_endpoint,-0.0688943931929015,-0.5824951778584277,0.0,0.05,276
shortfall_3,Gikuriro,lower_endpoint,-0.0553329972351303,-0.5860817361093971,0.0,0.05,276
shortfall_3,Lower,lower_endpoint,-0.05259029724468596,-0.89876802435104,0.0,0.05,276
shortfall_3,Middle,lower_endpoint,-0.07879187739233415,-0.9159370478719236,0.0,0.05,276
shortfall_3,Upper,lower_endpoint,-0.036049488040242106,-0.9346233926784505,0.0,0.05,276
shortfall_3,Large,lower_endpoint,-0.0406326299031449,-0.8689771876392606,0.0,0.05,276
shortfall_3,Control,upper_endpoint,-0.04122202326107729,-0.5548228079266035,0.0,0.05,276
shortfall_3,Gikuriro,upper_endpoint,-0.031509878763835424,-0.5622586176381021,0.0,0.05,276
shortfall_3,Lower,upper_endpoint,-0.017408937895444815,-0.8635866650017988,0.0,0.05,276
shortfall_3,Middle,upper_endpoint,-0.05860272048175689,-0.8957478909613463,0.0,0.05,276
shortfall_3,Upper,upper_endpoint,-0.036049488040242106,-0.9346233926784505,0.0,0.05,276
shortfall_3,Large,upper_endpoint,-0.02362986208173526,-0.8519744198178509,0.0,0.05,276
shortfall_4,Control,identified_diets,-0.0885221576413606,-0.6021469644126898,0.0,0.05,138
shortfall_4,Gikuriro,identified_diets,-0.07943030291102891,-0.6036279136248229,0.0,0.05,138
shortfall_4,Lower,identified_diets,-0.05857523821796568,-0.9023257529499961,0.0,0.05,138
shortfall_4,Middle,identified_diets,-0.12369165375533935,-0.9456630058698162,0.0,0.05,138
shortfall_4,Upper,identified_diets,-0.06594567087033036,-0.9406552054489634,0.0,0.05,138
shortfall_4,Large,identified_diets,-0.0534921576551758,-0.8730319318563384,0.0,0.05,138
shortfall_4,Control,lower_endpoint,-0.11283122722450953,-0.6264320118900358,0.0,0.05,276
shortfall_4,Gikuriro,lower_endpoint,-0.10133914069940049,-0.6320878795736673,0.0,0.05,276
shortfall_4,Lower,lower_endpoint,-0.09169584106249318,-0.9378735681688471,0.0,0.05,276
shortfall_4,Middle,lower_endpoint,-0.14138358045972121,-0.9785287509393107,0.0,0.05,276
shortfall_4,Upper,lower_endpoint,-0.06517400041448661,-0.963747905052695,0.0,0.05,276
shortfall_4,Large,lower_endpoint,-0.06901784533959612,-0.8973624030757118,0.0,0.05,276
shortfall_4,Control,upper_endpoint,-0.08515885729268531,-0.5987596419582116,0.0,0.05,276
shortfall_4,Gikuriro,upper_endpoint,-0.077588525400752,-0.6083372642750188,0.0,0.05,276
shortfall_4,Lower,upper_endpoint,-0.056514481713252025,-0.902692208819606,0.0,0.05,276
shortfall_4,Middle,upper_endpoint,-0.12119442354914398,-0.9583395940287335,0.0,0.05,276
shortfall_4,Upper,upper_endpoint,-0.06517400041448661,-0.963747905052695,0.0,0.05,276
shortfall_4,Large,upper_endpoint,-0.052015077518186466,-0.8803596352543022,0.0,0.05,276
shortfall_5,Control,identified_diets,-0.1574274409877382,-0.6710522477590674,0.0,0.05,138
shortfall_5,Gikuriro,identified_diets,-0.14635097408105718,-0.6705485847948511,0.0,0.05,138
shortfall_5,Lower,identified_diets,-0.11182559002806024,-0.9555761047600906,0.0,0.05,138
shortfall_5,Middle,identified_diets,-0.2028110985330091,-1.0,0.0,0.05,138
shortfall_5,Upper,identified_diets,-0.11783423777129447,-0.9925437723499275,0.0,0.05,138
shortfall_5,Large,identified_diets,-0.09944038344808181,-0.9189801576492445,0.0,0.05,138
shortfall_5,Control,lower_endpoint,-0.1791185314153931,-0.6927193160809194,0.0,0.05,276
shortfall_5,Gikuriro,lower_endpoint,-0.16661184973779503,-0.6973605886120617,0.0,0.05,276
shortfall_5,Lower,lower_endpoint,-0.1430727731100833,-0.9892505002164372,0.0,0.05,276
shortfall_5,Middle,lower_endpoint,-0.21890567035209688,-1.0,0.0,0.05,276
shortfall_5,Upper,lower_endpoint,-0.1170404680440031,-1.0,0.0,0.05,276
shortfall_5,Large,lower_endpoint,-0.11474844187857743,-0.9430929996146932,0.0,0.05,276
shortfall_5,Control,upper_endpoint,-0.1514461614835689,-0.6650469461490952,0.0,0.05,276
shortfall_5,Gikuriro,upper_endpoint,-0.14290473634273437,-0.6736534752170011,0.0,0.05,276
shortfall_5,Lower,upper_endpoint,-0.10789141376084212,-0.9540691408671961,0.0,0.05,276
shortfall_5,Middle,upper_endpoint,-0.1987165134415196,-1.0,0.0,0.05,276
shortfall_5,Upper,upper_endpoint,-0.11645538759394514,-1.0,0.0,0.05,276
shortfall_5,Large,upper_endpoint,-0.09669453393210976,-0.9250390916682255,0.0,0.05,276
shortfall_6,Control,identified_diets,-0.23739412692442027,-0.7510189336957495,0.0,0.05,138
shortfall_6,Gikuriro,identified_diets,-0.22482811233628275,-0.7490257230500768,0.0,0.05,138
shortfall_6,Lower,identified_diets,-0.18856039987863096,-1.0,0.0,0.05,138
shortfall_6,Middle,identified_diets,-0.2884202345440338,-1.0,0.0,0.05,138
shortfall_6,Upper,identified_diets,-0.19550649571679254,-1.0,0.0,0.05,138
shortfall_6,Large,identified_diets,-0.17213575703901512,-0.9916755312401777,0.0,0.05,138
shortfall_6,Control,lower_endpoint,-0.2563381393542639,-0.7699389240197902,0.0,0.05,276
shortfall_6,Gikuriro,lower_endpoint,-0.24311241497372704,-0.7738611538479938,0.0,0.05,276
shortfall_6,Lower,lower_endpoint,-0.2171079480407054,-1.0,0.0,0.05,276
shortfall_6,Middle,lower_endpoint,-0.30278643008321604,-1.0,0.0,0.05,276
shortfall_6,Upper,lower_endpoint,-0.19419388923015776,-1.0,0.0,0.05,276
shortfall_6,Large,lower_endpoint,-0.1865765846025542,-1.0,0.0,0.05,276
shortfall_6,Control,upper_endpoint,-0.2283746026478756,-0.7419753873134018,0.0,0.05,276
shortfall_6,Gikuriro,upper_endpoint,-0.21943430284772494,-0.7501830417219917,0.0,0.05,276
shortfall_6,Lower,upper_endpoint,-0.18192658869146427,-1.0,0.0,0.05,276
shortfall_6,Middle,upper_endpoint,-0.2825972731726388,-1.0,0.0,0.05,276
shortfall_6,Upper,upper_endpoint,-0.19370632218844278,-1.0,0.0,0.05,276
shortfall_6,Large,upper_endpoint,-0.16825851866227623,-0.996603076398392,0.0,0.05,276
shortfall_7,Control,identified_diets,-0.32133855555592133,-0.8349633623272505,0.0,0.05,138
shortfall_7,Gikuriro,identified_diets,-0.3029432232770091,-0.8271408339908031,0.0,0.05,138
shortfall_7,Lower,identified_diets,-0.27386263483523904,-1.0,0.0,0.05,138
shortfall_7,Middle,identified_diets,-0.3677000981046014,-1.0,0.0,0.05,138
shortfall_7,Upper,identified_diets,-0.2775477482807673,-1.0,0.0,0.05,138
shortfall_7,Large,identified_diets,-0.2551452637043909,-1.0,0.0,0.05,138
shortfall_7,Control,lower_endpoint,-0.33839417258398785,-0.8519949572495141,0.0,0.05,276
shortfall_7,Gikuriro,lower_endpoint,-0.31924376655671544,-0.8499925054309823,0.0,0.05,276
shortfall_7,Lower,lower_endpoint,-0.29940913441601164,-1.0,0.0,0.05,276
shortfall_7,Middle,lower_endpoint,-0.38046570003851016,-1.0,0.0,0.05,276
shortfall_7,Upper,lower_endpoint,-0.27555373687278634,-1.0,0.0,0.05,276
shortfall_7,Large,lower_endpoint,-0.26810831084452547,-1.0,0.0,0.05,276
shortfall_7,Control,upper_endpoint,-0.30937922814432,-0.8229800128098463,0.0,0.05,276
shortfall_7,Gikuriro,upper_endpoint,-0.295586369622898,-0.8263351084971648,0.0,0.05,276
shortfall_7,Lower,upper_endpoint,-0.2642277750667705,-1.0,0.0,0.05,276
shortfall_7,Middle,upper_endpoint,-0.3602765431279329,-1.0,0.0,0.05,276
shortfall_7,Upper,upper_endpoint,-0.27513582226560207,-1.0,0.0,0.05,276
shortfall_7,Large,upper_endpoint,-0.24997814463551435,-1.0,0.0,0.05,276
shortfall_8,Control,identified_diets,-0.3951996989414893,-0.9088245057128185,0.0,0.05,138
shortfall_8,Gikuriro,identified_diets,-0.376601570277323,-0.900799180991117,0.0,0.05,138
shortfall_8,Lower,identified_diets,-0.3479740442688391,-1.0,0.0,0.05,138
shortfall_8,Middle,identified_diets,-0.43964361124626683,-1.0,0.0,0.05,138
shortfall_8,Upper,identified_diets,-0.3574054945681645,-1.0,0.0,0.05,138
shortfall_8,Large,identified_diets,-0.3339794017194768,-1.0,0.0,0.05,138
shortfall_8,Control,lower_endpoint,-0.41042477889680967,-0.924025563562336,0.0,0.05,276
shortfall_8,Gikuriro,lower_endpoint,-0.3910235413743248,-0.9217722802485916,0.0,0.05,276
shortfall_8,Lower,lower_endpoint,-0.37091320372244946,-1.0,0.0,0.05,276
shortfall_8,Middle,lower_endpoint,-0.4509567343046603,-1.0,0.0,0.05,276
shortfall_8,Upper,lower_endpoint,-0.35518877985277536,-1.0,0.0,0.05,276
shortfall_8,Large,lower_endpoint,-0.34537637225166046,-1.0,0.0,0.05,276
shortfall_8,Control,upper_endpoint,-0.38157765627062235,-0.8951784409361486,0.0,0.05,276
shortfall_8,Gikuriro,upper_endpoint,-0.3673816808346459,-0.8981304197089126,0.0,0.05,276
shortfall_8,Lower,upper_endpoint,-0.3357318443732083,-1.0,0.0,0.05,276
shortfall_8,Middle,upper_endpoint,-0.43076757739408306,-1.0,0.0,0.05,276
shortfall_8,Upper,upper_endpoint,-0.35432030105972057,-1.0,0.0,0.05,276
shortfall_8,Large,upper_endpoint,-0.32738713084109955,-1.0,0.0,0.05,276
shortfall_9,Control,identified_diets,-0.4590889405696613,-0.9727137473409905,0.0,0.05,138
shortfall_9,Gikuriro,identified_diets,-0.44269908189096824,-0.9668966926047622,0.0,0.05,138
shortfall_9,Lower,identified_diets,-0.4172191043396444,-1.0,0.0,0.05,138
shortfall_9,Middle,identified_diets,-0.4996164301665483,-1.0,0.0,0.05,138
shortfall_9,Upper,identified_diets,-0.42607438468390385,-1.0,0.0,0.05,138
shortfall_9,Large,identified_diets,-0.405116371682803,-1.0,0.0,0.05,138
shortfall_9,Control,lower_endpoint,-0.4727481348058703,-0.9863489194713966,0.0,0.05,276
shortfall_9,Gikuriro,lower_endpoint,-0.45560076982761083,-0.9863495087018777,0.0,0.05,276
shortfall_9,Lower,lower_endpoint,-0.43772212845174385,-1.0,0.0,0.05,276
shortfall_9,Middle,lower_endpoint,-0.5097187525733905,-1.0,0.0,0.05,276
shortfall_9,Upper,lower_endpoint,-0.42413592283964174,-1.0,0.0,0.05,276
shortfall_9,Large,lower_endpoint,-0.41532613226568826,-1.0,0.0,0.05,276
shortfall_9,Control,upper_endpoint,-0.4439289302790512,-0.9575297149445775,0.0,0.05,276
shortfall_9,Gikuriro,upper_endpoint,-0.43180181909205556,-0.9625505579663223,0.0,0.05,276
shortfall_9,Lower,upper_endpoint,-0.40254076910250275,-1.0,0.0,0.05,276
shortfall_9,Middle,upper_endpoint,-0.4895295956628133,-1.0,0.0,0.05,276
shortfall_9,Upper,upper_endpoint,-0.4228357440617352,-1.0,0.0,0.05,276
shortfall_9,Large,upper_endpoint,-0.39714444729082965,-1.0,0.0,0.05,276
shortfall_10,Control,identified_diets,-0.5125181920245748,-1.0,0.0,0.05,138
shortfall_10,Gikuriro,identified_diets,-0.4972775107019401,-1.0,0.0,0.05,138
shortfall_10,Lower,identified_diets,-0.47495588170166614,-1.0,0.0,0.05,138
shortfall_10,Middle,identified_diets,-0.5496547871498935,-1.0,0.0,0.05,138
shortfall_10,Upper,identified_diets,-0.4825357671307161,-1.0,0.0,0.05,138
shortfall_10,Large,identified_diets,-0.4643065305110837,-1.0,0.0,0.05,138
shortfall_10,Control,lower_endpoint,-0.5248366132580137,-1.0,-0.011235828592487396,0.05,276
shortfall_10,Gikuriro,lower_endpoint,-0.5089188875263035,-1.0,0.0,0.05,276
shortfall_10,Lower,lower_endpoint,-0.4934276475017253,-1.0,0.0,0.05,276
shortfall_10,Middle,lower_endpoint,-0.5587468773160514,-1.0,0.0,0.05,276
shortfall_10,Upper,lower_endpoint,-0.4808020477644406,-1.0,0.0,0.05,276
shortfall_10,Large,lower_endpoint,-0.47350354934944827,-1.0,0.0,0.05,276
shortfall_10,Control,upper_endpoint,-0.49613209219069404,-1.0,0.0,0.05,276
shortfall_10,Gikuriro,upper_endpoint,-0.4851465212862328,-1.0,0.0,0.05,276
shortfall_10,Lower,upper_endpoint,-0.45824628815248425,-1.0,0.0,0.05,276
shortfall_10,Middle,upper_endpoint,-0.5385577204054742,-1.0,0.0,0.05,276
shortfall_10,Upper,upper_endpoint,-0.4796318868643247,-1.0,0.0,0.05,276
shortfall_10,Large,upper_endpoint,-0.45516790952315145,-1.0,0.0,0.05,276
shortfall_11,Control,identified_diets,-0.5568347200223408,-1.0,-0.043209913251011645,0.05,138
shortfall_11,Gikuriro,identified_diets,-0.5427877213044904,-1.0,-0.018590110590696374,0.05,138
shortfall_11,Lower,identified_diets,-0.5226871651833329,-1.0,0.0,0.05,138
shortfall_11,Middle,identified_diets,-0.5905952610453578,-1.0,0.0,0.05,138
shortfall_11,Upper,identified_diets,-0.5295779701188328,-1.0,0.0,0.05,138
shortfall_11,Large,identified_diets,-0.5130059368282579,-1.0,0.0,0.05,138
shortfall_11,Control,lower_endpoint,-0.5680332847800124,-1.0,-0.05443250011448608,0.05,276
shortfall_11,Gikuriro,lower_endpoint,-0.5533757645744101,-1.0,-0.0226270257001433,0.05,276
shortfall_11,Lower,lower_endpoint,-0.539479679547023,-1.0,0.0,0.05,276
shortfall_11,Middle,lower_endpoint,-0.5988607975600468,-1.0,0.0,0.05,276
shortfall_11,Upper,lower_endpoint,-0.528001861604037,-1.0,0.0,0.05,276
shortfall_11,Large,lower_endpoint,-0.5213668630449529,-1.0,0.0,0.05,276
shortfall_11,Control,upper_endpoint,-0.5394225956341016,-1.0,-0.025821810968575276,0.05,276
shortfall_11,Gikuriro,upper_endpoint,-0.5296251492851904,-1.0,0.0,0.05,276
shortfall_11,Lower,upper_endpoint,-0.5042983201977819,-1.0,0.0,0.05,276
shortfall_11,Middle,upper_endpoint,-0.5786716406494695,-1.0,0.0,0.05,276
shortfall_11,Upper,upper_endpoint,-0.526938078967568,-1.0,0.0,0.05,276
shortfall_11,Large,upper_endpoint,-0.5031523934009187,-1.0,0.0,0.05,276
shortfall_12,Control,identified_diets,-0.5937651600204791,-1.0,-0.08014035324914992,0.05,138
shortfall_12,Gikuriro,identified_diets,-0.5808887445291162,-1.0,-0.0566911338153222,0.05,138
shortfall_12,Lower,identified_diets,-0.5624632347513885,-1.0,0.0,0.05,138
shortfall_12,Middle,identified_diets,-0.6247123226249112,-1.0,0.0,0.05,138
shortfall_12,Upper,identified_diets,-0.5687798059422634,-1.0,0.0,0.05,138
shortfall_12,Large,identified_diets,-0.5535887754259031,-1.0,0.0,0.05,138
shortfall_12,Control,lower_endpoint,-0.6040305110483446,-1.0,-0.09042972638281832,0.05,276
shortfall_12,Gikuriro,lower_endpoint,-0.5905944508598759,-1.0,-0.059845711985609173,0.05,276
shortfall_12,Lower,lower_endpoint,-0.5778563729181044,-1.0,0.0,0.05,276
shortfall_12,Middle,lower_endpoint,-0.6322890644300428,-1.0,0.0,0.05,276
shortfall_12,Upper,lower_endpoint,-0.5673350398037005,-1.0,0.0,0.05,276
shortfall_12,Large,lower_endpoint,-0.5612529577912069,-1.0,0.0,0.05,276
shortfall_12,Control,upper_endpoint,-0.5754980151702743,-1.0,-0.061897230504748046,0.05,276
shortfall_12,Gikuriro,upper_endpoint,-0.5668619613630321,-1.0,-0.03611322248876536,0.05,276
shortfall_12,Lower,upper_endpoint,-0.5426750135688633,-1.0,0.0,0.05,276
shortfall_12,Middle,upper_endpoint,-0.6120999075194656,-1.0,0.0,0.05,276
shortfall_12,Upper,upper_endpoint,-0.5663599057202705,-1.0,0.0,0.05,276
shortfall_12,Large,upper_endpoint,-0.5431394632990579,-1.0,0.0,0.05,276
