split,cutoff,arm,estimate,se,p,lo,hi,N,villages,p_holm
dietarydiversity,4.0,Gikuriro,-0.5308722311108278,0.2810126768291983,0.060044491792063844,-1.0843589457871643,0.02261448356550866,1692,248,0.6004449179206385
dietarydiversity,4.0,Lower,0.1309933861909114,0.33845160284349207,0.6990618700646072,-0.5356258846850583,0.7976126570668811,1692,248,1.0
dietarydiversity,4.0,Middle,-0.3204801307906209,0.38240907449988,0.402809609198102,-1.0736786864415626,0.43271842486032086,1692,248,1.0
dietarydiversity,4.0,Upper,-0.28114954703302786,0.43703616576371945,0.5206200440192581,-1.1419424276699708,0.5796433336039151,1692,248,1.0
dietarydiversity,4.0,Large,-0.407549400313318,0.3310841912793906,0.21951092953306484,-1.0596577086651255,0.24455890803848956,1692,248,1.0
consumption_asinh,10.4088726044,Gikuriro,-0.14895394548004326,0.24808282569738527,0.5487767105912263,-0.6375815394811724,0.3396736485210859,1728,248,1.0
consumption_asinh,10.4088726044,Lower,-0.26178837568730096,0.2884588374503027,0.3650050565335463,-0.8299411581924294,0.3063644068178275,1728,248,1.0
consumption_asinh,10.4088726044,Middle,-0.5882391267853428,0.5817948911225632,0.31296924775431517,-1.734150928830587,0.5576726752599013,1728,248,1.0
consumption_asinh,10.4088726044,Upper,-0.20439991230858467,0.3604512542328911,0.5711838260119584,-0.9143500211700029,0.5055501965528335,1728,248,1.0
consumption_asinh,10.4088726044,Large,-0.10408018428564247,0.2583660512981184,0.6874143671742853,-0.6129617711608539,0.404801402589569,1728,248,1.0
