outcome,arm,estimate,se,p,lo,hi,N,villages,p_holm
dietarydiversity,Gikuriro,0.11130110431482783,0.14183300490122938,0.4333618466389741,-0.1680552749106145,0.39065748354027013,960,248,1.0
dietarydiversity,Lower,-0.3057803483680908,0.15661215451670224,0.0520122230070387,-0.6142459587452296,0.002685262009048006,960,248,0.7281711220985418
dietarydiversity,Middle,-0.0816719073802929,0.19796478944234178,0.6802885266575929,-0.47158627767267836,0.30824246291209256,960,248,1.0
dietarydiversity,Upper,0.2751508442860792,0.24193801604821,0.25652403405222135,-0.20137384196224178,0.7516755305344003,960,248,1.0
dietarydiversity,Large,-0.39230085638638273,0.20872117945499022,0.06134734118194075,-0.8034011711601865,0.01879945838742103,960,248,0.7975154353652297
consumption_asinh,Gikuriro,-0.14947382764222183,0.1175003544837016,0.20452900690244535,-0.3809042595725851,0.08195660428814144,967,248,1.0
consumption_asinh,Lower,-0.1845901840941444,0.15288714454482225,0.22844751072467873,-0.48571895986746355,0.11653859167917474,967,248,1.0
consumption_asinh,Middle,-0.05620073667384062,0.17410246755594244,0.7471177988637393,-0.39911552568584124,0.28671405233816,967,248,1.0
consumption_asinh,Upper,-0.2611790667550089,0.18690625861241036,0.16355325217181155,-0.6293123915541123,0.10695425804409453,967,248,1.0
consumption_asinh,Large,-0.15437101025117173,0.20061530932486374,0.44233908221256946,-0.5495058836130791,0.2407638631107356,967,248,1.0
savingsstock_asinh,Gikuriro,-0.3337468288992671,0.42337828726321014,0.4312802836096004,-1.1676389505171065,0.5001452927185723,967,248,1.0
savingsstock_asinh,Lower,-0.2537745318034137,0.5795823544602304,0.6618721701791511,-1.3953284889921431,0.8877794253853157,967,248,1.0
savingsstock_asinh,Middle,-0.7659710111677374,0.6930075818398392,0.27011148642298793,-2.130928969813362,0.598986947477887,967,248,1.0
savingsstock_asinh,Upper,-0.18063329982858178,0.7637787124171492,0.8132410866899208,-1.6849831215002777,1.3237165218431142,967,248,1.0
savingsstock_asinh,Large,-0.9310784811056578,0.45528016843892155,0.04190812633729125,-1.8278050186052819,-0.034351943606033775,967,248,0.6286218950593687
