missing_interval_fraction,policy,GK_minus_cash
0.0,Control,0.16123272226162566
0.0,Lower,-0.1528569353012541
0.0,Middle,0.5003353628420051
0.0,Upper,-0.27911293267410464
0.0,Control+Large,0.03773254554672052
0.0,Lower+Large,-0.1833151572457241
0.0,Middle+Large,0.442455128938418
0.0,Upper+Large,-0.27971103722673163
0.1,Control,0.15547271460415502
0.1,Lower,-0.16659557912413092
0.1,Middle,0.5045873619455259
0.1,Upper,-0.25180410617800764
0.1,Control+Large,0.0349805372122115
0.1,Lower+Large,-0.19392277764985016
0.1,Middle+Large,0.44687625305732626
0.1,Upper+Large,-0.2525707472838078
0.2,Control,0.14971270694668348
0.2,Lower,-0.18033422294700774
0.2,Middle,0.5088393610490458
0.2,Upper,-0.22449527968191063
0.2,Control+Large,0.032228528877700925
0.2,Lower+Large,-0.20453039805397646
0.2,Middle+Large,0.45129737717623347
0.2,Upper+Large,-0.22543045734088393
0.30000000000000004,Control,0.14395269928921017
0.30000000000000004,Lower,-0.19407286676988544
0.30000000000000004,Middle,0.513091360152564
0.30000000000000004,Upper,-0.1971864531858154
0.30000000000000004,Control+Large,0.02947652054318881
0.30000000000000004,Lower+Large,-0.2151380184581039
0.30000000000000004,Middle+Large,0.45571850129513897
0.30000000000000004,Upper+Large,-0.19829016739796185
0.4,Control,0.13819269163173953
0.4,Lower,-0.20781151059276226
0.4,Middle,0.5173433592560839
0.4,Upper,-0.1698776266897184
0.4,Control+Large,0.02672451220867934
0.4,Lower+Large,-0.2257456388622301
0.4,Middle+Large,0.46013962541404635
0.4,Upper+Large,-0.17114987745503796
0.5,Control,0.132432683974268
0.5,Lower,-0.2215501544156373
0.5,Middle,0.5215953583596056
0.5,Upper,-0.1425688001936205
0.5,Control+Large,0.02397250387416987
0.5,Lower+Large,-0.2363532592663547
0.5,Middle+Large,0.4645607495329554
0.5,Upper+Large,-0.1440095875121132
0.6000000000000001,Control,0.12667267631679557
0.6000000000000001,Lower,-0.23528879823851412
0.6000000000000001,Middle,0.5258473574631255
0.6000000000000001,Upper,-0.11525997369752439
0.6000000000000001,Control+Large,0.021220495539658643
0.6000000000000001,Lower+Large,-0.24696087967048116
0.6000000000000001,Middle+Large,0.46898187365186256
0.6000000000000001,Upper+Large,-0.11686929756919022
0.7000000000000001,Control,0.12091266865932404
0.7000000000000001,Lower,-0.24902744206139182
0.7000000000000001,Middle,0.5300993565666454
0.7000000000000001,Upper,-0.08795114720142738
0.7000000000000001,Control+Large,0.01846848720514807
0.7000000000000001,Lower+Large,-0.25756850007460824
0.7000000000000001,Middle+Large,0.4734029977707699
0.7000000000000001,Upper+Large,-0.08972900762626636
0.8,Control,0.11515266100185162
0.8,Lower,-0.26276608588426864
0.8,Middle,0.5343513556701645
0.8,Upper,-0.060642320705331265
0.8,Control+Large,0.01571647887063727
0.8,Lower+Large,-0.2681761204787344
0.8,Middle+Large,0.4778241218896764
0.8,Upper+Large,-0.06258871768334337
0.9,Control,0.1093926533443792
0.9,Lower,-0.27650472970714635
0.9,Middle,0.5386033547736835
0.9,Upper,-0.03333349420923515
0.9,Control+Large,0.012964470536126255
0.9,Lower+Large,-0.27878374088286173
0.9,Middle+Large,0.4822452460085827
0.9,Upper+Large,-0.035448427740420396
1.0,Control,0.10363264568690767
1.0,Lower,-0.2902433735300223
1.0,Middle,0.5428553538772034
1.0,Upper,-0.006024667713138143
1.0,Control+Large,0.010212462201616129
1.0,Lower+Large,-0.2893913612869873
1.0,Middle+Large,0.48666637012749003
1.0,Upper+Large,-0.008308137797496529
