outcome,policy,fitted_value,fitted_regret,regret_lower_95,regret_upper_95,not_ruled_out_optimal_95,population_worstcase_regret,population_regret_lower_95,population_not_ruled_out_optimal_95,population_regret_upper_95
mean,Gikuriro,5.029335065650604,0.23738591577822898,0.0,0.7633625639663766,True,0.575033247492148,0.0,True,1.1718486654700135
mean,Control,4.874818079754252,0.3919029016745803,0.006388801778014069,0.9407152962480909,False,0.7362659697537737,0.0,True,1.3061716134942218
mean,Lower,5.2504411829833355,0.016279798445497207,0.0,0.6672447298065415,True,0.14024107645836828,0.0,True,1.0192568124252812
mean,Middle,4.503452128501066,0.7632688529277667,0.008503266781545081,1.663194706526483,False,1.075368610334153,0.0,True,1.927727866509093
mean,Upper,5.17464232869284,0.09207865273599314,0.0,0.8188424383875333,True,0.2959203148180434,0.0,True,1.018496380146868
mean,Control+Large,4.99080859859881,0.27591238283002273,0.0,0.7998588510399927,True,0.6127657930388686,0.0,True,1.1567007281144486
mean,Lower+Large,5.266720981428833,0.0,0.0,0.5878681873490814,True,0.10800159548163124,0.0,True,0.9076072789598542
mean,Middle+Large,4.561403608990578,0.7053173724382544,0.0,1.568524175493232,True,1.0174883764305656,0.0,True,1.831517066338949
mean,Upper+Large,5.1761361961698436,0.09058478525898916,0.0,0.8148119034541879,True,0.2953222102654168,0.0,True,1.0151347039357341
shortfall_6,Gikuriro,-0.22482811233628275,0.03877856847303676,0.0,0.0968262566835412,True,0.06327528151039805,0.0,True,0.12406821981818157
shortfall_6,Control,-0.23739412692442027,0.05134458306117429,0.0024718276971861797,0.12090493454930917,False,0.07650100589093492,0.0,True,0.14055533741029105
shortfall_6,Lower,-0.18856039987863096,0.002510856015384977,0.0,0.08006157383655825,True,0.02361016802460999,0.0,True,0.12753304465849186
shortfall_6,Middle,-0.2884202345440338,0.10237069068078783,0.0019406595398331972,0.20930000518727038,False,0.12294929661988704,3.970231872532735e-05,False,0.22741977782035577
shortfall_6,Upper,-0.19550649571679254,0.009456951853546558,0.0,0.09395376551288141,True,0.01435675576682877,0.0,True,0.09948561787452491
shortfall_6,Control+Large,-0.2216938752750552,0.03564433141180923,0.0,0.09742343074538491,True,0.05762789567760583,0.0,True,0.1168110047791197
shortfall_6,Lower+Large,-0.186049543863246,0.0,0.0,0.0711162146406084,True,0.018792685016342844,0.0,True,0.1132581310133647
shortfall_6,Middle+Large,-0.28052451658240785,0.09447497271916186,0.0,0.19651379953088693,True,0.11381484919116204,0.0,True,0.21426112027341676
shortfall_6,Upper+Large,-0.1953149748804966,0.009265431017250608,0.0,0.09340898856316812,True,0.014144218031959099,0.0,True,0.0990528767035484
