tolerance_groups,policy,observed_sample_certified,baseline_population_certified
0.25,Gikuriro,False,False
0.25,Control,False,False
0.25,Lower,False,False
0.25,Middle,False,False
0.25,Upper,False,False
0.25,Control+Large,False,False
0.25,Lower+Large,False,False
0.25,Middle+Large,False,False
0.25,Upper+Large,False,False
0.5,Gikuriro,False,False
0.5,Control,False,False
0.5,Lower,False,False
0.5,Middle,False,False
0.5,Upper,False,False
0.5,Control+Large,False,False
0.5,Lower+Large,False,False
0.5,Middle+Large,False,False
0.5,Upper+Large,False,False
1.0,Gikuriro,True,False
1.0,Control,False,False
1.0,Lower,True,True
1.0,Middle,False,False
1.0,Upper,True,False
1.0,Control+Large,True,False
1.0,Lower+Large,True,True
1.0,Middle+Large,False,False
1.0,Upper+Large,True,False
