outcome,policy,estimate,se,p,lo,hi,N,villages,sim_lo,sim_hi,p_max_t,joint_critical,p_holm
diet_mean,Control,0.25525451562466933,0.13066165704898725,0.051882957176713373,-0.0020986120357119886,0.5126076432850506,1728,248,-0.15299685236697586,0.6635058836163146,0.9125,3.124492503861212,1.0
diet_mean,Lower,-0.09737187570332267,0.1820960198372702,0.5933188431099812,-0.45603088323495533,0.26128713182831,1728,248,-0.666329524667836,0.4715857732611906,1.0,3.124492503861212,1.0
diet_mean,Middle,0.4386103792963272,0.22507570828393866,0.05246069207469362,-0.004702056773043584,0.8819228153656979,1728,248,-0.26463698403809244,1.1418577426307468,0.9146,3.124492503861212,1.0
diet_mean,Upper,-0.09270291891536941,0.17067377091102806,0.5875104620577579,-0.4288644964244993,0.24345865859376048,1728,248,-0.6259718367326023,0.44056599890186343,1.0,3.124492503861212,1.0
diet_mean,Control+Large,0.12423615904517551,0.11872893364577701,0.2964062720374404,-0.10961410053072218,0.3580864186210732,1728,248,-0.2467315041224901,0.4952038222128411,1.0,3.124492503861212,1.0
diet_mean,Lower+Large,-0.12671608067458626,0.16185498073976515,0.4344364744063308,-0.4455080389395315,0.19207587759035902,1728,248,-0.6324307547085835,0.3789985933594109,1.0,3.124492503861212,1.0
diet_mean,Middle+Large,0.38918351625314657,0.2127349587663225,0.06854081871299031,-0.029822397476306606,0.8081894299825998,1728,248,-0.2755052677214525,1.0538723002277457,0.9632,3.124492503861212,1.0
diet_mean,Upper+Large,-0.09431422161923664,0.16969335194395788,0.5788560790857816,-0.42854475146456356,0.23991630822609028,1728,248,-0.6245198277232152,0.43589138448474196,1.0,3.124492503861212,1.0
shortfall_4,Control,0.015517150875192258,0.012557109913003774,0.21773428178848733,-0.009215518091918075,0.04024981984230259,1728,248,-0.023717444918149345,0.054751746668533864,1.0,3.124492503861212,1.0
shortfall_4,Lower,-0.015860601556164908,0.014199855874938357,0.26509884158242636,-0.04382884720891933,0.012107644096589511,1728,248,-0.060227944793319374,0.02850674168098956,1.0,3.124492503861212,1.0
shortfall_4,Middle,0.03887569407786842,0.016760233073234907,0.021183038261281376,0.0058644917165143196,0.07188689643922253,1728,248,-0.013491528522420783,0.09124291667815762,0.5902,3.124492503861212,1.0
shortfall_4,Upper,-0.009280088930676998,0.016724252184150357,0.5794733149286155,-0.04222042280198556,0.023660244940631563,1728,248,-0.06153488951273929,0.04297471165138529,1.0,3.124492503861212,1.0
shortfall_4,Control+Large,0.00608312312360205,0.011223967817081891,0.5883235065523179,-0.01602376950062459,0.028190015747828694,1728,248,-0.028986080184449814,0.04115232643165391,1.0,3.124492503861212,1.0
shortfall_4,Lower+Large,-0.01705834008669902,0.013044248340161425,0.19218113594329322,-0.042750484087755836,0.00863380391435779,1728,248,-0.05781499624403743,0.023698316070639387,0.9999,3.124492503861212,1.0
shortfall_4,Middle+Large,0.03462710555758532,0.015962768513433718,0.031018534823460817,0.0031866011599513758,0.06606760995521926,1728,248,-0.015248445003510101,0.08450265611868074,0.7461,3.124492503861212,1.0
shortfall_4,Upper+Large,-0.009398222174516913,0.016630460327800613,0.572504393595779,-0.04215382222164299,0.023357377872609164,1728,248,-0.0613599708044912,0.04256352645545738,1.0,3.124492503861212,1.0
shortfall_6,Control,0.021981590804757214,0.015677496319029025,0.16213756359671444,-0.008897037269533743,0.05286021887904817,1728,248,-0.0270026289233607,0.07096581053287512,0.9995,3.124492503861212,1.0
shortfall_6,Lower,-0.024730035806606154,0.02002228094845626,0.21795725975486083,-0.06416621579511048,0.01470614418189816,1728,248,-0.08728950254026085,0.037829430927048546,1.0,3.124492503861212,1.0
shortfall_6,Middle,0.050939556306320855,0.0276232716187849,0.06636891728009273,-0.003467647060473117,0.10534675967311483,1728,248,-0.035369148798694725,0.13724826141133645,0.9587,3.124492503861212,1.0
shortfall_6,Upper,-0.023367548910223343,0.021091721852915486,0.26898206506153305,-0.0649101154839471,0.018175017663500402,1728,248,-0.08926847573318349,0.0425333779127368,1.0,3.124492503861212,1.0
shortfall_6,Control+Large,0.00436729701378746,0.014173090536521155,0.7582354560968774,-0.023548231233492964,0.032282825261067884,1728,248,-0.03991641812411914,0.048651012151694054,1.0,3.124492503861212,1.0
shortfall_6,Lower+Large,-0.028781505551740517,0.01803911687141793,0.11187795987158725,-0.06431161631216072,0.006748605208679686,1728,248,-0.0851445909927621,0.02758157988928107,0.9965,3.124492503861212,1.0
shortfall_6,Middle+Large,0.04400207003513439,0.02610599486690728,0.09315192438307163,-0.007416682653464873,0.09542082272373366,1728,248,-0.03756591523235666,0.12557005530262544,0.9895,3.124492503861212,1.0
shortfall_6,Upper+Large,-0.02359589959668309,0.020972689673210466,0.26164830776733056,-0.0649040186329182,0.01771221943955202,1728,248,-0.08912491126643665,0.04193311207307047,1.0,3.124492503861212,1.0
shortfall_8,Control,0.030289972344624327,0.015793017282899963,0.05627240484196842,-0.0008161875246398241,0.06139613221388848,1728,248,-0.019055191769147176,0.07963513645839583,0.9295,3.124492503861212,1.0
shortfall_8,Lower,-0.013897301156054961,0.02148444430447549,0.5183270142258606,-0.05621337966506303,0.02841877735295311,1728,248,-0.08102528633501238,0.05323068402290246,1.0,3.124492503861212,1.0
shortfall_8,Middle,0.05199749603429693,0.027863628251237196,0.06320661389998196,-0.0028831173022812392,0.10687810937087511,1728,248,-0.03506220156706913,0.139057193635663,0.9514,3.124492503861212,1.0
shortfall_8,Upper,-0.013290273866944508,0.02098694196366433,0.5271471839442613,-0.054626464424752705,0.02804591669086369,1728,248,-0.07886381671138404,0.05228326897749502,1.0,3.124492503861212,1.0
shortfall_8,Control+Large,0.013971424557501996,0.014273205062662163,0.3286084710685597,-0.01414129073767394,0.042084139852677935,1728,248,-0.03062509766685983,0.05856794678186382,1.0,3.124492503861212,1.0
shortfall_8,Lower+Large,-0.01751133927592563,0.019103688980605573,0.36022175451526206,-0.05513824697055839,0.020115568418707132,1728,248,-0.0772006722919238,0.04217799374007254,1.0,3.124492503861212,1.0
shortfall_8,Middle+Large,0.04591801017294836,0.026307100234776764,0.08214819825588066,-0.005896842615553198,0.09773286296144992,1728,248,-0.03627832730893714,0.12811434765483387,0.9832,3.124492503861212,1.0
shortfall_8,Upper+Large,-0.013488984445828762,0.0208641595497666,0.5185464023190223,-0.05458334094954698,0.02760537205788945,1728,248,-0.07867889455843884,0.05170092566678132,1.0,3.124492503861212,1.0
shortfall_sq_6,Control,0.015982944116546452,0.0108279894673783,0.14119696065512366,-0.005344023707370877,0.03730991194046378,1728,248,-0.017849027806165207,0.04981491603925811,0.9993,3.124492503861212,1.0
shortfall_sq_6,Lower,-0.017497158819577106,0.012820279289146318,0.17355685985454325,-0.042748170073050165,0.007753852433895956,1728,248,-0.057554025355921926,0.022559707716767713,0.9997,3.124492503861212,1.0
shortfall_sq_6,Middle,0.03473433468440924,0.015375479320321477,0.024751234835263196,0.00445056374708884,0.06501810562172965,1728,248,-0.013306235195208328,0.08277490456402681,0.6519,3.124492503861212,1.0
shortfall_sq_6,Upper,-0.009571877339741797,0.014745262364270042,0.5168449966765576,-0.03861436366145661,0.019470608981973014,1728,248,-0.05564333906437038,0.036499584384886784,1.0,3.124492503861212,1.0
shortfall_sq_6,Control+Large,0.005688172232131014,0.009707444153066633,0.558437555737309,-0.013431753006866581,0.02480809747112861,1728,248,-0.024642664255777037,0.03601900872003906,1.0,3.124492503861212,1.0
shortfall_sq_6,Lower+Large,-0.018920435596558656,0.011672876910592697,0.1063173528883486,-0.04191150619510013,0.004070635001982816,1728,248,-0.05539225200220017,0.017551380809082855,0.9955,3.124492503861212,1.0
shortfall_sq_6,Middle+Large,0.030555646150688256,0.014620193109077799,0.03764422486990762,0.0017594980794198682,0.05935179422195665,1728,248,-0.015125037623628695,0.0762363299250052,0.8181,3.124492503861212,1.0
shortfall_sq_6,Upper+Large,-0.009713121151460568,0.014661617489311104,0.5082772720021081,-0.038590859293260796,0.01916461699033966,1728,248,-0.055523235091293546,0.03609699278837242,1.0,3.124492503861212,1.0
diet_atleast_1,Control,0.0009237263039796938,0.0018340899117706014,0.6149612418223122,-0.002688724248576463,0.00453617685653585,1728,248,-0.004806873876755025,0.006654326484714412,1.0,3.124492503861212,1.0
diet_atleast_1,Lower,0.0002606505768925171,0.0009059717208697702,0.7738155101168972,-0.0015237646923113605,0.0020450658460963948,1728,248,-0.002570051273675314,0.0030913524274603483,1.0,3.124492503861212,1.0
diet_atleast_1,Middle,-0.0007446508918841964,0.001460421492629983,0.6105854649979449,-0.0036211186125549846,0.0021318168287865922,1728,248,-0.005307726898084381,0.0038184251143159884,1.0,3.124492503861212,1.0
diet_atleast_1,Upper,0.01115929342825179,0.009982098000509665,0.26468274632584504,-0.008501594081237454,0.030820180937741033,1728,248,-0.020029696947148637,0.04234828380365222,1.0,3.124492503861212,1.0
diet_atleast_1,Control+Large,0.0007615560067186721,0.0013883762524404635,0.5838284325078159,-0.001973010345834116,0.00349612235927146,1728,248,-0.0035764151865704794,0.005099527200007824,1.0,3.124492503861212,1.0
diet_atleast_1,Lower+Large,0.0002589708361364076,0.00083317607280001,0.7561968219816586,-0.0013820650505161419,0.001900006722788957,1728,248,-0.0023442815577237415,0.002862223229996557,1.0,3.124492503861212,1.0
diet_atleast_1,Middle+Large,-0.0006771369868823253,0.0013700678587785905,0.6215787080994837,-0.0033756428571349844,0.0020213688833703343,1728,248,-0.004957903741417214,0.0036036297676525636,1.0,3.124492503861212,1.0
diet_atleast_1,Upper+Large,0.011069890108906067,0.009903470493154317,0.26474745705371666,-0.008436131501932804,0.030575911719744938,1728,248,-0.01987342920916529,0.04201320942697742,1.0,3.124492503861212,1.0
diet_atleast_2,Control,0.016332555959709845,0.011425049125274507,0.15411287747043514,-0.006170389376124529,0.03883550129554422,1728,248,-0.01936492438845646,0.05203003630787615,0.9995,3.124492503861212,1.0
diet_atleast_2,Lower,-0.007455779096646412,0.011698949049340168,0.5245175623742427,-0.030498201764364085,0.01558664357107126,1728,248,-0.044009057704364044,0.029097499511071215,1.0,3.124492503861212,1.0
diet_atleast_2,Middle,0.013064914574260511,0.018476511075889553,0.4801650758761418,-0.02332669426511865,0.04945652341363967,1728,248,-0.04466480577986505,0.07079463492838607,1.0,3.124492503861212,1.0
diet_atleast_2,Upper,0.007543645877817822,0.016659924385792193,0.6510888463704629,-0.02526998701267605,0.04035727876831169,1728,248,-0.04451016298048449,0.05959745473612013,1.0,3.124492503861212,1.0
diet_atleast_2,Control+Large,0.013696308544445451,0.010434682857686372,0.19054436114267786,-0.0068559967777115476,0.034248613866602454,1728,248,-0.018906779824564728,0.04629939691345563,0.9999,3.124492503861212,1.0
diet_atleast_2,Lower+Large,-0.005494329609513264,0.010871481092465989,0.6137361433144956,-0.026906959179930204,0.015918299960903673,1728,248,-0.039462190788792165,0.028473531569765634,1.0,3.124492503861212,1.0
diet_atleast_2,Middle+Large,0.01254276568756114,0.017485058132966726,0.4738409604087455,-0.021896062806367345,0.04698159418148963,1728,248,-0.042089167378470904,0.06717469875359319,1.0,3.124492503861212,1.0
diet_atleast_2,Upper+Large,0.0075258736149828465,0.016558150412752347,0.6498597254915214,-0.025087303756518117,0.04013905098648381,1728,248,-0.0442099432274683,0.05926169045743399,1.0,3.124492503861212,1.0
diet_atleast_3,Control,0.027337506452098554,0.019523163330430412,0.16269031985211369,-0.01111560411137012,0.06579061701556722,1728,248,-0.03366247102548939,0.08833748392968649,0.9995,3.124492503861212,1.0
diet_atleast_3,Lower,-0.025106684874931288,0.022659936204210786,0.2689495547075213,-0.06973802957425641,0.01952465982439384,1728,248,-0.09590748568296117,0.045694115933098606,1.0,3.124492503861212,1.0
diet_atleast_3,Middle,0.06366217157817221,0.027362885021731967,0.020796755155682103,0.009767829494985655,0.11755651366135876,1728,248,-0.021832957556245522,0.14915730071258992,0.583,3.124492503861212,1.0
diet_atleast_3,Upper,0.0006669384258950299,0.020783781426049575,0.9744266962881607,-0.04026910413935618,0.041602980991146246,1728,248,-0.06427183084168674,0.0656057076934768,1.0,3.124492503861212,1.0
diet_atleast_3,Control+Large,0.01441995311532853,0.017770207677878954,0.41787829228103757,-0.020580510129692878,0.04942041636034994,1728,248,-0.04110292756626122,0.06994283379691829,1.0,3.124492503861212,1.0
diet_atleast_3,Lower+Large,-0.025297444445048032,0.021029980271238303,0.2301579420177894,-0.06671840388849204,0.01612351499839598,1728,248,-0.09100546015888131,0.04041057126878525,1.0,3.124492503861212,1.0
diet_atleast_3,Middle+Large,0.0575500360841026,0.026081077238604807,0.0282638530830278,0.006180361523872059,0.10891971064433315,1728,248,-0.023940094240543372,0.13904016640874856,0.7071,3.124492503861212,1.0
diet_atleast_3,Upper+Large,0.00044550023441100595,0.020706963563617398,0.9828525963047556,-0.04033924073553215,0.04123024120435416,1728,248,-0.06425325219783877,0.06514425266666078,1.0,3.124492503861212,1.0
diet_atleast_4,Control,0.017523713160538697,0.029307417509231697,0.5504360842269659,-0.04020060880196055,0.07524803512303795,1728,248,-0.0740470931545866,0.10909451947566401,1.0,3.124492503861212,1.0
diet_atleast_4,Lower,-0.027402426499273692,0.036972302870670104,0.4592999192414461,-0.10022361976645028,0.045418766767902886,1728,248,-0.14292210966916877,0.0881172566706214,1.0,3.124492503861212,1.0
diet_atleast_4,Middle,0.08255649469292717,0.04300372528851586,0.056041102554637234,-0.0021442771631815516,0.1672572665490359,1728,248,-0.0518083226091475,0.21692131199500184,0.9286,3.124492503861212,1.0
diet_atleast_4,Upper,-0.05635071956653868,0.03540641840615213,0.11276715220052577,-0.12608772368748838,0.013386284554411036,1728,248,-0.16697780846513469,0.054276369332057324,0.9966,3.124492503861212,1.0
diet_atleast_4,Control+Large,-0.004794029174165139,0.02647598725887086,0.8564604646733943,-0.056941524337281425,0.04735346598895115,1728,248,-0.08751805289683212,0.07792999454850186,1.0,3.124492503861212,1.0
diet_atleast_4,Lower+Large,-0.03471547402885951,0.033366426482039094,0.2991569181652281,-0.10043447995562149,0.031003531897902475,1728,248,-0.13896862345262687,0.06953767539490785,1.0,3.124492503861212,1.0
diet_atleast_4,Middle+Large,0.07184208479920655,0.040803658759929695,0.07953051677929251,-0.008525403559814043,0.15220957315822714,1728,248,-0.055648641126304674,0.19933281072471776,0.9805,3.124492503861212,1.0
diet_atleast_4,Upper+Large,-0.056505518356633394,0.03522315319302979,0.10994447372286055,-0.12588156060970554,0.012870523896438751,1728,248,-0.16655999647061015,0.05354895975734335,0.9959,3.124492503861212,1.0
diet_atleast_5,Control,0.034719381832200066,0.03038698934978553,0.25432184616163395,-0.02513128075673437,0.09457004442113451,1728,248,-0.060224538606115305,0.12966330227051542,1.0,3.124492503861212,1.0
diet_atleast_5,Lower,-0.06442255388493433,0.04264922948692321,0.1321887704050912,-0.14842510557957567,0.019579997809706998,1728,248,-0.19767975171228253,0.06883464394241386,0.9989,3.124492503861212,1.0
diet_atleast_5,Middle,0.08013983729438251,0.0622227811662535,0.1989686414418191,-0.042415070599210014,0.20269474518797503,1728,248,-0.11427477602897321,0.2745544506177382,0.9999,3.124492503861212,1.0
diet_atleast_5,Upper,-0.07503297817918234,0.041111115213537636,0.06918967114540306,-0.15600603730580542,0.005940080947440765,1728,248,-0.2034843494892553,0.05341839313089064,0.9645,3.124492503861212,1.0
diet_atleast_5,Control+Large,-0.004650899416281135,0.027700912102090705,0.8668017171505249,-0.05921102462459378,0.04990922579203151,1728,248,-0.09120219162938185,0.08190039279681958,1.0,3.124492503861212,1.0
diet_atleast_5,Lower+Large,-0.07428295339643057,0.037935978762662935,0.05134237122085959,-0.14900221691969062,0.00043631012682948667,1728,248,-0.19281363466700907,0.04424772787414795,0.91,3.124492503861212,1.0
diet_atleast_5,Middle+Large,0.06594440747006562,0.05857954648334574,0.2613749310468595,-0.04943473163547635,0.1813235465756076,1728,248,-0.11708694639673763,0.24897576133686888,1.0,3.124492503861212,1.0
diet_atleast_5,Upper+Large,-0.0754746086531413,0.040879197435210145,0.06604738063069299,-0.15599087910158127,0.005041661795298649,1728,248,-0.2032013546033179,0.052252137297035275,0.9573,3.124492503861212,1.0
diet_atleast_6,Control,0.03615587835466429,0.03191850867527821,0.2584151647663814,-0.02671128729560885,0.09902304400493744,1728,248,-0.06357326273567152,0.13588501944500012,1.0,3.124492503861212,1.0
diet_atleast_6,Lower,-0.019178856037736752,0.044483026855796005,0.6667353621055161,-0.10679328208812619,0.06843557001265269,1728,248,-0.15816573999772832,0.11980802792225481,1.0,3.124492503861212,1.0
diet_atleast_6,Middle,0.08152420611114457,0.07643997293661818,0.2872332587908729,-0.06903309247062837,0.2320815046929175,1728,248,-0.15731191632467278,0.32036032854696195,1.0,3.124492503861212,1.0
diet_atleast_6,Upper,-0.031901553962366304,0.058336417578674825,0.5849721380749305,-0.14680182278985687,0.08299871486512428,1728,248,-0.21417325338905316,0.15037014546432056,1.0,3.124492503861212,1.0
diet_atleast_6,Control+Large,0.007645698445874156,0.02971661528588956,0.7971714424378927,-0.05088458549531861,0.06617598238706693,1728,248,-0.08520364325501528,0.10049504014676358,1.0,3.124492503861212,1.0
diet_atleast_6,Lower+Large,-0.02883547824407587,0.03997324311492555,0.4713644722131106,-0.10756736769576125,0.049896411207609515,1728,248,-0.1537315767116825,0.09606062022353076,1.0,3.124492503861212,1.0
diet_atleast_6,Middle+Large,0.07039733613796736,0.07178957129436103,0.32774621928820385,-0.0710004627516874,0.21179513502762212,1728,248,-0.15390864122667364,0.29470331350260837,1.0,3.124492503861212,1.0
diet_atleast_6,Upper+Large,-0.032314950773150955,0.057939662569940896,0.5775307977647194,-0.14643376508124634,0.08180386353494441,1728,248,-0.21334699214917924,0.14871709060287736,1.0,3.124492503861212,1.0
diet_atleast_7,Control,0.06930915352905463,0.03175181270599116,0.029989567798193815,0.006770314719518833,0.13184799233859043,1728,248,-0.02989914725481993,0.1685174543129292,0.7335,3.124492503861212,1.0
diet_atleast_7,Lower,0.0400939257177713,0.03723580017735245,0.2826391767516963,-0.033246255732597874,0.11343410716814048,1728,248,-0.07624905281164038,0.15643690424718298,1.0,3.124492503861212,1.0
diet_atleast_7,Middle,0.06296495267341466,0.0491339331673994,0.20122111264858508,-0.03380996707328382,0.15973987242011314,1728,248,-0.09055365319334256,0.21648355854017187,0.9999,3.124492503861212,1.0
diet_atleast_7,Upper,0.0069064094127948075,0.04325902279768743,0.8732853275329165,-0.07829720018433978,0.0921100190099294,1728,248,-0.12825608304294084,0.14206890186853044,1.0,3.124492503861212,1.0
diet_atleast_7,Control+Large,0.05179679595289077,0.029007423447647042,0.07538449279992698,-0.005336653279443979,0.10893024518522552,1728,248,-0.03883668116561037,0.14243027307139192,0.9741,3.124492503861212,1.0
diet_atleast_7,Lower+Large,0.033432530766630955,0.03377733618925767,0.3232445007460002,-0.03309580898251677,0.09996087051577868,1728,248,-0.07210450295710462,0.13896956449036652,1.0,3.124492503861212,1.0
diet_atleast_7,Middle+Large,0.0584532533001972,0.046472876225475024,0.20965448413531756,-0.03308040942930417,0.14998691602969855,1728,248,-0.08675090009916946,0.20365740669956384,1.0,3.124492503861212,1.0
diet_atleast_7,Upper+Large,0.006821283462841984,0.042994920248574785,0.8740717189844288,-0.07786214585667882,0.09150471278236279,1728,248,-0.12751602255794053,0.14115858948362453,1.0,3.124492503861212,1.0
diet_atleast_8,Control,0.03781947343158929,0.023509146296644613,0.10895644592714188,-0.008484487996044052,0.08412343485922263,1728,248,-0.03563467794445336,0.11127362480763195,0.9958,3.124492503861212,1.0
diet_atleast_8,Lower,-0.008980381177732547,0.03687453275901614,0.8077901414084805,-0.08160900499037957,0.06364824263491448,1728,248,-0.12419458236666318,0.10623382001119809,1.0,3.124492503861212,1.0
diet_atleast_8,Middle,0.0548105433912742,0.026517999087912174,0.03978397865657009,0.0025803011097859027,0.10704078567276248,1728,248,-0.028044745976305838,0.13766583275885425,0.8351,3.124492503861212,1.0
diet_atleast_8,Upper,0.02392358557220698,0.03023991146845073,0.42962936498232634,-0.03563739025148934,0.0834845613959033,1728,248,-0.070560791128394,0.11840796227280795,1.0,3.124492503861212,1.0
diet_atleast_8,Control+Large,0.030845870460683905,0.021681498790920926,0.15609015657041975,-0.01185832947240216,0.07355007039376997,1728,248,-0.03689780998402445,0.09858955090539226,0.9995,3.124492503861212,1.0
diet_atleast_8,Lower+Large,-0.00625713967555358,0.03246143487169488,0.8473083780603725,-0.07019366077326453,0.057679381422157366,1728,248,-0.10768264959674317,0.09516837024563601,1.0,3.124492503861212,1.0
diet_atleast_8,Middle+Large,0.051688706200760215,0.0255015732576366,0.043748674948663135,0.0014604312321320964,0.10191698116938833,1728,248,-0.02799076827939287,0.1313681806809133,0.8646,3.124492503861212,1.0
diet_atleast_8,Upper+Large,0.023799924431403663,0.030060709083695368,0.4292785779667354,-0.03540809173111447,0.0830079405939218,1728,248,-0.07012453576135515,0.11772438462416247,1.0,3.124492503861212,1.0
diet_atleast_9,Control,0.0031770751565359957,0.011838939761220737,0.7886476924606641,-0.02014107528289026,0.02649522559596225,1728,248,-0.033813603381062665,0.04016775369413465,1.0,3.124492503861212,1.0
diet_atleast_9,Lower,0.0021868140090251223,0.01598478562397855,0.8912956123964034,-0.029297055614404433,0.03367068363245468,1728,248,-0.047757528848924334,0.05213115686697458,1.0,3.124492503861212,1.0
diet_atleast_9,Middle,0.008442025937546623,0.01443720349040409,0.5592555693272037,-0.01999370308073667,0.036877754955829914,1728,248,-0.03666690814493988,0.05355096002003312,1.0,3.124492503861212,1.0
diet_atleast_9,Upper,0.00693470226080638,0.017375379669215287,0.6901563882655468,-0.02728810191259144,0.0411575064342042,1728,248,-0.04735454126739931,0.061223945789012066,1.0,3.124492503861212,1.0
diet_atleast_9,Control+Large,0.0030905817603945483,0.010858247945951154,0.7761662091407373,-0.01829598360938927,0.024477147130178366,1728,248,-0.030835932551796237,0.03701709607258533,1.0,3.124492503861212,1.0
diet_atleast_9,Lower+Large,0.0022832375379348234,0.014367746425541618,0.8738664070357519,-0.026015687820543625,0.03058216289641327,1728,248,-0.04260867846604868,0.04717515354191833,1.0,3.124492503861212,1.0
diet_atleast_9,Middle+Large,0.00806012486777842,0.01380838142645369,0.5599463998545557,-0.019137066934963365,0.035257316670520206,1728,248,-0.035084059389632535,0.051204309125189376,1.0,3.124492503861212,1.0
diet_atleast_9,Upper+Large,0.006900962728516799,0.017255628778067782,0.6895571612960024,-0.027085978322730554,0.04088790377976415,1728,248,-0.047014120037967816,0.060816045495001414,1.0,3.124492503861212,1.0
diet_atleast_10,Control,0.006084787018243058,0.007485317464490063,0.417060338096246,-0.008658404707047587,0.020827978743533704,1728,248,-0.01730303128857756,0.029472605325063676,1.0,3.124492503861212,1.0
diet_atleast_10,Lower,0.007036155511159039,0.00672917993711171,0.29675935348404103,-0.006217736583259409,0.02029004760557749,1728,248,-0.013989116759479761,0.02806142778179784,1.0,3.124492503861212,1.0
diet_atleast_10,Middle,0.013021102462503903,0.006553297661696504,0.04803224505172391,0.0001136306929184535,0.02592857423208935,1728,248,-0.007454626957038048,0.03349683188204586,0.8928,3.124492503861212,1.0
diet_atleast_10,Upper,0.0027629808989107613,0.00947839718114057,0.7709113323139587,-0.015905810044551213,0.021431771842372733,1728,248,-0.026852200042182205,0.03237816184000373,1.0,3.124492503861212,1.0
diet_atleast_10,Control+Large,0.006212470825160174,0.006710299971793406,0.3554477752403491,-0.007004235010989993,0.01942917666131034,1728,248,-0.01475381113536843,0.02717875278568878,1.0,3.124492503861212,1.0
diet_atleast_10,Lower+Large,0.006971850437258301,0.006365543566641867,0.27447470332335355,-0.005565818096361454,0.019509518970878055,1728,248,-0.012917242719716171,0.026860943594232772,1.0,3.124492503861212,1.0
diet_atleast_10,Middle+Large,0.012586162423057212,0.006415665032468089,0.05091046591590164,-5.022608920528422e-05,0.025222550935319707,1728,248,-0.007459534878173853,0.03263185972428828,0.9075,3.124492503861212,1.0
diet_atleast_10,Upper+Large,0.0027945519600075814,0.009425923647477123,0.7671163913307786,-0.01577088633729426,0.021359990257309426,1728,248,-0.026656675818502826,0.03224577973851799,1.0,3.124492503861212,1.0
diet_atleast_11,Control,0.0028516399772815634,0.002758236148798891,0.302211108725254,-0.002581022639672608,0.008284302594235734,1728,248,-0.005766448193519589,0.011469728148082715,1.0,3.124492503861212,1.0
diet_atleast_11,Lower,0.002180144300358592,0.002133472194034763,0.3078393334446543,-0.0020219740127855,0.006382262613502684,1728,248,-0.0044858735770993575,0.00884616217781654,1.0,3.124492503861212,1.0
diet_atleast_11,Middle,0.0026363693051593734,0.0026341336825418727,0.31787943095428534,-0.0025518592631003406,0.007824597873419088,1728,248,-0.005593961640111037,0.010866700250429783,1.0,3.124492503861212,1.0
diet_atleast_11,Upper,0.0023760135169117614,0.0023491087321236637,0.31278935755420667,-0.002250825703408868,0.007002852737232391,1728,248,-0.004963759107363539,0.009715786141187063,1.0,3.124492503861212,1.0
diet_atleast_11,Control+Large,0.0026598684478429365,0.0025666597151079266,0.3010686086933936,-0.002395462398568122,0.007715199294253995,1728,248,-0.005359640591974332,0.010679377487660204,1.0,3.124492503861212,1.0
diet_atleast_11,Lower+Large,0.0021609427468687868,0.0021051086211688885,0.3056492838190345,-0.0019853102546489635,0.006307195748386537,1728,248,-0.004416453359787013,0.008738338853524586,1.0,3.124492503861212,1.0
diet_atleast_11,Middle+Large,0.002596862968139197,0.0025841151965719862,0.31591251008378274,-0.0024928484521223016,0.007686574388400695,1728,248,-0.005477185592663815,0.01067091152894221,1.0,3.124492503861212,1.0
diet_atleast_11,Upper+Large,0.002373379059821084,0.00234555632418784,0.31259426952049396,-0.0022464632854127175,0.0069932214050548855,1728,248,-0.0049552940924880795,0.009702052212130247,1.0,3.124492503861212,1.0
diet_atleast_12,Control,0.0,0.0,1.0,0.0,0.0,1728,248,0.0,0.0,1.0,3.124492503861212,1.0
diet_atleast_12,Lower,0.0,0.0,1.0,0.0,0.0,1728,248,0.0,0.0,1.0,3.124492503861212,1.0
diet_atleast_12,Middle,0.0,0.0,1.0,0.0,0.0,1728,248,0.0,0.0,1.0,3.124492503861212,1.0
diet_atleast_12,Upper,0.0,0.0,1.0,0.0,0.0,1728,248,0.0,0.0,1.0,3.124492503861212,1.0
diet_atleast_12,Control+Large,0.0,0.0,1.0,0.0,0.0,1728,248,0.0,0.0,1.0,3.124492503861212,1.0
diet_atleast_12,Lower+Large,0.0,0.0,1.0,0.0,0.0,1728,248,0.0,0.0,1.0,3.124492503861212,1.0
diet_atleast_12,Middle+Large,0.0,0.0,1.0,0.0,0.0,1728,248,0.0,0.0,1.0,3.124492503861212,1.0
diet_atleast_12,Upper+Large,0.0,0.0,1.0,0.0,0.0,1728,248,0.0,0.0,1.0,3.124492503861212,1.0
