stage,arm,effect,village_se,N,rank,pooled_small_cash
source_pooled_controls,Gikuriro,0.12473655130855477,0.13134728231252032,2718,32,True
source_pooled_controls,Lower,0.000925319722005824,0.12810301971068447,2718,32,True
source_pooled_controls,Middle,0.000925319722005824,0.12810301971068447,2718,32,True
source_pooled_controls,Upper,0.000925319722005824,0.12810301971068447,2718,32,True
source_pooled_controls,Large,-0.27638914883700494,0.1855274498087922,2718,32,True
source_split_controls,Gikuriro,0.12318277479200056,0.13172858350385996,2718,34,False
source_split_controls,Lower,-0.194697460489919,0.14241937190345683,2718,34,False
source_split_controls,Middle,-0.1129552701657798,0.16871010209830165,2718,34,False
source_split_controls,Upper,0.2940926418943066,0.20101775086292437,2718,34,False
source_split_controls,Large,-0.27798689450371383,0.1855410700949409,2718,34,False
source_split_common,Gikuriro,0.11266011133970825,0.1317100168502183,2692,34,False
source_split_common,Lower,-0.2178639533345997,0.14524062560159406,2692,34,False
source_split_common,Middle,-0.12338280316119327,0.16738291978676795,2692,34,False
source_split_common,Upper,0.2642884905830154,0.19829727781884202,2692,34,False
source_split_common,Large,-0.29197762382047854,0.18614246133103998,2692,34,False
item_split_common,Gikuriro,0.11266011133970825,0.1317100168502183,2692,34,False
item_split_common,Lower,-0.2178639533345997,0.14524062560159406,2692,34,False
item_split_common,Middle,-0.12338280316119327,0.16738291978676795,2692,34,False
item_split_common,Upper,0.2642884905830154,0.19829727781884202,2692,34,False
item_split_common,Large,-0.29197762382047854,0.18614246133103998,2692,34,False
item_split_controls,Gikuriro,0.11266011133970825,0.1317100168502183,2692,34,False
item_split_controls,Lower,-0.2178639533345997,0.14524062560159406,2692,34,False
item_split_controls,Middle,-0.12338280316119327,0.16738291978676795,2692,34,False
item_split_controls,Upper,0.2642884905830154,0.19829727781884202,2692,34,False
item_split_controls,Large,-0.29197762382047854,0.18614246133103998,2692,34,False
item_split_lag_complete,Gikuriro,0.12676418463235256,0.13039697978867376,2692,29,False
item_split_lag_complete,Lower,-0.25750282385492385,0.14394032521038236,2692,29,False
item_split_lag_complete,Middle,-0.11480029580173817,0.1722670986260044,2692,29,False
item_split_lag_complete,Upper,0.27424914497903785,0.21059238292670682,2692,29,False
item_split_lag_complete,Large,-0.2950232628286828,0.19022557418593436,2692,29,False
complete_module_split_lag,Gikuriro,0.1248793047746702,0.13059252726512707,2688,29,False
complete_module_split_lag,Lower,-0.25785631739773895,0.1438956122581336,2688,29,False
complete_module_split_lag,Middle,-0.11370243058621478,0.17195103681806964,2688,29,False
complete_module_split_lag,Upper,0.2736603101844593,0.210620109677324,2688,29,False
complete_module_split_lag,Large,-0.2954937135162182,0.19023660360315586,2688,29,False
