n,k,weight_shape,blocks,quota_radius,hoeffding_radius,serfling_radius,harmonic_martingale_radius,quota_over_martingale,selected_scale
6,1,equal,22,0.43287866814596704,0.4425169010452683,0.4425169010452683,0.4425169010452683,0.9782195146071601,1.0
6,1,alternating,22,0.6493180022189505,0.6637753515679025,0.6637753515679025,0.6637753515679025,0.9782195146071601,1.0
6,1,concentrated,22,1.5615073500393863,1.7700676041810732,1.7700676041810732,1.7700676041810732,0.882173848247916,1.0
6,3,equal,22,0.19680807595952163,0.25548725193944466,0.20860446767917706,0.2045228245409396,0.9622792781258813,1.0
6,3,alternating,22,0.2952121139392824,0.383230877909167,0.31290670151876565,0.30678423681140937,0.9622792781258811,1.0
6,3,concentrated,22,0.5483561642861303,1.0219490077577784,0.8344178707167084,0.8180912981637584,0.6702872472998304,2.0
6,5,equal,22,0.08657573362919341,0.08850338020905366,0.08850338020905366,0.08850338020905366,0.9782195146071601,1.0
6,5,alternating,22,0.12986360044379008,0.1327550703135805,0.1327550703135805,0.1327550703135805,0.9782195146071598,1.0
6,5,concentrated,22,0.31230147000787734,0.3540135208362146,0.3540135208362146,0.3540135208362146,0.8821738482479162,1.0
10,1,equal,22,0.43213715391330154,0.44251690104526825,0.44251690104526825,0.44251690104526825,0.9765438402297206,1.0
10,1,alternating,22,0.6482057308699523,0.6637753515679025,0.6637753515679025,0.6637753515679025,0.9765438402297204,1.0
10,1,concentrated,22,1.8181892496031562,2.329036321290886,2.329036321290886,2.329036321290886,0.7806616122652013,1.0
10,2,equal,22,0.2917649018100123,0.31290670151876565,0.2968493615789303,0.29603383981392606,0.9855795607468489,1.0
10,2,alternating,22,0.4376473527150184,0.4693600522781485,0.44527404236839546,0.4440507597208891,0.9855795607468489,1.0
10,2,concentrated,22,1.0713644458979348,1.6468773764145561,1.5623650609417383,1.5580728411259266,0.6876215396474811,1.5
10,5,equal,22,0.14678589085086,0.19789957438595351,0.1532923511636668,0.1508175375175183,0.9732680513617986,1.0
10,5,alternating,22,0.22017883627628998,0.2968493615789303,0.2299385267455002,0.22622630627627743,0.9732680513617986,1.0
10,5,concentrated,22,0.4333374532666469,1.0415767072944921,0.8068018482298251,0.7937765132500962,0.5459187139366956,2.0
10,9,equal,22,0.048015239323700165,0.04916854456058537,0.04916854456058537,0.04916854456058537,0.9765438402297203,1.0
10,9,alternating,22,0.07202285898555026,0.07375281684087805,0.07375281684087805,0.07375281684087805,0.9765438402297206,1.0
10,9,concentrated,22,0.20202102773368408,0.2587818134767651,0.2587818134767651,0.2587818134767651,0.7806616122652015,1.0
12,1,equal,22,0.43287866814596787,0.4425169010452683,0.4425169010452683,0.4425169010452683,0.9782195146071619,1.0
12,1,alternating,22,0.6493180022189514,0.6637753515679025,0.6637753515679025,0.6637753515679025,0.9782195146071614,1.0
12,1,concentrated,22,1.8724764729252847,2.528668005972962,2.528668005972962,2.528668005972962,0.7404991357118893,1.25
12,3,equal,22,0.2291030572870444,0.25548725193944466,0.23322688507039888,0.23226500911347867,0.9863864477972684,1.0
12,3,alternating,22,0.3436545859305666,0.383230877909167,0.3498403276055983,0.34839751367021804,0.9863864477972683,1.0
12,3,concentrated,22,0.804177582305594,1.4599271539396836,1.3327250575451366,1.3272286235055926,0.6059073531593446,1.5
12,6,equal,22,0.1328483318267905,0.1806567683530972,0.13797888596402844,0.1359766541728581,0.9769936805321687,1.0
12,6,alternating,22,0.19927249774018568,0.27098515252964583,0.20696832894604267,0.2039649812592872,0.9769936805321681,1.0
12,6,concentrated,22,0.3944921787462588,1.032324390589127,0.7884507769373054,0.7770094524163321,0.5077057653796528,2.0
12,11,equal,22,0.03935260619508798,0.04022880918593348,0.04022880918593348,0.04022880918593348,0.9782195146071617,1.0
12,11,alternating,22,0.05902890929263195,0.06034321377890023,0.06034321377890023,0.06034321377890023,0.9782195146071613,1.0
12,11,concentrated,22,0.17022513390229857,0.22987890963390561,0.22987890963390561,0.22987890963390561,0.7404991357118891,1.25
