moment_method,event,bin_floors,objective,reported_conservative_loss_upper
quota,shared,True,mean,5.868
quota,shared,True,shortfall_6,0.503
quota,separate,True,mean,6.878
quota,separate,True,shortfall_6,0.577
quota,shared,False,mean,5.868
quota,shared,False,shortfall_6,0.503
hoeffding_baseline_optimized,shared,True,mean,6.959
hoeffding_baseline_optimized,shared,True,shortfall_6,0.571
serfling_baseline_optimized,shared,True,mean,6.632
serfling_baseline_optimized,shared,True,shortfall_6,0.558
harmonic_martingale_baseline_optimized,shared,True,mean,6.616
harmonic_martingale_baseline_optimized,shared,True,shortfall_6,0.558
weight_sensitive_product_baseline_optimized,shared,True,mean,7.815
weight_sensitive_product_baseline_optimized,shared,True,shortfall_6,0.642
weight_sensitive_hybrid_baseline_optimized,shared,True,mean,6.609
weight_sensitive_hybrid_baseline_optimized,shared,True,shortfall_6,0.557
empirical_bernstein_fixed_forecast,shared,True,mean,7.812
empirical_bernstein_fixed_forecast,shared,True,shortfall_6,0.645
