childid,round,hhid,vid,block,eligible,samp_wgt,female,agemonths,anthro_shouldbe,anthro_present,anthro_baseline,anthro_panel,anthro_attrites,haz06,waz06,muacz,haz06_R1,waz06_R1,muacz_R1
3781,1,2650,237,22,1,1,1,19,1,1,1,1,0,-2.62599086761,-0.908313632011,-0.116719909012,-2.62599086761,-0.908313632011,-0.116719909012
3781,2,2650,237,22,1,1,1,33,1,1,1,1,,-2.56617450714,-1.30275988579,-0.227904498577,-2.62599086761,-0.908313632011,-0.116719909012
3782,1,2650,237,22,1,1,1,56,1,1,1,1,0,-2.59796261787,-1.18366873264,-0.786653280258,-2.59796261787,-1.18366873264,-0.786653280258
3782,2,2650,237,22,1,1,1,69,1,1,1,1,,-2.67870736122,-1.46583533287,,-2.59796261787,-1.18366873264,-0.786653280258
3783,1,2651,237,22,1,1,1,38,1,1,1,1,0,-3.09749388695,-2.03862714767,-1.23564147949,-3.09749388695,-2.03862714767,-1.23564147949
3783,2,2651,237,22,1,1,1,51,1,1,1,1,,-3.25117993355,-1.91736006737,-1.543825984,-3.09749388695,-2.03862714767,-1.23564147949
3784,1,2651,237,22,1,1,0,13,1,1,1,1,0,-2.41903066635,-0.58613461256,-0.0672851502895,-2.41903066635,-0.58613461256,-0.0672851502895
3784,2,2651,237,22,1,1,0,27,1,1,1,1,,-2.29337835312,1.05357801914,-0.106070026755,-2.41903066635,-0.58613461256,-0.0672851502895
3785,1,2652,237,22,1,1,1,16,1,1,1,1,0,-0.860821843147,0.500072002411,1.06964421272,-0.860821843147,0.500072002411,1.06964421272
3785,2,2652,237,22,1,1,1,29,1,1,1,1,,-0.861589133739,0.761051058769,1.86037552357,-0.860821843147,0.500072002411,1.06964421272
3786,1,2654,237,22,1,1,1,17,1,1,1,1,0,-0.814661562443,0.660056948662,0.717685163021,-0.814661562443,0.660056948662,0.717685163021
3786,2,2654,237,22,1,1,1,30,1,1,1,1,,-0.787414908409,0.181402981281,0.144548013806,-0.814661562443,0.660056948662,0.717685163021
3787,1,2655,237,22,1,1,0,16,1,1,1,1,0,-2.6161916256,-1.15533399582,-0.421259701252,-2.6161916256,-1.15533399582,-0.421259701252
3787,2,2655,237,22,1,1,0,30,1,1,1,1,,-2.4470615387,-1.54083120823,-0.578927218914,-2.6161916256,-1.15533399582,-0.421259701252
3788,1,2658,237,22,1,1,0,20,1,1,1,1,0,-1.01266944408,1.45168709755,1.75709688663,-1.01266944408,1.45168709755,1.75709688663
3788,2,2658,237,22,1,1,0,33,1,1,1,1,,-0.581365406513,1.23452651501,1.56839823723,-1.01266944408,1.45168709755,1.75709688663
3789,1,2659,237,22,1,1,1,18,1,1,1,1,0,-1.2252266407,-0.402559190989,0.185359954834,-1.2252266407,-0.402559190989,0.185359954834
3789,2,2659,237,22,1,1,1,30,1,1,1,1,,-1.07068812847,-0.66345500946,-0.755182862282,-1.2252266407,-0.402559190989,0.185359954834
3790,1,2660,237,22,1,1,0,24,1,1,1,1,0,-3.474807024,-1.49110293388,-0.569997608662,-3.474807024,-1.49110293388,-0.569997608662
3790,2,2660,237,22,1,1,0,38,1,1,1,1,,-4.15389060974,-1.97284209728,-0.247962012887,-3.474807024,-1.49110293388,-0.569997608662
3791,2,2660,237,22,1,1,1,10,1,1,0,,,-1.41103279591,0.920329391956,1.84443056583,,,
3792,1,2661,238,17,0,17.5,1,40,1,1,1,1,0,-1.40638887882,-0.521030843258,0.255061089993,-1.40638887882,-0.521030843258,0.255061089993
3792,2,2661,238,17,0,17.5,1,52,1,1,1,1,,-0.694871604443,-0.219952777028,-0.23830139637,-1.40638887882,-0.521030843258,0.255061089993
3793,1,2662,238,17,1,1,1,56,1,0,0,,,,,,,,
3793,2,2662,238,17,1,1,1,69,1,0,0,,,,,,,,
3794,1,2662,238,17,1,1,0,19,1,1,1,1,0,-2.55572605133,-0.263425469398,-0.346170544624,-2.55572605133,-0.263425469398,-0.346170544624
3794,2,2662,238,17,1,1,0,31,1,1,1,1,,-1.88288104534,-0.477418273687,-0.317718088627,-2.55572605133,-0.263425469398,-0.346170544624
3795,1,2663,238,17,1,1,0,3,1,1,1,1,0,-2.2399148941,-1.33556818962,,-2.2399148941,-1.33556818962,
3795,2,2663,238,17,1,1,0,16,1,1,1,1,,-3.17724728584,-1.49244630337,-0.466625481844,-2.2399148941,-1.33556818962,
3796,1,2664,238,17,1,1,0,6,1,1,1,1,0,-1.6930423975,-0.131954655051,1.5590634346,-1.6930423975,-0.131954655051,1.5590634346
3796,2,2664,238,17,1,1,0,19,1,1,1,1,,-1.70282328129,-0.686888098717,0.222065657377,-1.6930423975,-0.131954655051,1.5590634346
3797,1,2665,238,17,1,1,0,636,1,0,0,,,,,,,,
3797,2,2665,238,17,1,1,0,66,1,1,0,,,-2.1621928215,-0.897863924503,,,,
3798,1,2665,238,17,1,1,0,1,1,1,1,1,0,-1.99039697647,-1.22934377193,,-1.99039697647,-1.22934377193,
3798,2,2665,238,17,1,1,0,13,1,1,1,1,,-1.59463262558,-0.764672935009,-0.473285377026,-1.99039697647,-1.22934377193,
3799,1,2666,238,17,1,1,0,6,1,1,1,1,0,-1.55287277699,0.653213799,0.867109358311,-1.55287277699,0.653213799,0.867109358311
3799,2,2666,238,17,1,1,0,19,1,1,1,1,,-2.93681049347,0.678994894028,1.87292575836,-1.55287277699,0.653213799,0.867109358311
3800,1,2668,238,17,1,1,0,22,1,1,1,1,0,-1.70324134827,-0.463599383831,0.388605892658,-1.70324134827,-0.463599383831,0.388605892658
3800,2,2668,238,17,1,1,0,35,1,1,1,1,,-1.98707997799,-0.841380178928,-0.409475982189,-1.70324134827,-0.463599383831,0.388605892658
3801,2,2668,238,17,1,1,1,11,1,1,0,,,-1.99183928967,-1.33755111694,-0.764319300652,,,
3802,1,2669,238,17,1,1,0,48,1,1,1,1,0,-1.97357869148,-2.097448349,-2.3128323555,-1.97357869148,-2.097448349,-2.3128323555
3802,2,2669,238,17,1,1,0,60,1,1,1,1,,-1.69702482224,-2.21024918556,-2.76869630814,-1.97357869148,-2.097448349,-2.3128323555
3803,1,2669,238,17,1,1,0,15,1,1,1,1,0,-4.40494632721,-3.43956255913,0.315281242132,-4.40494632721,-3.43956255913,0.315281242132
3803,2,2669,238,17,1,1,0,28,1,1,1,1,,-3.29870724678,-2.89730262756,-1.83146762848,-4.40494632721,-3.43956255913,0.315281242132
3804,1,2670,238,17,1,1,1,43,1,0,0,,,,,,,,
3804,2,2670,238,17,1,1,1,55,1,1,0,,,-1.72291171551,-1.30533444881,-1.46049177647,,,
3805,1,2670,238,17,1,1,0,9,1,1,1,1,0,-0.431824564934,-0.863316655159,0.508853137493,-0.431824564934,-0.863316655159,0.508853137493
3805,2,2670,238,17,1,1,0,22,1,1,1,1,,-1.77140402794,-1.07071697712,-1.16276526451,-0.431824564934,-0.863316655159,0.508853137493
3806,2,2671,238,17,0,17.5,0,1,1,1,0,,,-3.73707866669,-1.91954886913,,,,
3807,1,2674,239,21,1,1.25,0,16,1,1,1,1,0,-1.6295042038,-0.570272266865,-1.16583764553,-1.6295042038,-0.570272266865,-1.16583764553
3807,2,2674,239,21,1,1.25,0,29,1,1,1,1,,-1.96498250961,-0.739077985287,-1.2558914423,-1.6295042038,-0.570272266865,-1.16583764553
3808,1,2675,239,21,1,1.25,0,1,1,0,0,,,,,,,,
3808,2,2675,239,21,1,1.25,0,59,1,0,0,,,,,,,,
3809,1,2675,239,21,1,1.25,0,56,1,1,1,1,0,-1.51933562756,-0.619608104229,-1.1413680315,-1.51933562756,-0.619608104229,-1.1413680315
3809,2,2675,239,21,1,1.25,0,69,1,1,1,1,,-1.44728076458,-0.686573803425,,-1.51933562756,-0.619608104229,-1.1413680315
3810,1,2676,239,21,1,1.25,1,10,1,1,1,0,1,-3.21444010735,-2.65937662125,-2.19118094444,-3.21444010735,-2.65937662125,-2.19118094444
3811,1,2677,239,21,1,1.25,0,17,1,1,1,1,0,-1.21136140823,0.140314489603,-0.363507688046,-1.21136140823,0.140314489603,-0.363507688046
3811,2,2677,239,21,1,1.25,0,31,1,1,1,1,,-1.79615497589,0.367581069469,0.843683958054,-1.21136140823,0.140314489603,-0.363507688046
3812,1,2678,239,21,1,1.25,1,44,1,1,1,1,0,-2.01459026337,-0.482746005058,-0.630281865597,-2.01459026337,-0.482746005058,-0.630281865597
3812,2,2678,239,21,1,1.25,1,57,1,1,1,1,,-1.80168247223,-0.908507585526,-0.852003157139,-2.01459026337,-0.482746005058,-0.630281865597
3813,1,2678,239,21,1,1.25,1,12,1,1,1,1,0,-1.34563910961,-0.758580744267,-0.709443390369,-1.34563910961,-0.758580744267,-0.709443390369
3813,2,2678,239,21,1,1.25,1,25,1,1,1,1,,-1.156203866,-0.469686180353,-0.296640366316,-1.34563910961,-0.758580744267,-0.709443390369
3814,1,2679,239,21,1,1.25,0,38,1,1,1,1,0,-3.37708711624,-2.19222688675,-1.26777434349,-3.37708711624,-2.19222688675,-1.26777434349
3814,2,2679,239,21,1,1.25,0,49,1,1,1,1,,-3.09322047234,-2.02394247055,-0.874992251396,-3.37708711624,-2.19222688675,-1.26777434349
3815,1,2679,239,21,1,1.25,0,15,1,1,1,1,0,-3.83189105988,-1.99469256401,-1.72121870518,-3.83189105988,-1.99469256401,-1.72121870518
3815,2,2679,239,21,1,1.25,0,28,1,1,1,1,,-3.2075984478,-1.71756207943,-0.848577976227,-3.83189105988,-1.99469256401,-1.72121870518
3816,1,2680,239,21,1,1.25,1,26,1,1,1,1,0,-2.97187376022,-2.97940039635,-3.11805677414,-2.97187376022,-2.97940039635,-3.11805677414
3816,2,2680,239,21,1,1.25,1,39,1,1,1,1,,-2.5358736515,-2.00147747993,-1.74526453018,-2.97187376022,-2.97940039635,-3.11805677414
3817,1,2680,239,21,1,1.25,0,2,1,1,1,1,0,-1.4371137619,-2.66063785553,,-1.4371137619,-2.66063785553,
3817,2,2680,239,21,1,1.25,0,15,1,1,1,1,,-3.75284695625,-3.44565272331,-2.95972418785,-1.4371137619,-2.66063785553,
3818,1,2681,239,21,1,1.25,1,72,1,0,0,,,,,,,,
3818,2,2681,239,21,1,1.25,1,72,1,0,0,,,,,,,,
3819,1,2681,239,21,1,1.25,0,46,1,1,1,1,0,-2.17101335526,0.311012029648,0.743838608265,-2.17101335526,0.311012029648,0.743838608265
3819,2,2681,239,21,1,1.25,0,59,1,1,1,1,,-2.01557326317,-0.362621635199,0.388045191765,-2.17101335526,0.311012029648,0.743838608265
3820,1,2681,239,21,1,1.25,0,3,1,1,1,1,0,-0.723549544811,-0.459743738174,,-0.723549544811,-0.459743738174,
3820,2,2681,239,21,1,1.25,0,17,1,1,1,1,,-1.81729054451,0.385578095913,1.04484021664,-0.723549544811,-0.459743738174,
3821,1,2682,239,21,0,11.75,0,4,1,0,0,,,,,,,,
3821,2,2682,239,21,0,11.75,0,18,1,1,0,,,-4.19265794754,-1.83068954945,-0.219738528132,,,
3822,1,2683,239,21,0,11.75,1,49,1,1,1,1,0,-1.99504041672,-0.904441416264,-1.56829345226,-1.99504041672,-0.904441416264,-1.56829345226
3822,2,2683,239,21,0,11.75,1,62,1,1,1,1,,-1.90928304195,-0.708626508713,,-1.99504041672,-0.904441416264,-1.56829345226
3823,1,2684,239,21,0,11.75,0,1,1,1,1,1,0,0.681000649929,0.753473222256,,0.681000649929,0.753473222256,
3823,2,2684,239,21,0,11.75,0,15,1,1,1,1,,-1.59894609451,-0.809768974781,-1.27966487408,0.681000649929,0.753473222256,
3824,1,2685,240,18,0,32.5,1,56,1,1,1,1,0,-0.732794284821,-0.238817214966,-1.07564747334,-0.732794284821,-0.238817214966,-1.07564747334
3824,2,2685,240,18,0,32.5,1,67,1,1,1,1,,-0.408142000437,-0.281324923038,,-0.732794284821,-0.238817214966,-1.07564747334
3825,1,2686,240,18,0,32.5,0,42,1,1,1,1,0,-1.0848389864,0.0789642110467,0.117797136307,-1.0848389864,0.0789642110467,0.117797136307
3825,2,2686,240,18,0,32.5,0,55,1,1,1,1,,-0.869057536125,0.0275939386338,0.100413478911,-1.0848389864,0.0789642110467,0.117797136307
3826,1,2688,240,18,1,1.57142865658,0,11,1,1,1,0,1,-0.510361671448,-1.36918020248,-1.6071254015,-0.510361671448,-1.36918020248,-1.6071254015
3827,1,2689,240,18,0,32.5,1,8,1,1,1,0,1,-4.10140800476,-3.03373146057,-1.96954321861,-4.10140800476,-3.03373146057,-1.96954321861
3828,1,2690,240,18,1,1.57142865658,0,10,1,1,1,1,0,-1.28285181522,-0.700143098831,-1.08577263355,-1.28285181522,-0.700143098831,-1.08577263355
3828,2,2690,240,18,1,1.57142865658,0,23,1,1,1,1,,-2.35082626343,-0.956867933273,-0.838060796261,-1.28285181522,-0.700143098831,-1.08577263355
3829,1,2691,240,18,1,1.57142865658,0,56,1,1,1,1,0,-2.18769431114,-1.40852177143,-0.74195677042,-2.18769431114,-1.40852177143,-0.74195677042
3829,2,2691,240,18,1,1.57142865658,0,68,1,1,1,1,,-1.97481119633,-1.64104688168,,-2.18769431114,-1.40852177143,-0.74195677042
3830,1,2691,240,18,1,1.57142865658,0,15,1,1,1,1,0,-1.57918429375,-1.04299938679,-0.48213788867,-1.57918429375,-1.04299938679,-0.48213788867
3830,2,2691,240,18,1,1.57142865658,0,28,1,1,1,1,,-1.59802997112,-1.2192658186,-0.893547713757,-1.57918429375,-1.04299938679,-0.48213788867
3831,1,2692,240,18,1,1.57142865658,0,60,1,0,0,,,,,,,,
3831,2,2692,240,18,1,1.57142865658,0,72,1,0,0,,,,,,,,
3832,1,2692,240,18,1,1.57142865658,0,24,1,1,1,1,0,-1.33089315891,0.226401165128,-0.0457493551075,-1.33089315891,0.226401165128,-0.0457493551075
3832,2,2692,240,18,1,1.57142865658,0,37,1,1,1,1,,-1.48807644844,-0.0120726525784,-0.847317099571,-1.33089315891,0.226401165128,-0.0457493551075
3833,1,2693,240,18,1,1.57142865658,1,18,1,1,1,0,1,-1.55237782001,0.726075291634,-0.0676444843411,-1.55237782001,0.726075291634,-0.0676444843411
3834,1,2693,240,18,1,1.57142865658,1,4,1,1,1,0,1,-1.40446591377,-1.40034377575,,-1.40446591377,-1.40034377575,
3835,1,2694,240,18,1,1.57142865658,1,58,1,1,1,1,0,-1.28354001045,0.455851316452,0.345350623131,-1.28354001045,0.455851316452,0.345350623131
3835,2,2694,240,18,1,1.57142865658,1,70,1,1,1,1,,-1.02930450439,0.226857692003,,-1.28354001045,0.455851316452,0.345350623131
3836,1,2694,240,18,1,1.57142865658,1,4,1,1,1,1,0,-0.896253526211,0.387517035007,,-0.896253526211,0.387517035007,
3836,2,2694,240,18,1,1.57142865658,1,17,1,1,1,1,,-0.604064464569,0.630735516548,0.952840983868,-0.896253526211,0.387517035007,
3837,1,2695,240,18,1,1.57142865658,0,21,1,1,1,1,0,-1.82133865356,,-0.976686775684,-1.82133865356,,-0.976686775684
3837,2,2695,240,18,1,1.57142865658,0,34,1,1,1,1,,-2.56179881096,-1.19414031506,-1.66477537155,-1.82133865356,,-0.976686775684
3838,2,2695,240,18,1,1.57142865658,0,7,1,1,0,,,-0.973939478397,-0.753180384636,-0.715054094791,,,
3839,1,2696,241,17,1,1.74999988079,0,20,1,1,1,1,0,-2.54076838493,-0.871187448502,-0.29714858532,-2.54076838493,-0.871187448502,-0.29714858532
3839,2,2696,241,17,1,1.74999988079,0,33,1,1,1,1,,-1.94278109074,-0.403833925724,0.691641151905,-2.54076838493,-0.871187448502,-0.29714858532
3840,1,2696,241,17,1,1.74999988079,1,1,1,1,1,1,0,-1.50300753117,-1.32702434063,,-1.50300753117,-1.32702434063,
3840,2,2696,241,17,1,1.74999988079,1,14,1,1,1,1,,-2.17271995544,-1.06580471992,0.346466571093,-1.50300753117,-1.32702434063,
3841,1,2697,241,17,1,1.74999988079,0,5,1,1,1,1,0,0.448679417372,1.74831914902,,0.448679417372,1.74831914902,
3841,2,2697,241,17,1,1.74999988079,0,18,1,1,1,1,,-1.11546325684,1.10752022266,1.87292575836,0.448679417372,1.74831914902,
3842,1,2698,241,17,1,1.74999988079,0,32,1,1,1,1,0,-2.41334557533,-0.538926780224,-0.56695753336,-2.41334557533,-0.538926780224,-0.56695753336
3842,2,2698,241,17,1,1.74999988079,0,45,1,1,1,1,,-2.19764733315,-0.595185041428,-0.344388663769,-2.41334557533,-0.538926780224,-0.56695753336
3843,1,2699,241,17,1,1.74999988079,1,54,1,1,1,1,0,-1.84638154507,-0.450973570347,-0.442813247442,-1.84638154507,-0.450973570347,-0.442813247442
3843,2,2699,241,17,1,1.74999988079,1,67,1,1,1,1,,-1.61644160748,-0.508805930614,,-1.84638154507,-0.450973570347,-0.442813247442
3844,1,2699,241,17,1,1.74999988079,1,8,1,1,1,1,0,-0.930150032043,-0.511965692043,-0.16839812696,-0.930150032043,-0.511965692043,-0.16839812696
3844,2,2699,241,17,1,1.74999988079,1,21,1,1,1,1,,-1.26024651527,-0.184467434883,0.278603643179,-0.930150032043,-0.511965692043,-0.16839812696
3845,1,2700,241,17,1,1.74999988079,1,38,1,1,1,1,0,-2.31469511986,0.287923693657,0.760687112808,-2.31469511986,0.287923693657,0.760687112808
3845,2,2700,241,17,1,1.74999988079,1,51,1,1,1,1,,-1.97364461422,-0.157047897577,0.400440305471,-2.31469511986,0.287923693657,0.760687112808
3846,1,2700,241,17,1,1.74999988079,0,22,1,1,1,1,0,-2.52117466927,-0.81127679348,0.220767065883,-2.52117466927,-0.81127679348,0.220767065883
3846,2,2700,241,17,1,1.74999988079,0,35,1,1,1,1,,-2.56077742577,-0.459956049919,0.92176681757,-2.52117466927,-0.81127679348,0.220767065883
3847,1,2701,241,17,1,1.74999988079,1,41,1,1,1,1,0,-1.45427966118,-0.323029667139,-0.843641221523,-1.45427966118,-0.323029667139,-0.843641221523
3847,2,2701,241,17,1,1.74999988079,1,54,1,1,1,1,,-1.10781276226,-0.393809378147,-1.16576111317,-1.45427966118,-0.323029667139,-0.843641221523
3848,1,2701,241,17,1,1.74999988079,1,8,1,1,1,1,0,-2.21979570389,-1.506767869,-0.704048991203,-2.21979570389,-1.506767869,-0.704048991203
3848,2,2701,241,17,1,1.74999988079,1,21,1,1,1,1,,-1.74929606915,-0.951330423355,-0.48469376564,-2.21979570389,-1.506767869,-0.704048991203
3849,1,2702,241,17,0,18.5,1,20,1,1,1,1,0,-3.7683391571,-1.2275364399,0.4951633811,-3.7683391571,-1.2275364399,0.4951633811
3849,2,2702,241,17,0,18.5,1,33,1,1,1,1,,-3.30139732361,-1.67160451412,0.162597045302,-3.7683391571,-1.2275364399,0.4951633811
3850,1,2703,241,17,0,18.5,0,52,1,1,1,1,0,-3.3189098835,-0.83180731535,-0.0480410978198,-3.3189098835,-0.83180731535,-0.0480410978198
3850,2,2703,241,17,0,18.5,0,65,1,1,1,1,,-2.85052990913,-1.34506833553,,-3.3189098835,-0.83180731535,-0.0480410978198
3851,1,2703,241,17,0,18.5,0,35,1,1,1,1,0,-2.95690512657,-0.847896873951,-0.493243962526,-2.95690512657,-0.847896873951,-0.493243962526
3851,2,2703,241,17,0,18.5,0,48,1,1,1,1,,-2.47428894043,-0.832875549793,-0.335315406322,-2.95690512657,-0.847896873951,-0.493243962526
3852,1,2704,241,17,0,18.5,0,19,1,1,1,1,0,-4.35226011276,-2.31595540047,-1.96139454842,-4.35226011276,-2.31595540047,-1.96139454842
3852,2,2704,241,17,0,18.5,0,32,1,1,1,1,,-4.07913637161,-2.48036384583,-1.09486758709,-4.35226011276,-2.31595540047,-1.96139454842
3853,2,2704,241,17,0,18.5,1,9,1,1,0,,,-2.06706976891,-1.45956552029,-0.584345817566,,,
3854,1,2705,241,17,1,1.74999988079,1,44,1,1,1,1,0,-1.59266400337,-0.06340367347,-0.108874149621,-1.59266400337,-0.06340367347,-0.108874149621
3854,2,2705,241,17,1,1.74999988079,1,57,1,1,1,1,,-1.58649718761,-0.491953492165,-0.00253148027696,-1.59266400337,-0.06340367347,-0.108874149621
3855,1,2705,241,17,1,1.74999988079,0,8,1,1,1,1,0,-4.2617521286,-2.28092002869,-0.606784343719,-4.2617521286,-2.28092002869,-0.606784343719
3855,2,2705,241,17,1,1.74999988079,0,21,1,1,1,1,,-3.96110153198,-2.31253552437,-0.428924053907,-4.2617521286,-2.28092002869,-0.606784343719
3856,1,2706,241,17,0,18.5,0,84,1,0,0,,,,,,,,
3856,2,2706,241,17,0,18.5,0,67,1,0,0,,,,,,,,
3857,1,2707,241,17,1,1.74999988079,1,42,1,1,1,1,0,-4.30292797089,-2.86986732483,-1.36608076096,-4.30292797089,-2.86986732483,-1.36608076096
3857,2,2707,241,17,1,1.74999988079,1,56,1,1,1,1,,-4.2245631218,-3.44565272331,-2.4974257946,-4.30292797089,-2.86986732483,-1.36608076096
3858,1,2707,241,17,1,1.74999988079,1,9,1,1,1,1,0,-0.701028585434,-1.31462371349,-1.14033162594,-0.701028585434,-1.31462371349,-1.14033162594
3858,2,2707,241,17,1,1.74999988079,1,22,1,1,1,1,,-2.83764147758,-2.13304829597,-1.55818462372,-0.701028585434,-1.31462371349,-1.14033162594
3859,1,2708,242,20,1,1.62499988079,1,40,1,0,0,,,,,,,,
3859,2,2708,242,20,1,1.62499988079,1,53,1,1,0,,,-2.60436820984,-1.34038925171,-0.875866293907,,,
3860,1,2708,242,20,1,1.62499988079,1,14,1,1,1,1,0,-2.00506424904,-1.11676347256,-0.600627183914,-2.00506424904,-1.11676347256,-0.600627183914
3860,2,2708,242,20,1,1.62499988079,1,27,1,1,1,1,,-1.75467967987,-1.66859471798,-0.895651698112,-2.00506424904,-1.11676347256,-0.600627183914
3861,1,2709,242,20,0,16.75,0,31,1,1,1,1,0,-1.53597223759,-0.391454637051,0.0559064298868,-1.53597223759,-0.391454637051,0.0559064298868
3861,2,2709,242,20,0,16.75,0,44,1,1,1,1,,-1.83933973312,-0.62821829319,-0.360277593136,-1.53597223759,-0.391454637051,0.0559064298868
3862,1,2710,242,20,1,1.62499988079,1,7,1,1,1,1,0,-0.426412642002,-0.209437072277,-0.35205116868,-0.426412642002,-0.209437072277,-0.35205116868
3862,2,2710,242,20,1,1.62499988079,1,20,1,1,1,1,,-2.35773444176,-1.27374279499,-0.651090681553,-0.426412642002,-0.209437072277,-0.35205116868
3863,1,2711,242,20,1,1.62499988079,1,68,1,0,0,,,,,,,,
3863,2,2711,242,20,1,1.62499988079,1,72,1,0,0,,,,,,,,
3864,1,2711,242,20,1,1.62499988079,1,24,1,1,1,1,0,-2.08140945435,-0.807311177254,-0.842857420444,-2.08140945435,-0.807311177254,-0.842857420444
3864,2,2711,242,20,1,1.62499988079,1,37,1,1,1,1,,-1.97008693218,-1.27963447571,-0.422670543194,-2.08140945435,-0.807311177254,-0.842857420444
3865,1,2712,242,20,1,1.62499988079,0,59,1,1,1,1,0,-2.1460711956,-1.73818719387,-1.9646500349,-2.1460711956,-1.73818719387,-1.9646500349
3865,2,2712,242,20,1,1.62499988079,0,72,1,1,1,1,,-2.80121636391,-2.50573325157,,-2.1460711956,-1.73818719387,-1.9646500349
3866,1,2712,242,20,1,1.62499988079,1,10,1,1,1,1,0,-1.75550317764,-1.69228816032,-1.88078665733,-1.75550317764,-1.69228816032,-1.88078665733
3866,2,2712,242,20,1,1.62499988079,1,23,1,1,1,1,,-2.73192811012,-1.98449277878,-1.96360886097,-1.75550317764,-1.69228816032,-1.88078665733
3867,1,2713,242,20,1,1.62499988079,0,51,1,0,0,,,,,,,,
3867,2,2713,242,20,1,1.62499988079,0,64,1,1,0,,,-0.920975267887,-0.127179160714,,,,
3868,1,2713,242,20,1,1.62499988079,1,15,1,1,1,1,0,-1.2631059885,-0.0346432588995,0.0603213533759,-1.2631059885,-0.0346432588995,0.0603213533759
3868,2,2713,242,20,1,1.62499988079,1,28,1,1,1,1,,-1.18044221401,0.0608410947025,0.67682659626,-1.2631059885,-0.0346432588995,0.0603213533759
3869,1,2714,242,20,0,16.75,1,43,1,1,1,1,0,-1.99169814587,-0.576124191284,-0.220544338226,-1.99169814587,-0.576124191284,-0.220544338226
3869,2,2714,242,20,0,16.75,1,56,1,1,1,1,,-2.03407478333,-0.423242598772,-0.00222329376265,-1.99169814587,-0.576124191284,-0.220544338226
3870,1,2714,242,20,0,16.75,1,1,1,1,1,1,0,0.95322239399,1.25205004215,,0.95322239399,1.25205004215,
3870,2,2714,242,20,0,16.75,1,14,1,1,1,1,,-1.48346447945,0.422069370747,0.710217893124,0.95322239399,1.25205004215,
3871,1,2715,242,20,1,1.62499988079,0,24,1,1,1,1,0,-2.67288661003,-1.81370294094,-1.02482175827,-2.67288661003,-1.81370294094,-1.02482175827
3871,2,2715,242,20,1,1.62499988079,0,37,1,1,1,1,,-3.12706947327,-1.71972370148,-0.93381857872,-2.67288661003,-1.81370294094,-1.02482175827
3872,2,2715,242,20,1,1.62499988079,0,5,1,1,0,,,-1.20889472961,-1.85039901733,,,,
3873,1,2717,242,20,1,1.62499988079,0,7,1,1,1,1,0,-0.743638694286,0.983411252499,1.75709688663,-0.743638694286,0.983411252499,1.75709688663
3873,2,2717,242,20,1,1.62499988079,0,20,1,1,1,1,,-1.13704919815,-0.0680223852396,0.181812003255,-0.743638694286,0.983411252499,1.75709688663
3874,1,2718,242,20,1,1.62499988079,0,18,1,1,1,1,0,-2.69113469124,-1.07008564472,-1.3303604126,-2.69113469124,-1.07008564472,-1.3303604126
3874,2,2718,242,20,1,1.62499988079,0,32,1,1,1,1,,-3.25336122513,-1.46612346172,-1.1400141716,-2.69113469124,-1.07008564472,-1.3303604126
3875,2,2719,242,20,0,16.75,1,46,1,0,0,,,,,,,,
3876,1,2720,243,19,1,1.39999997616,0,42,1,1,1,1,0,-2.47194027901,-1.55079507828,-0.760383963585,-2.47194027901,-1.55079507828,-0.760383963585
3876,2,2720,243,19,1,1.39999997616,0,55,1,1,1,1,,-2.53133511543,-1.28400290012,-0.958967387676,-2.47194027901,-1.55079507828,-0.760383963585
3877,1,2720,243,19,1,1.39999997616,0,1,1,1,1,1,0,0.141584277153,-0.820342123508,,0.141584277153,-0.820342123508,
3877,2,2720,243,19,1,1.39999997616,0,15,1,1,1,1,,-1.16421413422,-1.99469256401,-1.27966487408,0.141584277153,-0.820342123508,
3878,1,2721,243,19,0,15.3333330154,0,60,1,1,1,1,0,-2.29048061371,-0.65176820755,-0.520686268806,-2.29048061371,-0.65176820755,-0.520686268806
3878,2,2721,243,19,0,15.3333330154,0,73,1,1,1,1,,-2.21771860123,-0.699110209942,,-2.29048061371,-0.65176820755,-0.520686268806
3879,1,2721,243,19,0,15.3333330154,1,4,1,1,1,1,0,0.189469978213,-0.496691912413,,0.189469978213,-0.496691912413,
3879,2,2721,243,19,0,15.3333330154,1,17,1,1,1,1,,-1.11300766468,-0.124922089279,-0.411869198084,0.189469978213,-0.496691912413,
3880,1,2722,243,19,1,1.39999997616,0,25,1,1,1,1,0,-3.20028924942,-0.851970732212,0.242098107934,-3.20028924942,-0.851970732212,0.242098107934
3880,2,2722,243,19,1,1.39999997616,0,38,1,1,1,1,,-3.66674375534,-2.00173687935,-1.40256226063,-3.20028924942,-0.851970732212,0.242098107934
3881,2,2726,243,19,1,1.39999997616,1,17,1,1,0,,,-2.85043692589,-1.62167668343,-0.15008084476,,,
3882,1,2727,243,19,0,15.3333330154,0,26,1,0,0,,,,,,,,
3882,2,2727,243,19,0,15.3333330154,0,39,1,1,0,,,-2.61847162247,-0.950091302395,-0.56129771471,,,
3883,1,2728,243,19,1,1.39999997616,0,49,1,0,0,,,,,,,,
3883,2,2728,243,19,1,1.39999997616,0,62,1,1,0,,,-1.81728792191,-0.889315724373,,,,
3884,1,2728,243,19,1,1.39999997616,0,16,1,1,1,1,0,-1.74558603764,-0.962574124336,-0.881840109825,-1.74558603764,-0.962574124336,-0.881840109825
3884,2,2728,243,19,1,1.39999997616,0,29,1,1,1,1,,-3.08436441422,-1.50647377968,-1.4896889925,-1.74558603764,-0.962574124336,-0.881840109825
3885,2,2728,243,19,1,1.39999997616,0,3,1,1,0,,,-0.185485571623,0.526422977448,,,,
3886,1,2730,243,19,1,1.39999997616,1,53,1,1,1,1,0,-2.58213710785,-1.12264251709,-0.912635445595,-2.58213710785,-1.12264251709,-0.912635445595
3886,2,2730,243,19,1,1.39999997616,1,67,1,1,1,1,,-2.42197370529,-1.25452065468,,-2.58213710785,-1.12264251709,-0.912635445595
3887,1,2730,243,19,1,1.39999997616,1,53,1,1,1,1,0,,-3.3917863369,-1.52099871635,,-3.3917863369,-1.52099871635
3887,2,2730,243,19,1,1.39999997616,1,67,1,1,1,1,,-4.47712230682,-3.44565272331,,,-3.3917863369,-1.52099871635
3888,1,2730,243,19,1,1.39999997616,0,19,1,1,1,1,0,-3.57194638252,-1.18585789204,-0.435834974051,-3.57194638252,-1.18585789204,-0.435834974051
3888,2,2730,243,19,1,1.39999997616,0,33,1,1,1,1,,-3.09366464615,-1.83642280102,-1.35522651672,-3.57194638252,-1.18585789204,-0.435834974051
3889,1,2731,244,22,1,2,1,12,1,1,1,1,0,-3.28740024567,-1.70563590527,-0.52892690897,-3.28740024567,-1.70563590527,-0.52892690897
3889,2,2731,244,22,1,2,1,25,1,1,1,1,,-2.72713446617,-1.78446578979,-0.381519466639,-3.28740024567,-1.70563590527,-0.52892690897
3890,1,2732,244,22,0,11.75,0,27,1,1,1,1,0,-2.71065354347,,-1.73789215088,-2.71065354347,,-1.73789215088
3890,2,2732,244,22,0,11.75,0,40,1,1,1,1,,-2.54461407661,-1.84965074062,-1.58674108982,-2.71065354347,,-1.73789215088
3891,1,2734,244,22,1,2,1,66,1,0,0,,,,,,,,
3891,2,2734,244,22,1,2,1,72,1,0,0,,,,,,,,
3892,1,2734,244,22,1,2,0,9,1,1,1,1,0,-0.431824564934,0.080827601254,-0.294140279293,-0.431824564934,0.080827601254,-0.294140279293
3892,2,2734,244,22,1,2,0,22,1,1,1,1,,-2.00996661186,-0.745545804501,-0.882748544216,-0.431824564934,0.080827601254,-0.294140279293
3893,1,2735,244,22,1,2,0,65,1,0,0,,,,,,,,
3893,2,2735,244,22,1,2,0,72,1,0,0,,,,,,,,
3894,1,2735,244,22,1,2,1,16,1,1,1,1,0,-2.29224300385,,,-2.29224300385,,
3894,2,2735,244,22,1,2,1,29,1,1,1,1,,-2.21181845665,-0.656740367413,-0.162379473448,-2.29224300385,,
3895,1,2736,244,22,1,2,0,6,1,1,1,0,1,-0.314723819494,-0.633081436157,-0.792236328125,-0.314723819494,-0.633081436157,-0.792236328125
3896,1,2737,244,22,1,2,1,12,1,1,1,1,0,-4.14177703857,-3.8929309845,,-4.14177703857,-3.8929309845,
3896,2,2737,244,22,1,2,1,25,1,1,1,1,,-4.47712230682,-3.44565272331,-2.95972418785,-4.14177703857,-3.8929309845,
3897,1,2738,244,22,0,11.75,1,54,1,1,1,1,0,-1.40544366837,-0.100382857025,0.0322159528732,-1.40544366837,-0.100382857025,0.0322159528732
3897,2,2738,244,22,0,11.75,1,67,1,1,1,1,,-1.11298406124,-0.0143357468769,,-1.40544366837,-0.100382857025,0.0322159528732
3898,2,2738,244,22,0,11.75,1,6,1,1,0,,,-0.653501749039,0.375734388828,-0.0236039441079,,,
3899,1,2739,244,22,1,2,0,16,1,1,1,1,0,-4.24132061005,-1.37207007408,-0.512142300606,-4.24132061005,-1.37207007408,-0.512142300606
3899,2,2739,244,22,1,2,0,29,1,1,1,1,,-3.4873445034,-1.88998472691,-0.936346888542,-4.24132061005,-1.37207007408,-0.512142300606
3900,1,2740,244,22,1,2,1,44,1,1,1,1,0,-1.00196623802,-1.78327572346,-1.93593204021,-1.00196623802,-1.78327572346,-1.93593204021
3900,2,2740,244,22,1,2,1,56,1,1,1,1,,-0.39663118124,-1.14932155609,-1.87910604477,-1.00196623802,-1.78327572346,-1.93593204021
3901,1,2740,244,22,1,2,1,14,1,0,0,,,,,,,,
3901,2,2740,244,22,1,2,1,27,1,1,0,,,-1.42935788631,-0.836675345898,-0.984340250492,,,
3902,1,2742,244,22,1,2,1,23,1,1,1,1,0,-2.33806276321,-1.12655389309,-0.342282652855,-2.33806276321,-1.12655389309,-0.342282652855
3902,2,2742,244,22,1,2,1,36,1,1,1,1,,-2.87609815598,-2.03540253639,-1.16625058651,-2.33806276321,-1.12655389309,-0.342282652855
3903,1,2743,245,18,1,1.25,0,47,1,1,1,1,0,-2.52902269363,-1.83261871338,-2.19876480103,-2.52902269363,-1.83261871338,-2.19876480103
3903,2,2743,245,18,1,1.25,0,60,1,1,1,1,,-2.76524472237,-2.44585990906,-2.7205426693,-2.52902269363,-1.83261871338,-2.19876480103
3904,1,2743,245,18,1,1.25,1,4,1,1,1,1,0,-0.388042896986,0.0329447351396,,-0.388042896986,0.0329447351396,
3904,2,2743,245,18,1,1.25,1,17,1,1,1,1,,-1.21830749512,-1.47825360298,-1.00246238708,-0.388042896986,0.0329447351396,
3905,1,2744,245,18,1,1.25,1,20,1,1,1,1,0,-3.23728847504,-1.29231619835,0.57528179884,-3.23728847504,-1.29231619835,0.57528179884
3905,2,2744,245,18,1,1.25,1,32,1,1,1,1,,-3.29318022728,-1.76970803738,-0.185953587294,-3.23728847504,-1.29231619835,0.57528179884
3906,2,2744,245,18,1,1.25,0,4,1,1,0,,,-1.57922673225,0.12257912755,,,,
3907,1,2745,245,18,1,1.25,1,40,1,1,1,1,0,-2.41107845306,-1.69676446915,-0.971179425716,-2.41107845306,-1.69676446915,-0.971179425716
3907,2,2745,245,18,1,1.25,1,54,1,1,1,1,,-2.58495354652,-1.59971189499,-1.27910482883,-2.41107845306,-1.69676446915,-0.971179425716
3908,1,2745,245,18,1,1.25,1,23,1,0,0,,,,,,,,
3908,2,2745,245,18,1,1.25,1,36,1,1,0,,,-2.78418111801,-1.32096409798,-0.996788918972,,,
3909,2,2745,245,18,1,1.25,1,9,1,1,0,,,-1.71520841122,-1.50852513313,-1.04556953907,,,
3910,1,2746,245,18,0,13.9999990463,0,9,1,1,1,1,0,-3.08420801163,-3.01448655128,-1.72883760929,-3.08420801163,-3.01448655128,-1.72883760929
3910,2,2746,245,18,0,13.9999990463,0,23,1,1,1,1,,-3.21890521049,-1.97481024265,-0.432455420494,-3.08420801163,-3.01448655128,-1.72883760929
3911,1,2748,245,18,0,13.9999990463,1,7,1,1,1,1,0,-2.26198506355,-1.28933620453,-0.807713925838,-2.26198506355,-1.28933620453,-0.807713925838
3911,2,2748,245,18,0,13.9999990463,1,20,1,1,1,1,,-2.22497105598,-0.965731143951,-0.254955649376,-2.26198506355,-1.28933620453,-0.807713925838
3912,1,2749,245,18,1,1.25,0,30,1,1,1,1,0,-3.47490525246,-1.60271918774,-0.406531572342,-3.47490525246,-1.60271918774,-0.406531572342
3912,2,2749,245,18,1,1.25,0,45,1,1,1,1,,-2.82249259949,-1.59092783928,-1.20998823643,-3.47490525246,-1.60271918774,-0.406531572342
3913,1,2749,245,18,1,1.25,1,4,1,1,1,1,0,-1.40446591377,-0.740733087063,,-1.40446591377,-0.740733087063,
3913,2,2749,245,18,1,1.25,1,17,1,1,1,1,,-2.35904479027,-1.29821014404,-0.909423708916,-1.40446591377,-0.740733087063,
3914,1,2750,245,18,1,1.25,0,48,1,0,0,,,,,,,,
3914,2,2750,245,18,1,1.25,0,61,1,0,0,,,,,,,,
3915,1,2750,245,18,1,1.25,0,2,1,1,1,1,0,-1.18717229366,0.232951745391,,-1.18717229366,0.232951745391,
3915,2,2750,245,18,1,1.25,0,15,1,1,1,1,,-3.77260875702,-1.91879808903,-0.43661943078,-1.18717229366,0.232951745391,
3916,1,2751,245,18,1,1.25,0,27,1,0,0,,,,,,,,
3916,2,2751,245,18,1,1.25,0,39,1,1,0,,,-1.91551339626,-1.92439246178,-2.57054972649,,,
3917,1,2752,245,18,1,1.25,1,53,1,1,1,1,0,-2.77110409737,-0.840296089649,0.708546102047,-2.77110409737,-0.840296089649,0.708546102047
3917,2,2752,245,18,1,1.25,1,66,1,1,1,1,,-2.66998815536,-0.534478485584,,-2.77110409737,-0.840296089649,0.708546102047
3918,1,2752,245,18,1,1.25,1,16,1,1,1,1,0,-3.77734065056,-2.36379408836,-0.681034684181,-3.77734065056,-2.36379408836,-0.681034684181
3918,2,2752,245,18,1,1.25,1,29,1,1,1,1,,-3.70568704605,-1.10476672649,1.31195163727,-3.77734065056,-2.36379408836,-0.681034684181
3919,1,2753,245,18,1,1.25,0,12,1,1,1,1,0,0.568627893925,-0.0837507396936,0.484986931086,0.568627893925,-0.0837507396936,0.484986931086
3919,2,2753,245,18,1,1.25,0,25,1,1,1,1,,,0.0700719431043,0.366061747074,0.568627893925,-0.0837507396936,0.484986931086
3920,1,2755,246,19,1,1.62499988079,0,60,1,0,0,,,,,,,,
3920,2,2755,246,19,1,1.62499988079,0,72,1,0,0,,,,,,,,
3921,1,2755,246,19,1,1.62499988079,0,13,1,1,1,1,0,-1.51219415665,0.349784642458,0.71223372221,-1.51219415665,0.349784642458,0.71223372221
3921,2,2755,246,19,1,1.62499988079,0,26,1,1,1,1,,-1.52926123142,-0.531837999821,0.151390492916,-1.51219415665,0.349784642458,0.71223372221
3922,1,2756,246,19,1,1.62499988079,0,3,1,1,1,1,0,-1.53064739704,-0.021688234061,,-1.53064739704,-0.021688234061,
3922,2,2756,246,19,1,1.62499988079,0,16,1,1,1,1,,-2.693577528,-1.75871872902,-0.241287663579,-1.53064739704,-0.021688234061,
3923,1,2757,246,19,0,20.25,0,40,1,1,1,1,0,-2.48023247719,-0.782073736191,-0.880864858627,-2.48023247719,-0.782073736191,-0.880864858627
3923,2,2757,246,19,0,20.25,0,53,1,1,1,1,,-2.89243125916,-0.985091030598,-1.03977108002,-2.48023247719,-0.782073736191,-0.880864858627
3924,1,2758,246,19,0,20.25,0,30,1,1,1,0,1,-0.391374260187,-1.24564218521,-1.29598510265,-0.391374260187,-1.24564218521,-1.29598510265
3925,1,2759,246,19,1,1.62499988079,0,56,1,1,1,1,0,-1.75326013565,0.136460140347,0.694031774998,-1.75326013565,0.136460140347,0.694031774998
3925,2,2759,246,19,1,1.62499988079,0,70,1,1,1,1,,-1.91172289848,0.225244060159,,-1.75326013565,0.136460140347,0.694031774998
3926,1,2759,246,19,1,1.62499988079,0,3,1,1,1,1,0,-2.21545577049,-1.61387073994,,-2.21545577049,-1.61387073994,
3926,2,2759,246,19,1,1.62499988079,0,15,1,1,1,1,,-2.92290377617,-1.72640931606,-0.256019979715,-2.21545577049,-1.61387073994,
3927,1,2760,246,19,1,1.62499988079,1,12,1,0,0,,,,,,,,
3927,2,2760,246,19,1,1.62499988079,1,25,1,1,0,,,-4.47712230682,-3.4375269413,-1.22380292416,,,
3928,1,2761,246,19,1,1.62499988079,1,65,1,0,0,,,,,,,,
3928,2,2761,246,19,1,1.62499988079,1,72,1,0,0,,,,,,,,
3929,1,2761,246,19,1,1.62499988079,1,15,1,1,1,1,0,-1.95673978329,-1.74241936207,-0.821928560734,-1.95673978329,-1.74241936207,-0.821928560734
3929,2,2761,246,19,1,1.62499988079,1,28,1,1,1,1,,-2.20047664642,-2.08989262581,-1.49659538269,-1.95673978329,-1.74241936207,-0.821928560734
3930,1,2762,246,19,1,1.62499988079,0,44,1,1,1,1,0,-2.72965335846,-1.25313353539,-1.58489477634,-2.72965335846,-1.25313353539,-1.58489477634
3930,2,2762,246,19,1,1.62499988079,0,57,1,1,1,1,,-2.86655831337,-1.22159826756,-1.12068140507,-2.72965335846,-1.25313353539,-1.58489477634
3931,1,2762,246,19,1,1.62499988079,0,25,1,1,1,1,0,-0.552637219429,,-0.0948942229152,-0.552637219429,,-0.0948942229152
3931,2,2762,246,19,1,1.62499988079,0,38,1,1,1,1,,-0.980852663517,-0.602501511574,-0.576886892319,-0.552637219429,,-0.0948942229152
3932,1,2763,246,19,1,1.62499988079,1,7,1,1,1,1,0,-0.383223384619,-1.23846507072,-0.71495360136,-0.383223384619,-1.23846507072,-0.71495360136
3932,2,2763,246,19,1,1.62499988079,1,21,1,1,1,1,,-1.73299336433,-1.75144910812,-1.30741810799,-0.383223384619,-1.23846507072,-0.71495360136
3933,1,2764,246,19,1,1.62499988079,0,10,1,1,1,1,0,-3.3617105484,-2.45995521545,-2.17801642418,-3.3617105484,-2.45995521545,-2.17801642418
3933,2,2764,246,19,1,1.62499988079,0,23,1,1,1,1,,-3.98682260513,-2.78645777702,-2.19252610207,-3.3617105484,-2.45995521545,-2.17801642418
3934,2,2765,246,19,0,20.25,1,39,1,1,0,,,-2.39624118805,-1.01519167423,-0.264232486486,,,
3935,1,2767,247,20,1,1,0,13,1,1,1,1,0,-1.65646314621,-0.362710028887,0.796333312988,-1.65646314621,-0.362710028887,0.796333312988
3935,2,2767,247,20,1,1,0,26,1,1,1,1,,-2.78881788254,-1.73860454559,-0.402481198311,-1.65646314621,-0.362710028887,0.796333312988
3936,1,2768,247,20,0,9.75,1,67,1,0,0,,,,,,,,
3936,2,2768,247,20,0,9.75,1,72,1,0,0,,,,,,,,
3937,1,2769,247,20,1,1,1,67,1,0,0,,,,,,,,
3937,2,2769,247,20,1,1,1,72,1,0,0,,,,,,,,
3938,1,2769,247,20,1,1,1,36,1,1,1,1,0,-2.2720682621,-0.71195679903,-0.266971200705,-2.2720682621,-0.71195679903,-0.266971200705
3938,2,2769,247,20,1,1,1,49,1,1,1,1,,-1.81094837189,-0.513124704361,-0.71428078413,-2.2720682621,-0.71195679903,-0.266971200705
3939,1,2769,247,20,1,1,1,3,1,1,1,1,0,-1.80654931068,0.376548439264,,-1.80654931068,0.376548439264,
3939,2,2769,247,20,1,1,1,16,1,1,1,1,,-2.23856163025,-0.394703239202,0.518268942833,-1.80654931068,0.376548439264,
3940,1,2770,247,20,0,9.75,0,24,1,1,1,1,0,,,0.538546264172,,,0.538546264172
3940,2,2770,247,20,0,9.75,0,37,1,1,1,1,,-2.34088587761,-1.82660758495,-0.890478909016,,,0.538546264172
3941,1,2771,247,20,1,1,0,41,1,1,1,1,0,-1.94840669632,-1.21829223633,-1.42881786823,-1.94840669632,-1.21829223633,-1.42881786823
3941,2,2771,247,20,1,1,0,54,1,1,1,1,,-1.87246072292,-1.61021006107,-1.87112390995,-1.94840669632,-1.21829223633,-1.42881786823
3942,1,2771,247,20,1,1,0,17,1,1,1,1,0,-0.416082948446,-0.864941477776,-0.363507688046,-0.416082948446,-0.864941477776,-0.363507688046
3942,2,2771,247,20,1,1,0,30,1,1,1,1,,-1.61010360718,-1.26052451134,-0.578927218914,-0.416082948446,-0.864941477776,-0.363507688046
3943,2,2771,247,20,1,1,1,4,1,1,0,,,-0.0646353363991,-0.416966468096,,,,
3944,1,2772,247,20,1,1,0,40,1,1,1,1,0,-2.63474774361,0.083851531148,1.05268168449,-2.63474774361,0.083851531148,1.05268168449
3944,2,2772,247,20,1,1,0,53,1,1,1,1,,-2.38994884491,0.0624246113002,1.16032588482,-2.63474774361,0.083851531148,1.05268168449
3945,1,2772,247,20,1,1,1,11,1,1,1,1,0,-3.43980002403,-2.28203845024,-1.32852220535,-3.43980002403,-2.28203845024,-1.32852220535
3945,2,2772,247,20,1,1,1,24,1,1,1,1,,-4.04959535599,-1.87268102169,-0.932810544968,-3.43980002403,-2.28203845024,-1.32852220535
3946,1,2773,247,20,0,9.75,0,20,1,1,1,1,0,-1.81225693226,0.243372768164,1.04931473732,-1.81225693226,0.243372768164,1.04931473732
3946,2,2773,247,20,0,9.75,0,34,1,1,1,1,,-1.62048947811,0.352873146534,0.807452440262,-1.81225693226,0.243372768164,1.04931473732
3947,1,2774,247,20,1,1,1,19,1,1,1,1,0,-2.76120615005,-2.77336502075,-0.642942607403,-2.76120615005,-2.77336502075,-0.642942607403
3947,2,2774,247,20,1,1,1,32,1,1,1,1,,-2.85190343857,-2.18303465843,-1.10323309898,-2.76120615005,-2.77336502075,-0.642942607403
3948,2,2774,247,20,1,1,1,1,1,1,0,,,-2.93580818176,-2.31576299667,,,,
3949,1,2775,247,20,1,1,1,61,1,0,0,,,,,,,,
3949,2,2775,247,20,1,1,1,72,1,0,0,,,,,,,,
3950,1,2775,247,20,1,1,1,27,1,1,1,1,0,-1.59201872349,-0.36960914731,-0.336664497852,-1.59201872349,-0.36960914731,-0.336664497852
3950,2,2775,247,20,1,1,1,40,1,1,1,1,,-1.6073256731,-0.436550796032,-0.890009105206,-1.59201872349,-0.36960914731,-0.336664497852
3951,1,2775,247,20,1,1,1,5,1,1,1,1,0,-1.11849045753,-0.676201283932,,-1.11849045753,-0.676201283932,
3951,2,2775,247,20,1,1,1,18,1,1,1,1,,-1.31131863594,-0.530556619167,0.101704068482,-1.11849045753,-0.676201283932,
3952,1,2776,247,20,0,9.75,0,28,1,1,1,1,0,-1.52210688591,-0.676842808723,0.0990076586604,-1.52210688591,-0.676842808723,0.0990076586604
3952,2,2776,247,20,0,9.75,0,41,1,1,1,1,,-1.42600619793,-0.622250318527,-0.407101929188,-1.52210688591,-0.676842808723,0.0990076586604
3953,1,2776,247,20,0,9.75,0,10,1,1,1,1,0,-0.232480540872,-1.1846613884,-0.613779723644,-0.232480540872,-1.1846613884,-0.613779723644
3953,2,2776,247,20,0,9.75,0,23,1,1,1,1,,-1.33250367641,-1.39471340179,-1.06929802895,-0.232480540872,-1.1846613884,-0.613779723644
3954,1,2777,248,18,1,1.125,0,26,1,1,1,1,0,-2.56839394569,-1.49630522728,-0.667121171951,-2.56839394569,-1.49630522728,-0.667121171951
3954,2,2777,248,18,1,1.125,0,39,1,1,1,1,,-2.65752339363,-1.26125991344,-0.770985305309,-2.56839394569,-1.49630522728,-0.667121171951
3955,1,2777,248,18,1,1.125,1,5,1,1,1,1,0,0.0315241739154,0.701502025127,,0.0315241739154,0.701502025127,
3955,2,2777,248,18,1,1.125,1,18,1,1,1,1,,-0.880861341953,-0.948597729206,-0.326909393072,0.0315241739154,0.701502025127,
3956,1,2778,248,18,1,1.125,0,23,1,1,1,1,0,-2.26735711098,-1.58677363396,-0.792328715324,-2.26735711098,-1.58677363396,-0.792328715324
3956,2,2778,248,18,1,1.125,0,36,1,1,1,1,,-2.26159405708,-2.27167654037,-2.39846920967,-2.26735711098,-1.58677363396,-0.792328715324
3957,1,2779,248,18,1,1.125,0,2,1,1,1,1,0,0.0375411771238,0.133261993527,,0.0375411771238,0.133261993527,
3957,2,2779,248,18,1,1.125,0,15,1,1,1,1,,-1.6384665966,-1.43474936485,-0.211233317852,0.0375411771238,0.133261993527,
3958,1,2780,248,18,1,1.125,1,14,1,1,1,1,0,-1.68837952614,-0.816579639912,-1.06132018566,-1.68837952614,-0.816579639912,-1.06132018566
3958,2,2780,248,18,1,1.125,1,27,1,1,1,1,,-3.01161766052,-1.22712600231,-0.590978145599,-1.68837952614,-0.816579639912,-1.06132018566
3959,1,2780,248,18,1,1.125,0,61,1,0,0,,,,,,,,
3959,2,2780,248,18,1,1.125,0,72,1,0,0,,,,,,,,
3960,2,2780,248,18,1,1.125,1,1,1,1,0,,,-0.326064258814,0.429127573967,,,,
3961,1,2781,248,18,0,17.5,1,36,1,1,1,1,0,-2.41651082039,-2.42118835449,-2.24556565285,-2.41651082039,-2.42118835449,-2.24556565285
3961,2,2781,248,18,0,17.5,1,49,1,1,1,1,,-2.44376850128,-2.02741146088,-1.73190665245,-2.41651082039,-2.42118835449,-2.24556565285
3962,1,2782,248,18,1,1.125,0,63,1,0,0,,,,,,,,
3962,2,2782,248,18,1,1.125,0,72,1,0,0,,,,,,,,
3963,1,2782,248,18,1,1.125,1,25,1,1,1,1,0,-2.19332337379,-0.40316966176,-0.995581805706,-2.19332337379,-0.40316966176,-0.995581805706
3963,2,2782,248,18,1,1.125,1,38,1,1,1,1,,-1.72438955307,-0.184011444449,0.187369063497,-2.19332337379,-0.40316966176,-0.995581805706
3964,1,2782,248,18,1,1.125,0,11,1,1,1,1,0,-1.94853806496,-1.21366930008,-1.80658257008,-1.94853806496,-1.21366930008,-1.80658257008
3964,2,2782,248,18,1,1.125,0,24,1,1,1,1,,-2.18191409111,-1.41441762447,-0.659613728523,-1.94853806496,-1.21366930008,-1.80658257008
3965,2,2782,248,18,1,1.125,1,3,1,1,0,,,0.0698802992702,0.0731487199664,,,,
3966,1,2783,248,18,1,1.125,1,25,1,1,1,1,0,-2.54411411285,-1.02038431168,-1.17776536942,-2.54411411285,-1.02038431168,-1.17776536942
3966,2,2783,248,18,1,1.125,1,40,1,1,1,1,,-2.0594367981,-1.36090743542,-1.30251228809,-2.54411411285,-1.02038431168,-1.17776536942
3967,1,2783,248,18,1,1.125,1,8,1,1,1,1,0,-2.00837850571,-2.01822638512,-2.17859959602,-2.00837850571,-2.01822638512,-2.17859959602
3967,2,2783,248,18,1,1.125,1,22,1,1,1,1,,-2.59727191925,-2.45517730713,-2.05359005928,-2.00837850571,-2.01822638512,-2.17859959602
3968,1,2785,248,18,1,1.125,1,53,1,1,1,1,0,-3.61589932442,-1.58909451962,-1.52099871635,-3.61589932442,-1.58909451962,-1.52099871635
3968,2,2785,248,18,1,1.125,1,66,1,1,1,1,,-2.70038437843,-2.09420824051,,-3.61589932442,-1.58909451962,-1.52099871635
3969,1,2785,248,18,1,1.125,1,21,1,1,1,1,0,-2.80890345573,-0.890986025333,-0.138593524694,-2.80890345573,-0.890986025333,-0.138593524694
3969,2,2785,248,18,1,1.125,1,33,1,1,1,1,,-2.49809813499,-0.0975444093347,1.11317801476,-2.80890345573,-0.890986025333,-0.138593524694
3970,1,2787,248,18,1,1.125,1,12,1,1,1,1,0,0.110681809485,-0.0531336590648,-0.351499468088,0.110681809485,-0.0531336590648,-0.351499468088
3970,2,2787,248,18,1,1.125,1,23,1,1,1,1,,-0.605045080185,0.673303246498,0.949521481991,0.110681809485,-0.0531336590648,-0.351499468088
