hhid,round,nEligible,nIneligible,samplingprobability,samp_wgt,dietarydiversity_R1,Ldietarydiversity,Lhh_wealth_asinh,Lvill_eligible_ratio,Lsavingsstock_asinh3,Lconsumpti_x_Lproductiv,Lconsumpti_x_Lselfcostd,foodexpenditure_asinh,foodownconsumption_asinh
1009,2,,,,5,6,6,14.3829813004,0.246913582087,0,136.947265625,140.300247192,7.5496096611,9.48797225952
1010,1,40,162,0.0246913582087,40.5,3,,,,,,,6.90775632858,7.09007740021
1010,2,,,,40.5,3,3,14.7250585556,0.246913582087,0,117.025733948,136.293106079,9.34136867523,8.9871969223
1011,1,40,162,0.20000000298,5,5,,,,,,,9.37585449219,8.0709066391
1012,1,40,162,0.0246913582087,40.5,7,,,,,,,7.69621276855,8.55641365051
1012,2,,,,40.5,7,7,14.3224487305,0.246913582087,700.661499023,113.221389771,152.280944824,5.7037935257,7.09007740021
1013,1,40,162,0.0246913582087,40.5,5,,,,,,,9.54681301117,0
1013,2,,,,40.5,5,5,17.9733219147,0.246913582087,1025.96411133,170.71812439,188.83757019,9.40919113159,8.18868923187
1014,1,40,162,0.20000000298,5,5,,,,,,,8.00636768341,11.7752895355
1014,2,,,,5,5,5,16.1681804657,0.246913582087,1189.88208008,194.228027344,212.981460571,8.76405334473,9.92329025269
1015,1,40,162,0.20000000298,5,7,,,,,,,9.60911655426,0
1015,2,,,,5,7,7,14.7299594879,0.246913582087,0,164.685882568,162.23374939,9.84161186218,7.60090255737
1016,1,40,162,0.20000000298,5,8,,,,,,,8.13153076172,8.82467746735
1016,2,,,,5,8,8,14.6144571304,0.246913582087,1189.88208008,148.256362915,156.590499878,6.68461322784,8.63052177429
1017,1,26,83,0.048192769289,20.75,6,,,,,,,8.79482460022,9.21034049988
1017,2,,,,20.75,6,6,14.4916133881,0.31325301528,1429.32714844,133.959701538,160.728378296,9.30565071106,7.37775945663
1018,1,26,83,0.307692319155,3.24999976158,9,,,,,,,9.27799892426,8.69951438904
1018,2,,,,3.24999976158,9,9,15.7370691299,0.31325301528,1853.17700195,166.79737854,172.309448242,9.03836536407,7.2442278862
1019,1,26,83,0.307692319155,3.24999976158,3,,,,,,,7.82404613495,0
1019,2,,,,3.24999976158,3,3,12.889169693,0.31325301528,580.686584473,110.8383255,115.352264404,9.24956130981,6.68461322784
1020,1,26,83,0.307692319155,3.24999976158,2,,,,,,,7.2442278862,0
1020,2,,,,3.24999976158,2,2,14.5964851379,0.31325301528,0,132.67616272,125.526443481,9.52515125275,10.5865840912
1021,1,26,83,0.048192769289,20.75,1,,,,,,,7.2442278862,10.5347595215
1021,2,,,,20.75,1,1,15.3927555084,0.31325301528,1818.56103516,154.123260498,183.717163086,5.99147081375,0
1022,1,26,83,0.307692319155,3.24999976158,3,,,,,,,9.32366943359,8.28399944305
1022,2,,,,3.24999976158,3,3,15.2657699585,0.31325301528,971.324707031,156.057296753,166.571762085,9.96175670624,0
1023,1,26,83,0.307692319155,3.24999976158,5,,,,,,,9.79812717438,13.710149765
1023,2,,,,3.24999976158,5,5,13.4812955856,0.31325301528,694.01574707,175.201385498,199.198867798,9.87817001343,6.90775632858
1024,1,26,83,0.048192769289,20.75,4,,,,,,,7.84776258469,9.23989963531
1024,2,,,,20.75,4,4,14.0187778473,0.31325301528,754.80871582,127.527458191,151.265380859,8.3428401947,8.294049263
1025,1,26,83,0.048192769289,20.75,4,,,,,,,7.37775945663,0
1025,2,,,,20.75,4,4,13.8667736053,0.31325301528,0,96.5789718628,122.744255066,7.09007740021,0
1026,1,26,83,0.307692319155,3.24999976158,6,,,,,,,9.96175670624,0
1026,2,,,,3.24999976158,6,6,16.1507759094,0.31325301528,1388.52856445,143.56199646,183.463180542,9.95227813721,9.21034049988
1027,1,26,83,0.307692319155,3.24999976158,8,,,,,,,8.82467746735,7.49554204941
1027,2,,,,3.24999976158,8,8,10.4341154099,0.31325301528,870.112182617,104.405906677,154.280792236,7.5496096611,0
1028,1,26,83,0.307692319155,3.24999976158,4,,,,,,,9.65502643585,0
1028,2,,,,3.24999976158,4,4,13.6593942642,0.31325301528,356.412506104,138.271224976,149.589599609,10.2681303024,8.294049263
1029,1,23,139,0.347826093435,2.875,7,,,,,,,8.53699588776,8.41183280945
1029,2,,,,2.875,7,7,17.5318698883,0.165467619896,1116.28430176,187.779846191,149.038314819,7.64969301224,8.79482460022
1030,1,23,139,0.347826093435,2.875,9,,,,,,,9.77565383911,11.990401268
1030,2,,,,2.875,9,9,13.8960924149,0.165467619896,828.640380859,148.390167236,187.536254883,8.51719284058,0
1031,1,23,139,0.347826093435,2.875,7,,,,,,,8.43381118774,9.03598690033
1031,2,,,,2.875,7,7,18.6869411469,0.165467619896,1020.84381104,192.4793396,160.432876587,9.10497951508,9.90348720551
1032,1,23,139,0.0287769790739,34.75,6,,,,,,,6.39693260193,10.3734912872
1032,2,,,,34.75,6,6,14.8713407516,0.165467619896,0,162.308242798,173.3618927,7.86326694489,10.2750511169
1033,1,23,139,0.0287769790739,34.75,9,,,,,,,10.1811189651,11.0020999908
1033,2,,,,34.75,9,9,15.7500419617,0.165467619896,725.893249512,183.026947021,199.262695312,9.47270488739,8.79482460022
1034,1,23,139,0.347826093435,2.875,2,,,,,,,7.69621276855,11.6082353592
1034,2,,,,2.875,2,2,15.0778274536,0.165467619896,0,195.956298828,168.981643677,9.03598690033,0
1035,1,23,139,0.347826093435,2.875,4,,,,,,,5.29834222794,11.2279062271
1035,2,,,,2.875,4,4,13.1000766754,0.165467619896,754.80871582,140.244613647,163.94354248,7.60090255737,8.0709066391
1036,1,23,139,0.347826093435,2.875,7,,,,,,,10.3545627594,8.00636768341
1036,2,,,,2.875,7,7,13.5183973312,0.165467619896,1751.36901855,156.698348999,166.094894409,9.36905193329,10.5558128357
1037,1,23,139,0.347826093435,2.875,1,,,,,,,7.69621276855,10.165851593
1037,2,,,,2.875,1,1,15.7843837738,0.165467619896,1324.4395752,186.294708252,152.915817261,9.98966503143,8.69951438904
1038,1,23,139,0.0287769790739,34.75,7,,,,,,,9.14846515656,7.09007740021
1038,2,,,,34.75,7,7,19.138671875,0.165467619896,1885.70910645,193.616424561,161.380645752,10.6065855026,9.48797225952
1039,1,23,139,0.0287769790739,34.75,2,,,,,,,9.54681301117,11.0219020844
1039,2,,,,34.75,2,2,16.8840789795,0.165467619896,471.496643066,213.85307312,184.892044067,9.58877658844,10.1780843735
1040,1,23,139,0.347826093435,2.875,7,,,,,,,8.43381118774,10.8628377914
1040,2,,,,2.875,7,7,13.8649673462,0.165467619896,1040.92590332,161.056777954,165.723983765,8.79482460022,8.51719284058
1041,1,17,174,0.470588237047,2.125,7,,,,,,,8.4029045105,8.3428401947
1041,2,,,,2.125,7,7,12.0731124878,0.0977011471987,1095.57873535,122.182220459,146.577926636,8.85366535187,9.30565071106
1042,1,17,174,0.0229885056615,43.5,6,,,,,,,9.87302875519,8.82467746735
1042,2,,,,43.5,6,6,15.8760499954,0.0977011471987,0,202.073501587,204.536804199,10.8723707199,7.09007740021
1043,1,17,174,0.470588237047,2.125,4,,,,,,,8.47637081146,0
1043,2,,,,2.125,4,4,14.043759346,0.0977011471987,439.132415771,120.314041138,145.264694214,5.99147081375,0
1044,1,17,174,0.470588237047,2.125,4,,,,,,,9.56099700928,0
1044,2,,,,2.125,4,4,15.9347019196,0.0977011471987,828.640380859,177.357009888,140.648391724,8.79482460022,9.76995658875
1045,1,17,174,0.470588237047,2.125,6,,,,,,,8.01168727875,9.99879741669
1045,2,,,,2.125,6,6,14.814081192,0.0977011471987,1163.81201172,167.353286743,161.558349609,7.60090255737,0
1046,1,17,174,0.0229885056615,43.5,4,,,,,,,8.69951438904,9.21034049988
1046,2,,,,43.5,4,4,13.5624227524,0.0977011471987,999.639282227,148.87449646,137.683258057,8.81284332275,8.57546234131
1047,1,17,174,0.0229885056615,43.5,5,,,,,,,10.8893041611,11.0728693008
1047,2,,,,43.5,5,5,15.5416288376,0.0977011471987,2327.98974609,179.548782349,200.979721069,8.45531749725,9.34136867523
1048,1,17,174,0.470588237047,2.125,7,,,,,,,9.56099700928,9.54681301117
1048,2,,,,2.125,7,7,15.3010168076,0.0977011471987,1716.30993652,160.899795532,175.683670044,9.71715831757,8.294049263
1049,1,17,174,0.0229885056615,43.5,5,,,,,,,9.24956130981,0
1049,2,,,,43.5,5,5,14.2565355301,0.0977011471987,0,117.490234375,154.166992188,9.79812717438,10.3089523315
1050,1,17,174,0.470588237047,2.125,4,,,,,,,8.69951438904,8.51719284058
1050,2,,,,2.125,4,4,14.838177681,0.0977011471987,713.535217285,151.547424316,155.358581543,8.24275684357,12.356215477
1051,1,17,174,0.470588237047,2.125,3,,,,,,,8.96187877655,7.09007740021
1051,2,,,,2.125,3,3,12.0287389755,0.0977011471987,0,119.307090759,148.315750122,10.2681303024,9.79812717438
1052,1,17,174,0.470588237047,2.125,2,,,,,,,7.2442278862,0
1052,2,,,,2.125,2,2,12.0329093933,0.0977011471987,0,87.3514175415,104.147003174,8.9871969223,11.678440094
1053,1,5,57,1,1,0,,,,,,,0,0
1053,2,,,,1,0,0,13.3212146759,0.0877192988992,0,48.2412986755,70.4927749634,0,0
1054,1,5,57,0.122807018459,8.14285755157,3,,,,,,,0,0
1054,2,,,,8.14285755157,3,3,12.7188959122,0.0877192988992,439.132415771,106.197425842,115.583778381,7.37775945663,8.8818359375
1055,1,5,57,1,1,4,,,,,,,8.00636768341,8.294049263
1055,2,,,,1,4,4,14.7361116409,0.0877192988992,1355.33642578,142.024475098,149.239639282,7.93737459183,0
1056,1,5,57,0.122807018459,8.14285755157,3,,,,,,,7.43838405609,0
1056,2,,,,8.14285755157,3,3,14.0392942429,0.0877192988992,513.223571777,116.830490112,122.47051239,5.99147081375,0
1057,1,5,57,1,1,4,,,,,,,8.36637020111,8.13153076172
1057,2,,,,1,4,4,14.1116075516,0.0877192988992,1606.45422363,129.74041748,145.256851196,8.0709066391,8.77955722809
1058,1,5,57,1,1,4,,,,,,,7.2442278862,6.39693260193
1059,1,5,57,0.122807018459,8.14285755157,6,,,,,,,6.90775632858,7.2442278862
1059,2,,,,8.14285755157,6,6,14.1640529633,0.0877192988992,0,136.543670654,134.451675415,8.82467746735,9.05951786041
1060,1,5,57,1,1,4,,,,,,,4.60527038574,6.57925319672
1060,2,,,,1,4,4,14.4185142517,0.0877192988992,0,121.753173828,134.094573975,7.60090255737,10.2182979584
1061,1,5,57,0.122807018459,8.14285755157,6,,,,,,,8.38935947418,7.60090255737
1061,2,,,,8.14285755157,6,6,15.7837686539,0.0877192988992,0,140.257553101,160.884475708,8.83927631378,9.47270488739
1062,1,5,57,0.122807018459,8.14285755157,7,,,,,,,7.78322410583,7.78322410583
1062,2,,,,8.14285755157,7,7,14.1795282364,0.0877192988992,1341.34228516,135.159072876,142.163238525,8.51719284058,7.86326694489
1063,1,5,57,0.122807018459,8.14285755157,6,,,,,,,9.8469171524,8.60886001587
1063,2,,,,8.14285755157,6,6,15.125328064,0.0877192988992,1095.57873535,169.075302124,164.56980896,8.8818359375,7.49554204941
1064,1,5,57,0.122807018459,8.14285755157,1,,,,,,,8.13153076172,8.16051864624
1064,2,,,,8.14285755157,1,1,13.5804204941,0.0877192988992,0,100.541954041,137.325042725,9.48797225952,9.08250713348
1065,1,11,185,0.0216216221452,46.25,4,,,,,,,6.39693260193,0
1066,1,11,185,0.0216216221452,46.25,7,,,,,,,9.37585449219,7.09007740021
1066,2,,,,46.25,7,7,13.0337505341,0.0594594590366,870.112182617,132.810745239,162.606231689,8.82467746735,0
1067,1,11,185,0.0216216221452,46.25,3,,,,,,,8.79482460022,0
1067,2,,,,46.25,3,3,13.9784793854,0.0594594590366,0,135.309005737,137.727325439,8.35467433929,9.39266204834
1068,1,11,185,0.0216216221452,46.25,3,,,,,,,7.2442278862,7.37775945663
1068,2,,,,46.25,3,3,11.3326015472,0.0594594590366,1095.57873535,101.74005127,112.694488525,7.09007740021,0
1069,1,11,185,0.727272748947,1.375,2,,,,,,,8.31874275208,6.68461322784
1069,2,,,,1.375,2,2,14.7773866653,0.0594594590366,0,132.047592163,145.465179443,6.39693260193,13.304684639
1070,1,11,185,0.727272748947,1.375,9,,,,,,,9.40919113159,9.16951847076
1070,2,,,,1.375,9,9,15.402223587,0.0594594590366,1725.99279785,171.566482544,166.729476929,9.88328456879,9.0118894577
1071,1,11,185,0.727272748947,1.375,5,,,,,,,7.69621276855,6.80239582062
1071,2,,,,1.375,5,5,14.6113948822,0.0594594590366,1124.27478027,117.493095398,140.51751709,8.66561317444,7.78322410583
1072,1,11,185,0.727272748947,1.375,5,,,,,,,7.09007740021,8.0709066391
1072,2,,,,1.375,5,5,12.4521512985,0.0594594590366,0,119.577377319,111.781982422,9.0118894577,7.60090255737
1073,1,11,185,0.727272748947,1.375,4,,,,,,,8.76405334473,9.79812717438
1073,2,,,,1.375,4,4,11.9130430222,0.0594594590366,0,135.806213379,162.637054443,7.64160490036,5.15129470825
1074,1,11,185,0.727272748947,1.375,5,,,,,,,8.51719284058,13.3999948502
1074,2,,,,1.375,5,5,12.6872634888,0.0594594590366,725.893249512,169.989395142,215.866760254,9.41735458374,10.7363967896
1075,1,11,185,0.727272748947,1.375,7,,,,,,,8.31874275208,0
1075,2,,,,1.375,7,7,16.2746887207,0.0594594590366,1923.82788086,139.693756104,162.535003662,9.94750404358,0
1076,1,11,185,0.727272748947,1.375,8,,,,,,,8.87346839905,0
1076,2,,,,1.375,8,8,15.4905118942,0.0594594590366,1741.7388916,108.425636292,164.028442383,8.96187877655,7.60090255737
1077,1,32,110,0.25,4,6,,,,,,,9.5749835968,8.00636768341
1077,2,,,,4,6,6,12.5439720154,0.290909081697,1331.76245117,139.136230469,150.461975098,9.14846515656,0
1078,1,32,110,0.0363636352122,27.5,2,,,,,,,7.60090255737,0
1078,2,,,,27.5,2,2,-10.2255706787,0.290909081697,0,86.8571243286,122.397132874,8.294049263,0
1079,1,32,110,0.25,4,5,,,,,,,9.12695884705,0
1079,2,,,,4,5,5,13.7301702499,0.290909081697,0,132.314224243,144.541641235,7.86326694489,0
1080,1,32,110,0.0363636352122,27.5,5,,,,,,,9.53242397308,0
1080,2,,,,27.5,5,5,14.1156892776,0.290909081697,471.496643066,132.495651245,157.742858887,8.51719284058,0
1081,1,32,110,0.0363636352122,27.5,2,,,,,,,9.47270488739,11.7597856522
1081,2,,,,27.5,2,2,13.9757566452,0.290909081697,1599.66174316,144.967529297,184.177978516,7.37775945663,0
1082,1,32,110,0.25,4,5,,,,,,,7.09007740021,13.710149765
1082,2,,,,4,5,5,14.7509765625,0.290909081697,1446.57165527,210.415222168,214.828613281,7.2442278862,0
1083,1,32,110,0.25,4,6,,,,,,,9.56099700928,8.24275684357
1083,2,,,,4,6,6,12.9131231308,0.290909081697,885.394897461,126.286560059,143.169937134,9.62905025482,0
1084,1,32,110,0.0363636352122,27.5,2,,,,,,,6.90775632858,8.3428401947
1084,2,,,,27.5,2,2,14.0838565826,0.290909081697,971.324707031,133.535797119,139.395462036,8.38935947418,9.39266204834
1085,1,32,110,0.25,4,5,,,,,,,9.37585449219,10.3734912872
1085,2,,,,4,5,5,13.987528801,0.290909081697,0,140.954559326,168.613372803,9.97114658356,8.89562988281
1086,1,32,110,0.25,4,6,,,,,,,8.76405334473,10.5966348648
1086,2,,,,4,6,6,13.5326118469,0.290909081697,781.316589355,158.898422241,154.416824341,8.69951438904,10.9577999115
1087,1,32,110,0.25,4,5,,,,,,,10.0519075394,8.294049263
1087,2,,,,4,5,5,13.0167808533,0.290909081697,626.434020996,134.640914917,150.520385742,7.60090255737,0
1088,1,32,110,0.25,4,7,,,,,,,9.5956029892,8.69951438904
1088,2,,,,4,7,7,14.9242048264,0.290909081697,0,158.686569214,168.283004761,9.14846515656,10.1811189651
1089,1,25,112,0.319999992847,3.125,4,,,,,,,5.29834222794,5.8861117363
1089,2,,,,3.125,4,4,14.2789926529,0.223214283586,0,96.4415664673,114.802192688,0,7.18538761139
1090,1,25,112,0.319999992847,3.125,3,,,,,,,8.13153076172,6.39693260193
1090,2,,,,3.125,3,3,13.1877765656,0.223214283586,0,114.299850464,126.266273499,7.60090255737,0
1091,1,25,112,0.319999992847,3.125,5,,,,,,,0,0
1091,2,,,,3.125,5,5,13.4562606812,0.223214283586,0,93.2640228271,107.949035645,5.29834222794,0
1092,1,25,112,0.0357142873108,27.9999980927,2,,,,,,,7.60090255737,9.92329025269
1092,2,,,,27.9999980927,2,2,13.8341159821,0.223214283586,1062.32958984,119.730758667,159.089187622,8.96187877655,7.31322097778
1093,1,25,112,0.319999992847,3.125,4,,,,,,,7.00306606293,7.37775945663
1093,2,,,,3.125,4,4,13.6409187317,0.223214283586,471.496643066,108.752212524,131.019927979,8.24275684357,0
1094,1,25,112,0.0357142873108,27.9999980927,3,,,,,,,9.5749835968,0
1094,2,,,,27.9999980927,3,3,15.272356987,0.223214283586,953.232177734,138.254425049,169.116653442,5.99147081375,9.5749835968
1095,1,25,112,0.319999992847,3.125,2,,,,,,,9.84161186218,0
1095,2,,,,3.125,2,2,15.2836618423,0.223214283586,0,166.060333252,165.198791504,8.38935947418,8.294049263
1096,1,25,112,0.0357142873108,27.9999980927,3,,,,,,,8.85366535187,9.05951786041
1096,2,,,,27.9999980927,3,3,13.6625928879,0.223214283586,0,125.433647156,152.981384277,8.77955722809,11.8493976593
1097,1,25,112,0.319999992847,3.125,3,,,,,,,5.99147081375,0
1097,2,,,,3.125,3,3,15.4045009613,0.223214283586,0,139.683731079,157.793411255,7.2442278862,8.00636768341
1098,1,25,112,0.319999992847,3.125,3,,,,,,,7.60090255737,0
1098,2,,,,3.125,3,3,14.2983055115,0.223214283586,1377.73303223,109.375404358,131.048095703,9.23989963531,7.31322097778
1099,1,25,112,0.0357142873108,27.9999980927,2,,,,,,,0,7.37775945663
1099,2,,,,27.9999980927,2,2,15.0828523636,0.223214283586,0,129.300933838,127.180046082,0,6.68461322784
1100,1,25,112,0.319999992847,3.125,3,,,,,,,10.8893041611,10.1811189651
1100,2,,,,3.125,3,3,15.1872491837,0.223214283586,1377.73303223,191.954620361,165.040130615,9.56099700928,10.5966348648
1101,1,19,126,0.421052634716,2.375,4,,,,,,,7.43838405609,0
1101,2,,,,2.375,4,4,12.6313276291,0.150793656707,0,128.35723877,146.706848145,7.09007740021,10.5865840912
1102,1,19,126,0.0317460335791,31.4999980927,4,,,,,,,7.17012023926,0
1102,2,,,,31.4999980927,4,4,11.8218793869,0.150793656707,0,89.7076263428,100.591064453,7.78322410583,0
1103,1,19,126,0.421052634716,2.375,5,,,,,,,9.03598690033,0
1103,2,,,,2.375,5,5,14.5689058304,0.150793656707,0,119.944488525,155.176818848,7.86326694489,9.90348720551
1104,1,19,126,0.421052634716,2.375,9,,,,,,,9.84903144836,9.33255767822
1104,2,,,,2.375,9,9,15.3875360489,0.150793656707,1979.83776855,177.793258667,176.999862671,8.13153076172,8.3428401947
1105,1,19,126,0.421052634716,2.375,1,,,,,,,7.60090255737,0
1105,2,,,,2.375,1,1,13.5157556534,0.150793656707,0,103.326408386,127.294372559,8.03915786743,5.99147081375
1106,1,19,126,0.421052634716,2.375,4,,,,,,,8.13153076172,13.710149765
1106,2,,,,2.375,4,4,16.1635856628,0.150793656707,0,198.304748535,244.6743927,8.24275684357,9.76422595978
1107,1,19,126,0.0317460335791,31.4999980927,4,,,,,,,0,6.57925319672
1107,2,,,,31.4999980927,4,4,13.8385429382,0.150793656707,565.349182129,99.7350769043,127.980934143,7.09007740021,6.68461322784
1108,1,19,126,0.0317460335791,31.4999980927,8,,,,,,,10.4282159805,7.69621276855
1108,2,,,,31.4999980927,8,8,15.640203476,0.150793656707,2327.98974609,177.670715332,182.537658691,9.93304634094,8.63052177429
1109,1,19,126,0.0317460335791,31.4999980927,6,,,,,,,9.64212322235,8.60153484344
1109,2,,,,31.4999980927,6,6,14.4929351807,0.150793656707,1319.48913574,144.950027466,162.28302002,9.19013786316,10.1596794128
1110,1,19,126,0.421052634716,2.375,2,,,,,,,0,8.43381118774
1110,2,,,,2.375,2,2,12.8843603134,0.150793656707,1025.96411133,95.5817184448,129.049453735,7.69621276855,0
1111,1,19,126,0.421052634716,2.375,2,,,,,,,8.74830532074,13.1106958389
1111,2,,,,2.375,2,2,13.7955121994,0.150793656707,0,148.467132568,201.616577148,0,5.99147081375
1112,1,19,126,0.421052634716,2.375,2,,,,,,,10.5023241043,8.79482460022
1112,2,,,,2.375,2,2,11.7312574387,0.150793656707,940.652526855,132.736480713,173.488037109,6.39693260193,8.86785030365
1113,1,19,93,0.421052634716,2.375,7,,,,,,,8.13153076172,0
1113,2,,,,2.375,7,7,14.1881084442,0.204301074147,0,118.987739563,136.426330566,8.3428401947,8.3428401947
1114,1,19,93,0.421052634716,2.375,5,,,,,,,8.63052177429,8.294049263
1114,2,,,,2.375,5,5,11.603679657,0.204301074147,940.652526855,122.001045227,122.879386902,8.93590354919,8.16051864624
1115,1,19,93,0.421052634716,2.375,2,,,,,,,0,8.38935947418
1115,2,,,,2.375,2,2,14.0656461716,0.204301074147,658.39276123,123.195549011,140.071807861,0,7.93737459183
1116,1,19,93,0.0430107526481,23.25,2,,,,,,,7.86326694489,0
1116,2,,,,23.25,2,2,12.7826862335,0.204301074147,439.132415771,113.026855469,116.861030579,6.39693260193,9.80917644501
1117,1,19,93,0.421052634716,2.375,5,,,,,,,7.2442278862,8.16621589661
1117,2,,,,2.375,5,5,14.9845809937,0.204301074147,776.186462402,120.275779724,151.365631104,9.75846195221,14.6909790039
1118,1,19,93,0.421052634716,2.375,2,,,,,,,7.78322410583,7.78322410583
1118,2,,,,2.375,2,2,14.7561426163,0.204301074147,0,112.697967529,146.456588745,7.78322410583,10.1425046921
1119,1,19,93,0.421052634716,2.375,4,,,,,,,6.80239582062,11.097410202
1119,2,,,,2.375,4,4,14.1440944672,0.204301074147,0,167.123947144,171.151565552,6.90775632858,9.26860904694
1120,1,19,93,0.0430107526481,23.25,1,,,,,,,0,7.64969301224
1120,2,,,,23.25,1,1,13.000421524,0.204301074147,0,89.3292236328,119.344810486,6.39693260193,7.86326694489
1121,1,19,93,0.0430107526481,23.25,5,,,,,,,7.60090255737,7.69621276855
1121,2,,,,23.25,5,5,14.2040328979,0.204301074147,930.922363281,121.035835266,140.512466431,9.39266204834,8.79482460022
1122,1,19,93,0.421052634716,2.375,3,,,,,,,7.60090255737,8.85366535187
1122,2,,,,2.375,3,3,13.6079940796,0.204301074147,0,103.950187683,144.704681396,8.79482460022,8.16051864624
1123,1,19,93,0.421052634716,2.375,6,,,,,,,9.75266456604,0
1123,2,,,,2.375,6,6,14.457154274,0.204301074147,0,122.462501526,162.548950195,9.03598690033,9.76995658875
1124,1,19,93,0.0430107526481,23.25,3,,,,,,,6.68461322784,8.73230457306
1124,2,,,,23.25,3,3,14.1851415634,0.204301074147,0,133.440505981,142.831176758,6.90775632858,8.8818359375
1125,1,19,113,0.421052634716,2.375,6,,,,,,,7.69621276855,0
1125,2,,,,2.375,6,6,12.0815410614,0.168141588569,0,115.481277466,144.047393799,7.37775945663,12.7367010117
1126,1,19,113,0.421052634716,2.375,3,,,,,,,0,8.38935947418
1126,2,,,,2.375,3,3,18.4226169586,0.168141588569,0,171.60256958,136.198638916,8.85366535187,9.90348720551
1127,1,19,113,0.421052634716,2.375,6,,,,,,,10.6478033066,0
1127,2,,,,2.375,6,6,11.5221624374,0.168141588569,1454.96032715,140.496826172,200.856628418,9.46885108948,0
1128,1,19,113,0.0353982299566,28.25,3,,,,,,,0,9.92329025269
1128,2,,,,28.25,3,3,14.5264978409,0.168141588569,1055.32580566,134.122116089,165.107879639,7.09007740021,10.5023241043
1129,1,19,113,0.421052634716,2.375,5,,,,,,,9.30565071106,7.37775945663
1129,2,,,,2.375,5,5,15.3164272308,0.168141588569,1615.80957031,152.087615967,172.386703491,9.21034049988,7.60090255737
1130,1,19,113,0.421052634716,2.375,4,,,,,,,7.09007740021,9.21034049988
1130,2,,,,2.375,4,4,15.3046770096,0.168141588569,0,152.721450806,163.67678833,9.40919113159,10.4222812653
1131,1,19,113,0.0353982299566,28.25,2,,,,,,,7.60090255737,10.5050678253
1131,2,,,,28.25,2,2,14.6875572205,0.168141588569,0,165.471008301,174.537475586,7.64969301224,8.8818359375
1132,1,19,113,0.421052634716,2.375,2,,,,,,,4.60527038574,8.51719284058
1132,2,,,,2.375,2,2,9.98506736755,0.168141588569,0,85.3581848145,162.715515137,7.86326694489,8.51719284058
1133,1,19,113,0.421052634716,2.375,4,,,,,,,7.2442278862,8.93590354919
1133,2,,,,2.375,4,4,9.69276618958,0.168141588569,580.686584473,92.3452835083,146.651550293,8.38935947418,9.79812717438
1134,1,19,113,0.0353982299566,28.25,4,,,,,,,8.00636768341,7.78322410583
1134,2,,,,28.25,4,4,19.138671875,0.168141588569,0,193.038497925,173.082397461,8.38935947418,8.294049263
1135,1,19,113,0.421052634716,2.375,4,,,,,,,5.99147081375,0
1135,2,,,,2.375,4,4,16.7268714905,0.168141588569,617.859069824,147.098327637,163.321334839,7.37775945663,0
1136,1,19,113,0.0353982299566,28.25,4,,,,,,,8.13153076172,9.21034049988
1136,2,,,,28.25,4,4,14.5246295929,0.168141588569,0,163.483291626,157.437164307,9.32366943359,8.69951438904
1137,1,38,133,0.210526317358,4.75,4,,,,,,,9.42545223236,10.8197784424
1137,2,,,,4.75,4,4,14.6967954636,0.285714298487,1013.03094482,160.242706299,182.535995483,9.03598690033,6.55108261108
1138,1,38,133,0.0300751887262,33.25,3,,,,,,,7.60090255737,0
1138,2,,,,33.25,3,3,12.9842500687,0.285714298487,0,92.3763122559,116.994995117,7.82404613495,6.68461322784
1139,1,38,133,0.0300751887262,33.25,5,,,,,,,8.79482460022,10.1503477097
1139,2,,,,33.25,5,5,15.2735671997,0.285714298487,0,169.554351807,180.809234619,7.2442278862,9.51044464111
1140,1,38,133,0.210526317358,4.75,4,,,,,,,6.90775632858,0
1140,2,,,,4.75,4,4,14.770945549,0.285714298487,1189.88208008,138.193130493,137.49949646,9.40919113159,10.2399597168
1141,1,38,133,0.210526317358,4.75,2,,,,,,,5.99147081375,8.00636768341
1141,2,,,,4.75,2,2,12.468421936,0.285714298487,0,102.962440491,119.178649902,7.09007740021,10.0982313156
1142,1,38,133,0.210526317358,4.75,4,,,,,,,5.29834222794,0
1142,2,,,,4.75,4,4,13.3751430511,0.285714298487,971.324707031,74.8413772583,108.348861694,8.47637081146,7.93737459183
1143,1,38,133,0.210526317358,4.75,3,,,,,,,9.39266204834,0
1143,2,,,,4.75,3,3,14.2662038803,0.285714298487,1285.87854004,126.766525269,154.7159729,8.38935947418,0
1144,1,38,133,0.210526317358,4.75,6,,,,,,,9.48797225952,9.8521938324
1144,2,,,,4.75,6,6,13.5560922623,0.285714298487,850.00604248,156.156906128,153.264007568,9.54681301117,11.5028753281
1145,1,38,133,0.0300751887262,33.25,3,,,,,,,0,0
1145,2,,,,33.25,3,3,14.0817136765,0.285714298487,0,132.718841553,143.905426025,0,6.39693260193
1146,1,38,133,0.210526317358,4.75,10,,,,,,,9.53242397308,10.3797216415
1146,2,,,,4.75,10,10,12.721288681,0.285714298487,1370.02001953,150.621658325,169.989395142,6.39693260193,9.12695884705
1147,1,38,133,0.0300751887262,33.25,9,,,,,,,9.5749835968,6.39693260193
1147,2,,,,33.25,9,9,17.1338481903,0.285714298487,1509.83374023,179.044403076,185.320388794,9.16951847076,8.93590354919
1148,1,38,133,0.210526317358,4.75,7,,,,,,,8.96187877655,8.51719284058
1148,2,,,,4.75,7,7,13.5129175186,0.285714298487,1359.90576172,119.665672302,144.339141846,7.93737459183,7.93737459183
1149,1,3,150,1,1,4,,,,,,,8.68270778656,0
1150,1,3,150,1,1,5,,,,,,,7.86326694489,0
1150,2,,,,1,5,5,14.0881299973,0.019999999553,920.921508789,129.263870239,136.273529053,7.86326694489,7.09007740021
1151,1,3,150,0.0266666673124,37.5,4,,,,,,,8.51719284058,0
1151,2,,,,37.5,4,4,15.307559967,0.019999999553,513.223571777,129.692703247,156.19871521,8.83927631378,0
1152,1,3,150,0.0266666673124,37.5,1,,,,,,,0,7.8320145607
1152,2,,,,37.5,1,1,9.60238265991,0.019999999553,439.132415771,89.840385437,130.750244141,5.99147081375,9.21034049988
1153,1,3,150,0.0266666673124,37.5,8,,,,,,,5.99147081375,10.49127388
1153,2,,,,37.5,8,8,14.3640947342,0.019999999553,0,162.62310791,166.570419312,9.97114658356,8.9871969223
1154,1,3,150,0.0266666673124,37.5,1,,,,,,,8.0709066391,8.9871969223
1154,2,,,,37.5,1,1,14.9173173904,0.019999999553,0,160.734725952,145.828704834,5.99147081375,9.89343738556
1155,1,3,150,1,1,7,,,,,,,8.59415435791,10.6735954285
1155,2,,,,1,7,7,14.9838972092,0.019999999553,486.193389893,149.104492188,183.339736938,9.23014259338,8.85366535187
1156,1,17,67,0.0597014911473,16.75,4,,,,,,,0,5.29834222794
1156,2,,,,16.75,4,4,14.0118989944,0.25373134017,570.558044434,70.9980621338,94.7281494141,7.2442278862,0
1157,1,17,67,0.470588237047,2.125,4,,,,,,,8.43381118774,0
1157,2,,,,2.125,4,4,13.862203598,0.25373134017,0,114.325508118,141.115402222,7.02108478546,0
1158,1,17,67,0.470588237047,2.125,3,,,,,,,5.29834222794,0
1158,2,,,,2.125,3,3,13.603553772,0.25373134017,215.080154419,103.435241699,115.211967468,8.0709066391,7.60090255737
1159,1,17,67,0.470588237047,2.125,1,,,,,,,0,0
1159,2,,,,2.125,1,1,14.0458278656,0.25373134017,401.581298828,66.9320831299,73.1993026733,8.18868923187,10.085808754
1160,1,17,67,0.0597014911473,16.75,2,,,,,,,5.29834222794,0
1160,2,,,,16.75,2,2,14.5352993011,0.25373134017,0,85.9708480835,115.453727722,8.76405334473,8.294049263
1161,1,17,67,0.470588237047,2.125,2,,,,,,,6.39693260193,7.2442278862
1161,2,,,,2.125,2,2,12.8262729645,0.25373134017,513.223571777,120.072174072,126.228897095,7.60090255737,8.294049263
1162,1,17,67,0.0597014911473,16.75,5,,,,,,,8.00636768341,0
1162,2,,,,16.75,5,5,14.3298301697,0.25373134017,525.735107422,106.687843323,138.67515564,7.60090255737,7.46164083481
1163,1,17,67,0.0597014911473,16.75,1,,,,,,,0,0
1163,2,,,,16.75,1,1,12.0951414108,0.25373134017,0,72.8663864136,85.7130203247,6.39693260193,9.34136867523
1164,1,17,67,0.470588237047,2.125,8,,,,,,,8.18868923187,8.43381118774
1164,2,,,,2.125,8,8,8.10167789459,0.25373134017,0,113.298942566,146.628204346,8.3428401947,0
1165,1,17,67,0.470588237047,2.125,4,,,,,,,0,10.0168161392
1165,2,,,,2.125,4,4,13.4496507645,0.25373134017,0,129.281204224,153.121459961,8.00636768341,0
1166,1,17,67,0.470588237047,2.125,2,,,,,,,6.39693260193,0
1166,2,,,,2.125,2,2,10.8874368668,0.25373134017,525.735107422,84.4140396118,109.453102112,6.90775632858,0
1167,1,17,67,0.470588237047,2.125,6,,,,,,,9.42545223236,8.85366535187
1167,2,,,,2.125,6,6,14.2041683197,0.25373134017,1823.01220703,152.499069214,152.595046997,8.55641365051,9.60238265991
1168,1,35,149,0.0335570462048,29.8000011444,3,,,,,,,0,9.21034049988
1168,2,,,,29.8000011444,3,3,15.9912843704,0.234899327159,0,147.533721924,175.866104126,7.69621276855,10.0432491302
1169,1,35,149,0.20000000298,5,3,,,,,,,6.90775632858,0
1169,2,,,,5,3,3,12.5389671326,0.234899327159,0,94.4666671753,102.24760437,8.3428401947,0
1170,1,35,149,0.0335570462048,29.8000011444,4,,,,,,,8.38935947418,9.61580562592
1170,2,,,,29.8000011444,4,4,14.631228447,0.234899327159,0,144.903610229,165.032531738,9.54681301117,7.93737459183
1171,1,35,149,0.0335570462048,29.8000011444,5,,,,,,,7.86326694489,0
1171,2,,,,29.8000011444,5,5,14.5645656586,0.234899327159,828.640380859,94.4482498169,136.924285889,8.76405334473,12.9111480713
1172,1,35,149,0.20000000298,5,4,,,,,,,9.21034049988,7.49554204941
1172,2,,,,5,4,4,14.3422489166,0.234899327159,0,118.938232422,155.768859863,8.3428401947,8.96187877655
1173,1,35,149,0.0335570462048,29.8000011444,4,,,,,,,8.63052177429,7.78322410583
1173,2,,,,29.8000011444,4,4,14.6293258667,0.234899327159,0,127.288352966,152.171615601,7.78986883163,0
1174,1,35,149,0.20000000298,5,5,,,,,,,7.86326694489,9.50300979614
1174,2,,,,5,5,5,15.4435758591,0.234899327159,475.253875732,167.603515625,162.43006897,7.93737459183,9.21034049988
1175,1,35,149,0.20000000298,5,5,,,,,,,8.15478801727,7.60090255737
1175,2,,,,5,5,5,15.2255210876,0.234899327159,1509.83374023,123.441741943,155.959106445,9.62244987488,8.38935947418
1176,1,35,149,0.20000000298,5,6,,,,,,,9.35876083374,8.0709066391
1176,2,,,,5,6,6,13.2411594391,0.234899327159,461.448242188,129.859893799,145.521896362,10.6164369583,8.79482460022
1177,1,35,149,0.0335570462048,29.8000011444,7,,,,,,,9.12695884705,0
1177,2,,,,29.8000011444,7,7,13.4991550446,0.234899327159,0,131.308380127,137.155517578,9.23014259338,9.41735458374
1178,1,35,149,0.20000000298,5,8,,,,,,,8.96187877655,8.3428401947
1178,2,,,,5,8,8,15.5747127533,0.234899327159,2327.98974609,154.876647949,173.362731934,8.47637081146,9.40919113159
1179,1,35,149,0.20000000298,5,2,,,,,,,7.09007740021,0
1179,2,,,,5,2,2,14.4327478409,0.234899327159,0,116.601791382,127.045730591,9.03598690033,8.77955722809
1180,1,21,114,0.380952388048,2.625,7,,,,,,,8.3428401947,0
1180,2,,,,2.625,7,7,13.9697742462,0.184210523963,828.640380859,111.275352478,137.835220337,7.93737459183,7.09007740021
1181,1,21,114,0.0350877195597,28.5,3,,,,,,,7.74066448212,8.36637020111
1181,2,,,,28.5,3,3,13.2413902283,0.184210523963,0,137.243896484,144.03755188,7.37775945663,8.41183280945
1182,1,21,114,0.380952388048,2.625,4,,,,,,,5.7037935257,0
1182,2,,,,2.625,4,4,-5.99147081375,0.184210523963,0,65.1734466553,105.817970276,5.99147081375,0
1183,1,21,114,0.0350877195597,28.5,2,,,,,,,8.8818359375,9.21034049988
1183,2,,,,28.5,2,2,14.8281259537,0.184210523963,471.496643066,164.207275391,165.690704346,7.43838405609,10.6501750946
1184,1,21,114,0.0350877195597,28.5,5,,,,,,,9.10497951508,8.03915786743
1184,2,,,,28.5,5,5,14.5618667603,0.184210523963,0,123.686897278,158.384689331,9.30565071106,8.69951438904
1185,1,21,114,0.380952388048,2.625,7,,,,,,,6.39693260193,9.12695884705
1185,2,,,,2.625,7,7,15.9108009338,0.184210523963,0,125.68674469,151.695617676,5.7037935257,0
1186,1,21,114,0.0350877195597,28.5,4,,,,,,,5.99147081375,7.93737459183
1186,2,,,,28.5,4,4,9.79255580902,0.184210523963,985.751647949,90.0956420898,133.606750488,8.85366535187,0
1187,1,21,114,0.380952388048,2.625,4,,,,,,,8.3428401947,7.17012023926
1187,2,,,,2.625,4,4,14.0537395477,0.184210523963,0,147.002990723,144.757537842,8.10167789459,8.79482460022
1188,1,21,114,0.380952388048,2.625,5,,,,,,,8.43381118774,0
1188,2,,,,2.625,5,5,15.2889909744,0.184210523963,0,129.68963623,154.704772949,9.12695884705,14.6909790039
1189,1,21,114,0.380952388048,2.625,2,,,,,,,7.60090255737,10.1503477097
1189,2,,,,2.625,2,2,11.9595327377,0.184210523963,0,141.108078003,168.454803467,8.43381118774,9.79812717438
1190,1,21,114,0.380952388048,2.625,5,,,,,,,9.08250713348,7.09007740021
1190,2,,,,2.625,5,5,14.3353748322,0.184210523963,1073.72912598,144.784591675,147.152832031,9.51782512665,9.28730106354
1191,1,21,114,0.380952388048,2.625,4,,,,,,,7.31322097778,7.86326694489
1191,2,,,,2.625,4,4,14.1327953339,0.184210523963,1116.28430176,137.903381348,143.608718872,8.83927631378,7.78322410583
1192,1,19,147,0.0272108837962,36.75,5,,,,,,,8.55641365051,0
1192,2,,,,36.75,5,5,11.1676139832,0.12925170362,0,112.058654785,133.502563477,8.90923500061,0
1193,1,19,147,0.421052634716,2.375,4,,,,,,,7.09007740021,0
1193,2,,,,2.375,4,4,10.6596097946,0.12925170362,0,91.5279693604,121.679885864,8.45531749725,0
1194,1,19,147,0.421052634716,2.375,3,,,,,,,6.90775632858,0
1194,2,,,,2.375,3,3,15.3179197311,0.12925170362,0,127.022315979,120.383270264,7.49554204941,8.92265796661
1195,1,19,147,0.421052634716,2.375,1,,,,,,,8.66561317444,0
1195,2,,,,2.375,1,1,14.1576805115,0.12925170362,0,100.841934204,144.852340698,6.90775632858,0
1196,1,19,147,0.421052634716,2.375,1,,,,,,,8.9871969223,13.5923671722
1196,2,,,,2.375,1,1,12.9278068542,0.12925170362,0,141.05657959,194.418869019,9.51782512665,12.3059177399
1197,1,19,147,0.421052634716,2.375,4,,,,,,,9.24956130981,9.30565071106
1197,2,,,,2.375,4,4,14.5584001541,0.12925170362,694.01574707,128.629379272,166.860626221,8.69951438904,8.51719284058
1198,1,19,147,0.421052634716,2.375,5,,,,,,,9.12695884705,0
1198,2,,,,2.375,5,5,14.316649437,0.12925170362,694.01574707,103.975196838,151.942687988,10.2109718323,8.63052177429
1199,1,19,147,0.421052634716,2.375,1,,,,,,,7.60090255737,9.95227813721
1199,2,,,,2.375,1,1,19.138671875,0.12925170362,0,200.41468811,161.165603638,8.74830532074,10.118598938
1200,1,19,147,0.0272108837962,36.75,2,,,,,,,5.29834222794,7.49554204941
1200,2,,,,36.75,2,2,9.61580562592,0.12925170362,0,88.1108474731,125.48260498,7.86326694489,8.47637081146
1201,1,19,147,0.0272108837962,36.75,5,,,,,,,0,8.9871969223
1201,2,,,,36.75,5,5,15.2361097336,0.12925170362,439.132415771,99.6567993164,159.171157837,6.39693260193,7.93737459183
1202,1,19,147,0.0272108837962,36.75,3,,,,,,,8.00636768341,6.80239582062
1202,2,,,,36.75,3,3,12.5223417282,0.12925170362,0,103.74420166,121.226501465,8.55641365051,8.51719284058
1203,1,19,147,0.421052634716,2.375,3,,,,,,,9.90348720551,0
1203,2,,,,2.375,3,3,11.7629060745,0.12925170362,0,130.512863159,178.666061401,9.09605121613,0
1204,1,22,59,0.363636374474,2.75,8,,,,,,,9.58877658844,7.93737459183
1204,2,,,,2.75,8,8,13.9794139862,0.372881352901,1448.44873047,151.500823975,145.673934937,9.21034049988,8.8818359375
1205,1,22,59,0.363636374474,2.75,6,,,,,,,9.56099700928,0
1205,2,,,,2.75,6,6,13.7412176132,0.372881352901,1663.75292969,137.968429565,145.097473145,10.8723707199,9.21034049988
1206,1,22,59,0.0677966102958,14.75,6,,,,,,,9.50300979614,9.0118894577
1206,2,,,,14.75,6,6,13.895149231,0.372881352901,1818.56103516,129.379104614,159.157409668,9.5749835968,11.5307655334
1207,1,22,59,0.0677966102958,14.75,2,,,,,,,5.29834222794,8.9871969223
1207,2,,,,14.75,2,2,13.9057168961,0.372881352901,0,140.916183472,135.195617676,8.294049263,8.92265796661
1208,1,22,59,0.363636374474,2.75,4,,,,,,,7.69621276855,8.59415435791
1208,2,,,,2.75,4,4,14.0664253235,0.372881352901,658.39276123,130.768692017,145.022720337,8.59415435791,8.294049263
1209,1,22,59,0.363636374474,2.75,4,,,,,,,8.24275684357,0
1209,2,,,,2.75,4,4,13.1074523926,0.372881352901,828.640380859,108.905418396,126.86819458,7.60090255737,10.8317070007
1210,1,22,59,0.363636374474,2.75,2,,,,,,,6.90775632858,9.15904712677
1210,2,,,,2.75,2,2,13.3326244354,0.372881352901,1036.0032959,130.797332764,139.740585327,7.69621276855,8.82467746735
1211,1,22,59,0.363636374474,2.75,5,,,,,,,6.80239582062,8.00636768341
1211,2,,,,2.75,5,5,14.8277654648,0.372881352901,356.412506104,134.618789673,144.747909546,9.80917644501,10.4631032944
1212,1,22,59,0.363636374474,2.75,7,,,,,,,7.49554204941,7.09007740021
1212,2,,,,2.75,7,7,14.819519043,0.372881352901,770.973754883,132.827667236,143.206802368,5.99147081375,10.5453414917
1213,1,22,59,0.0677966102958,14.75,3,,,,,,,8.294049263,0
1213,2,,,,14.75,3,3,13.7942867279,0.372881352901,0,119.978858948,143.133468628,7.43838405609,8.9871969223
1214,1,22,59,0.0677966102958,14.75,4,,,,,,,7.37775945663,0
1214,2,,,,14.75,4,4,13.4716110229,0.372881352901,0,101.698776245,120.538154602,7.17012023926,0
1215,1,22,59,0.363636374474,2.75,5,,,,,,,6.68461322784,0
1215,2,,,,2.75,5,5,13.359331131,0.372881352901,749.233581543,91.1221466064,116.905418396,8.63052177429,8.51719284058
1216,1,22,63,0.0634920671582,15.7499990463,7,,,,,,,9.34136867523,9.16951847076
1216,2,,,,15.7499990463,7,7,19.138671875,0.349206358194,1372.23718262,155.080245972,177.052001953,9.56099700928,10.691945076
1217,1,22,63,0.363636374474,2.75,2,,,,,,,7.78322410583,7.09007740021
1217,2,,,,2.75,2,2,13.7938785553,0.349206358194,1189.88208008,116.292366028,133.511459351,8.97461795807,7.37775945663
1218,1,22,63,0.0634920671582,15.7499990463,8,,,,,,,9.5749835968,8.74830532074
1218,2,,,,15.7499990463,8,8,15.5565376282,0.349206358194,1293.86706543,154.831161499,180.806991577,8.82467746735,9.91343784332
1219,1,22,63,0.0634920671582,15.7499990463,8,,,,,,,9.86266517639,9.91343784332
1219,2,,,,15.7499990463,8,8,15.6340742111,0.349206358194,2279.94555664,183.080200195,188.890457153,8.8818359375,14.6909790039
1220,1,22,63,0.363636374474,2.75,5,,,,,,,7.49554204941,8.294049263
1220,2,,,,2.75,5,5,12.1807546616,0.349206358194,1135.97009277,117.710227966,137.153015137,5.29834222794,0
1221,1,22,63,0.363636374474,2.75,5,,,,,,,9.23014259338,9.26860904694
1221,2,,,,2.75,5,5,14.990281105,0.349206358194,1273.61279297,166.674331665,158.110488892,7.86326694489,9.90348720551
1222,1,22,63,0.363636374474,2.75,4,,,,,,,9.30565071106,0
1222,2,,,,2.75,4,4,14.5971260071,0.349206358194,971.324707031,151.262207031,150.949859619,9.26860904694,9.24956130981
1223,1,22,63,0.0634920671582,15.7499990463,1,,,,,,,0,0
1223,2,,,,15.7499990463,1,1,10.9612779617,0.349206358194,0,75.2206573486,95.2317886353,3.17978549004,8.41183280945
1224,1,22,63,0.363636374474,2.75,8,,,,,,,9.62905025482,7.86326694489
1224,2,,,,2.75,8,8,13.5815591812,0.349206358194,0,128.825424194,150.046539307,9.80917644501,8.51719284058
1225,1,22,63,0.363636374474,2.75,8,,,,,,,9.95227813721,11.8262748718
1225,2,,,,2.75,8,8,13.8113021851,0.349206358194,1619.76611328,166.981338501,179.2237854,8.69951438904,9.21034049988
1226,1,22,63,0.363636374474,2.75,7,,,,,,,7.60090255737,0
1226,2,,,,2.75,7,7,14.121670723,0.349206358194,1172.68652344,112.740219116,130.454681396,7.09007740021,8.63052177429
1227,1,22,63,0.363636374474,2.75,3,,,,,,,7.78322410583,9.32366943359
1227,2,,,,2.75,3,3,14.1648988724,0.349206358194,0,110.161972046,157.26234436,9.39266204834,14.2880105972
1228,1,39,116,0.0344827584922,29,3,,,,,,,7.2442278862,8.69951438904
1228,2,,,,29,3,3,15.238571167,0.336206883192,486.193389893,122.557449341,159.168136597,8.69951438904,5.99147081375
1229,1,39,116,0.0344827584922,29,3,,,,,,,9.27799892426,10.0982313156
1229,2,,,,29,3,3,14.0852327347,0.336206883192,0,163.732833862,150.678848267,9.34136867523,9.71715831757
1230,1,39,116,0.205128207803,4.875,7,,,,,,,9.78131961823,9.11602973938
1230,2,,,,4.875,7,7,14.5347137451,0.336206883192,1189.88208008,149.561599731,167.526321411,8.79482460022,9.42545223236
1231,1,39,116,0.205128207803,4.875,4,,,,,,,5.29834222794,0
1231,2,,,,4.875,4,4,13.1768512726,0.336206883192,0,81.751739502,110.130004883,7.17012023926,8.85366535187
1232,1,39,116,0.205128207803,4.875,6,,,,,,,6.39693260193,0
1232,2,,,,4.875,6,6,13.7468032837,0.336206883192,0,110.106361389,136.247634888,6.68461322784,8.00636768341
1233,1,39,116,0.0344827584922,29,1,,,,,,,8.64822101593,10.3089523315
1233,2,,,,29,1,1,17.734960556,0.336206883192,0,182.564620972,201.458068848,9.08250713348,8.69951438904
1234,1,39,116,0.205128207803,4.875,2,,,,,,,0,13.710149765
1234,2,,,,4.875,2,2,13.3499765396,0.336206883192,0,154.20149231,201.966522217,5.29834222794,0
1235,1,39,116,0.205128207803,4.875,3,,,,,,,7.5496096611,6.68461322784
1235,2,,,,4.875,3,3,13.6886968613,0.336206883192,781.316589355,112.218811035,135.425567627,7.69621276855,8.294049263
1236,1,39,116,0.205128207803,4.875,7,,,,,,,9.70503616333,10.4968147278
1236,2,,,,4.875,7,7,18.4124698639,0.336206883192,0,161.081634521,179.971054077,9.56099700928,9.26860904694
1237,1,39,116,0.205128207803,4.875,2,,,,,,,7.37775945663,0
1237,2,,,,4.875,2,2,13.9599571228,0.336206883192,0,112.841026306,131.145324707,10.1266307831,8.69951438904
1238,1,39,116,0.0344827584922,29,4,,,,,,,7.2442278862,6.68461322784
1238,2,,,,29,4,4,16.3269615173,0.336206883192,0,109.616622925,154.569747925,7.86326694489,9.72913455963
1239,1,39,116,0.205128207803,4.875,7,,,,,,,8.55641365051,8.16051864624
1239,2,,,,4.875,7,7,15.2514982224,0.336206883192,1720.63586426,155.433456421,156.146453857,8.90923500061,6.90775632858
1240,1,29,147,0.275862067938,3.625,4,,,,,,,5.99147081375,0
1240,2,,,,3.625,4,4,13.0731735229,0.197278916836,0,114.313819885,121.064781189,9.25913047791,0
1241,1,29,147,0.275862067938,3.625,2,,,,,,,5.29834222794,0
1241,2,,,,3.625,2,2,14.535982132,0.197278916836,0,82.5699462891,116.66885376,9.77565383911,10.7995758057
1242,1,29,147,0.0272108837962,36.75,2,,,,,,,8.79482460022,7.93737459183
1242,2,,,,36.75,2,2,13.9583959579,0.197278916836,1448.44873047,130.172775269,143.686691284,10.085808754,0
1243,1,29,147,0.275862067938,3.625,4,,,,,,,0,0
1244,1,29,147,0.0272108837962,36.75,5,,,,,,,8.74830532074,13.710149765
1244,2,,,,36.75,5,5,15.5229101181,0.197278916836,2184.94580078,229.427322388,214.828613281,9.8521938324,9.21034049988
1245,1,29,147,0.0272108837962,36.75,2,,,,,,,6.39693260193,5.29834222794
1245,2,,,,36.75,2,2,14.2315835953,0.197278916836,0,113.884414673,105.89907074,6.90775632858,8.38935947418
1246,1,29,147,0.275862067938,3.625,6,,,,,,,8.16051864624,9.16951847076
1246,2,,,,3.625,6,6,13.8018169403,0.197278916836,439.132415771,133.199172974,149.320632935,8.16051864624,10.085808754
1247,1,29,147,0.275862067938,3.625,6,,,,,,,8.3428401947,8.00636768341
1247,2,,,,3.625,6,6,13.5055828094,0.197278916836,1266.64550781,126.547599792,139.329452515,9.05951786041,8.69951438904
1248,1,29,147,0.0272108837962,36.75,3,,,,,,,8.55641365051,0
1248,2,,,,36.75,3,3,13.9723434448,0.197278916836,500.069793701,122.520507812,138.506561279,9.90348720551,11.4075651169
1249,1,29,147,0.275862067938,3.625,9,,,,,,,9.71715831757,0
1249,2,,,,3.625,9,9,13.992149353,0.197278916836,0,114.343643188,156.948867798,9.97859477997,0
1250,1,29,147,0.275862067938,3.625,4,,,,,,,6.39693260193,0
1250,2,,,,3.625,4,4,14.5697507858,0.197278916836,725.893249512,93.7472610474,117.938392639,5.29834222794,7.78322410583
1251,1,29,147,0.275862067938,3.625,6,,,,,,,7.86326694489,7.93737459183
1251,2,,,,3.625,6,6,14.4006824493,0.197278916836,439.132415771,144.645385742,128.400817871,7.49554204941,8.69951438904
1252,1,30,138,0.266666680574,3.74999976158,2,,,,,,,9.88837432861,0
1252,2,,,,3.74999976158,2,2,14.5343255997,0.217391297221,725.893249512,120.679031372,166.034515381,10.766377449,9.54681301117
1253,1,30,138,0.266666680574,3.74999976158,3,,,,,,,7.93737459183,0
1253,2,,,,3.74999976158,3,3,17.6751499176,0.217391297221,1578.7064209,167.231704712,149.943481445,7.09007740021,7.60090255737
1254,1,30,138,0.0289855077863,34.5,4,,,,,,,8.294049263,6.68461322784
1254,2,,,,34.5,4,4,14.4909038544,0.217391297221,731.892944336,147.140258789,143.002792358,8.18868923187,7.09007740021
1255,1,30,138,0.0289855077863,34.5,5,,,,,,,9.16951847076,8.00636768341
1255,2,,,,34.5,5,5,13.7453022003,0.217391297221,471.496643066,134.585754395,158.648529053,9.28730106354,8.96187877655
1256,1,30,138,0.0289855077863,34.5,6,,,,,,,9.16429615021,7.2442278862
1256,2,,,,34.5,6,6,16.8521537781,0.217391297221,0,170.74987793,171.388153076,7.37775945663,9.72913455963
1257,1,30,138,0.266666680574,3.74999976158,2,,,,,,,9.42545223236,0
1257,2,,,,3.74999976158,2,2,13.8113021851,0.217391297221,0,135.872344971,151.955596924,8.71604442596,14.6264410019
1258,1,30,138,0.266666680574,3.74999976158,6,,,,,,,8.82467746735,10.1811189651
1258,2,,,,3.74999976158,6,6,14.9865055084,0.217391297221,781.316589355,141.079452515,178.546401978,9.23014259338,11.0540599823
1259,1,30,138,0.266666680574,3.74999976158,3,,,,,,,6.39693260193,7.49554204941
1259,2,,,,3.74999976158,3,3,15.6691799164,0.217391297221,0,147.160186768,133.368286133,5.29834222794,8.294049263
1260,1,30,138,0.266666680574,3.74999976158,3,,,,,,,8.3428401947,6.21461200714
1260,2,,,,3.74999976158,3,3,14.5140333176,0.217391297221,1206.39355469,104.113334656,146.348770142,8.83927631378,8.69951438904
1261,1,30,138,0.266666680574,3.74999976158,6,,,,,,,9.58877658844,9.54681301117
1261,2,,,,3.74999976158,6,6,13.4093456268,0.217391297221,0,138.810913086,155.081359863,10.1425046921,8.85366535187
1262,1,30,138,0.0289855077863,34.5,6,,,,,,,9.70503616333,0
1262,2,,,,34.5,6,6,13.1033840179,0.217391297221,1541.65783691,156.330108643,172.846939087,9.65502643585,7.49554204941
1263,1,30,138,0.266666680574,3.74999976158,7,,,,,,,9.80366706848,0
1263,2,,,,3.74999976158,7,7,14.0331993103,0.217391297221,665.865661621,111.470191956,158.892486572,9.54681301117,0
1264,1,12,187,0.666666686535,1.5,6,,,,,,,9.45720005035,9.12695884705
1264,2,,,,1.5,6,6,11.7134141922,0.0641711205244,971.324707031,129.39491272,145.513931274,8.41183280945,9.39266204834
1265,1,12,187,0.666666686535,1.5,2,,,,,,,8.64822101593,10.5966348648
1265,2,,,,1.5,2,2,13.4180135727,0.0641711205244,0,134.645187378,162.58026123,9.0118894577,9.68034362793
1266,1,12,187,0.666666686535,1.5,7,,,,,,,7.09007740021,9.72913455963
1266,2,,,,1.5,7,7,14.206741333,0.0641711205244,1756.01818848,143.640090942,159.247512817,5.29834222794,8.38935947418
1267,1,12,187,0.0213903747499,46.75,7,,,,,,,8.13153076172,6.68461322784
1267,2,,,,46.75,7,7,13.3678159714,0.0641711205244,0,105.528251648,135.720169067,7.5496096611,5.99147081375
1268,1,12,187,0.0213903747499,46.75,6,,,,,,,7.49554204941,8.294049263
1268,2,,,,46.75,6,6,13.5616502762,0.0641711205244,0,109.725074768,143.466506958,5.29834222794,0
1269,1,12,187,0.0213903747499,46.75,4,,,,,,,8.73230457306,10.5966348648
1269,2,,,,46.75,4,4,11.8593482971,0.0641711205244,1331.76245117,137.730255127,168.411010742,7.00306606293,0
1270,1,12,187,0.0213903747499,46.75,7,,,,,,,9.50300979614,0
1270,2,,,,46.75,7,7,13.1521167755,0.0641711205244,0,109.647506714,145.964248657,0,0
1271,1,12,187,0.666666686535,1.5,4,,,,,,,8.13153076172,6.68461322784
1271,2,,,,1.5,4,4,14.3029241562,0.0641711205244,0,110.648002625,144.552307129,8.0709066391,0
1272,1,12,187,0.666666686535,1.5,2,,,,,,,10.4968147278,0
1272,2,,,,1.5,2,2,11.2172107697,0.0641711205244,0,124.782112122,182.64289856,9.39266204834,8.76405334473
1273,1,12,187,0.666666686535,1.5,4,,,,,,,10.1023387909,9.39266204834
1273,2,,,,1.5,4,4,15.6820993423,0.0641711205244,0,152.047409058,188.354995728,8.51719284058,9.90348720551
1274,1,12,187,0.666666686535,1.5,9,,,,,,,8.8818359375,0
1274,2,,,,1.5,9,9,13.5165653229,0.0641711205244,2238.60107422,175.763275146,180.976272583,9.35876083374,8.59415435791
1275,1,12,187,0.666666686535,1.5,2,,,,,,,7.93737459183,0
1275,2,,,,1.5,2,2,12.8962154388,0.0641711205244,845.839050293,109.268455505,121.79473114,9.21034049988,7.60090255737
1276,1,11,84,0.727272748947,1.375,6,,,,,,,6.80239582062,9.39266204834
1276,2,,,,1.375,6,6,13.7606315613,0.130952388048,1501.53649902,141.531723022,147.397628784,10.1023387909,8.69951438904
1277,1,11,84,0.727272748947,1.375,8,,,,,,,10.2887496948,13.710149765
1277,2,,,,1.375,8,8,16.5405883789,0.130952388048,2234.30810547,247.605133057,224.22567749,10.766377449,0
1278,1,11,84,0.047619048506,21,7,,,,,,,10.7144174576,9.39266204834
1278,2,,,,21,7,7,14.2489795685,0.130952388048,1165.60241699,177.975616455,172.834762573,10.5966348648,14.6909790039
1279,1,11,84,0.047619048506,21,5,,,,,,,9.15904712677,9.68034362793
1279,2,,,,21,5,5,16.2684612274,0.130952388048,1154.74121094,161.606994629,153.132598877,8.61250305176,0
1280,1,11,84,0.727272748947,1.375,4,,,,,,,5.7037935257,8.9871969223
1280,2,,,,1.375,4,4,14.1653223038,0.130952388048,0,103.218025208,158.94644165,7.86326694489,0
1281,1,11,84,0.727272748947,1.375,5,,,,,,,10.8666620255,8.294049263
1281,2,,,,1.375,5,5,13.1920757294,0.130952388048,439.132415771,118.340057373,165.185379028,9.44145202637,0
1282,1,11,84,0.727272748947,1.375,7,,,,,,,8.68270778656,8.69951438904
1282,2,,,,1.375,7,7,12.8851213455,0.130952388048,0,108.968223572,140.577407837,8.69951438904,8.69951438904
1283,1,11,84,0.047619048506,21,2,,,,,,,7.64969301224,0
1283,2,,,,21,2,2,13.3889493942,0.130952388048,125.802688599,98.1902999878,128.220016479,8.85366535187,0
1284,1,11,84,0.727272748947,1.375,6,,,,,,,8.38935947418,0
1284,2,,,,1.375,6,6,12.1150426865,0.130952388048,0,99.5648193359,121.361129761,8.43381118774,0
1285,1,11,84,0.047619048506,21,3,,,,,,,8.18868923187,0
1286,1,11,84,0.727272748947,1.375,7,,,,,,,9.89343738556,0
1286,2,,,,1.375,7,7,16.2871627808,0.130952388048,0,147.910736084,168.102722168,10.8723707199,0
1287,1,11,84,0.727272748947,1.375,3,,,,,,,7.69621276855,8.69951438904
1287,2,,,,1.375,3,3,10.9277353287,0.130952388048,907.135803223,103.965873718,142.261642456,7.49554204941,0
1288,1,1,100,0.0399999991059,25,4,,,,,,,8.59415435791,0
1288,2,,,,25,4,4,15.4881486893,0.00999999977648,1199.86730957,157.872634888,139.958145142,8.03915786743,0
1289,1,1,100,0.0399999991059,25,7,,,,,,,7.29979801178,7.09007740021
1289,2,,,,25,7,7,-10.177324295,0.00999999977648,0,109.317344666,129.770187378,10.085808754,7.43838405609
1290,1,1,100,0.0399999991059,25,4,,,,,,,9.90348720551,0
1290,2,,,,25,4,4,12.9305534363,0.00999999977648,0,135.115615845,157.469070435,8.18868923187,0
1291,1,1,100,0.0399999991059,25,6,,,,,,,9.39266204834,0
1291,2,,,,25,6,6,14.7225589752,0.00999999977648,2191.22705078,118.138877869,167.072723389,7.37775945663,0
1292,1,1,100,1,1,8,,,,,,,8.38935947418,9.28730106354
1292,2,,,,1,8,8,15.7044725418,0.00999999977648,1457.72351074,145.908584595,176.186584473,7.17012023926,8.13153076172
1293,1,23,155,0.0193548388779,51.6666679382,4,,,,,,,10.2541446686,0
1293,2,,,,51.6666679382,4,4,12.3639307022,0.148387089372,0,121.491340637,145.903579712,8.3428401947,0
1294,1,23,155,0.391304343939,2.55555558205,4,,,,,,,9.56801509857,0
1294,2,,,,2.55555558205,4,4,14.5440244675,0.148387089372,0,156.720077515,150.1068573,8.74830532074,0
1295,1,23,155,0.0193548388779,51.6666679382,6,,,,,,,5.99147081375,0
1295,2,,,,51.6666679382,6,6,11.3816776276,0.148387089372,471.496643066,97.2064590454,123.761451721,8.21608829498,0
1296,1,23,155,0.391304343939,2.55555558205,4,,,,,,,10.1105012894,0
1296,2,,,,2.55555558205,4,4,14.6384572983,0.148387089372,0,164.062149048,161.207199097,8.69951438904,0
1297,1,23,155,0.391304343939,2.55555558205,8,,,,,,,8.85366535187,9.12695884705
1297,2,,,,2.55555558205,8,8,19.138671875,0.148387089372,982.910705566,178.899047852,150.302719116,9.46498298645,8.41183280945
1298,1,23,155,0.391304343939,2.55555558205,7,,,,,,,7.78322410583,0
1298,2,,,,2.55555558205,7,7,13.5657663345,0.148387089372,439.132415771,115.770767212,128.882125854,8.294049263,0
1299,1,23,155,0.0193548388779,51.6666679382,3,,,,,,,9.63560771942,7.2442278862
1299,2,,,,51.6666679382,3,3,12.9682798386,0.148387089372,0,114.509849548,146.094406128,8.38935947418,0
1300,1,23,155,0.391304343939,2.55555558205,6,,,,,,,8.45531749725,10.2035923004
1300,2,,,,2.55555558205,6,6,14.4285316467,0.148387089372,658.39276123,143.521865845,169.750198364,9.70503616333,0
1301,1,23,155,0.391304343939,2.55555558205,7,,,,,,,8.96187877655,8.8818359375
1301,2,,,,2.55555558205,7,7,13.2611513138,0.148387089372,1744.31762695,142.986450195,127.629776001,8.51719284058,8.38935947418
1302,1,23,155,0.391304343939,2.55555558205,5,,,,,,,9.41735458374,9.12695884705
1302,2,,,,2.55555558205,5,5,19.138671875,0.148387089372,791.340515137,164.714660645,178.37487793,8.45531749725,8.00636768341
1303,1,23,155,0.391304343939,2.55555558205,4,,,,,,,10.6115236282,9.76995658875
1303,2,,,,2.55555558205,4,4,13.5744571686,0.148387089372,1189.88208008,153.163223267,164.0181427,10.524064064,7.18538761139
1304,1,23,155,0.391304343939,2.55555558205,6,,,,,,,9.23014259338,8.82467746735
1305,1,10,192,0.800000011921,1.25,6,,,,,,,8.18868923187,13.5076255798
1306,1,10,192,0.800000011921,1.25,3,,,,,,,9.83091640472,0
1306,2,,,,1.25,3,3,16.531621933,0.0520833320916,570.558044434,115.943244934,162.326049805,9.23989963531,0
1307,1,10,192,0.800000011921,1.25,4,,,,,,,8.63052177429,13.710149765
1307,2,,,,1.25,4,4,13.6230173111,0.0520833320916,0,148.652038574,206.333572388,8.59415435791,0
1308,1,10,192,0.0208333339542,48,7,,,,,,,8.9871969223,8.00636768341
1308,2,,,,48,7,7,12.337802887,0.0520833320916,0,137.21723938,165.511764526,10.0690021515,7.93737459183
1309,1,10,192,0.0208333339542,48,6,,,,,,,9.98044872284,0
1309,2,,,,48,6,6,15.7670049667,0.0520833320916,1409.38098145,170.296081543,163.05267334,10.2750511169,14.6909790039
1310,1,10,192,0.0208333339542,48,8,,,,,,,8.38935947418,9.72913455963
1310,2,,,,48,8,8,16.6845684052,0.0520833320916,2066.76513672,166.50151062,182.514038086,6.80239582062,0
1311,1,10,192,0.800000011921,1.25,1,,,,,,,6.68461322784,0
1311,2,,,,1.25,1,1,12.7007684708,0.0520833320916,0,85.0786209106,105.546714783,7.37775945663,0
1312,1,10,192,0.800000011921,1.25,4,,,,,,,7.69621276855,0
1312,2,,,,1.25,4,4,10.5347595215,0.0520833320916,0,91.8673706055,125.784347534,8.26873207092,0
1313,1,10,192,0.800000011921,1.25,6,,,,,,,8.82467746735,0
1313,2,,,,1.25,6,6,11.7150497437,0.0520833320916,0,115.398445129,145.418151855,7.60090255737,0
1314,1,10,192,0.800000011921,1.25,5,,,,,,,8.38935947418,6.82437467575
1314,2,,,,1.25,5,5,13.2000646591,0.0520833320916,0,108.376564026,134.082427979,7.78322410583,0
1315,1,10,192,0.800000011921,1.25,8,,,,,,,9.26860904694,0
1315,2,,,,1.25,8,8,11.3253908157,0.0520833320916,549.089538574,121.671592712,163.67741394,7.78322410583,0
1316,1,10,192,0.0208333339542,48,5,,,,,,,9.37754821777,0
1316,2,,,,48,5,5,15.8797245026,0.0520833320916,658.39276123,139.640945435,153.793106079,10.8723707199,7.78322410583
1317,1,13,61,0.615384638309,1.62499988079,5,,,,,,,10.7298536301,10.165851593
1317,2,,,,1.62499988079,5,5,14.386715889,0.213114753366,1681.49206543,177.860336304,164.204086304,8.93590354919,0
1318,1,13,61,0.615384638309,1.62499988079,4,,,,,,,7.78322410583,5.99147081375
1318,2,,,,1.62499988079,4,4,12.7041168213,0.213114753366,0,101.759521484,119.037155151,8.93590354919,0
1319,1,13,61,0.615384638309,1.62499988079,5,,,,,,,8.61250305176,9.62377357483
1319,2,,,,1.62499988079,5,5,14.387336731,0.213114753366,0,134.932647705,166.200027466,5.29834222794,0
1320,1,13,61,0.0655737668276,15.2500009537,4,,,,,,,7.78322410583,8.9871969223
1320,2,,,,15.2500009537,4,4,19.138671875,0.213114753366,1189.88208008,133.890426636,165.386001587,8.00636768341,9.39266204834
1321,1,13,61,0.0655737668276,15.2500009537,7,,,,,,,9.12695884705,9.61580562592
1321,2,,,,15.2500009537,7,7,17.5477275848,0.213114753366,1330.55041504,170.674224854,156.588058472,10.2541446686,9.54681301117
1322,1,13,61,0.615384638309,1.62499988079,3,,,,,,,7.93737459183,0
1322,2,,,,1.62499988079,3,3,16.3400058746,0.213114753366,0,139.121170044,143.332366943,10.0690021515,11.2897815704
1323,1,13,61,0.0655737668276,15.2500009537,5,,,,,,,7.09007740021,0
1323,2,,,,15.2500009537,5,5,13.1726760864,0.213114753366,0,102.78515625,122.140075684,9.97114658356,0
1324,1,13,61,0.615384638309,1.62499988079,5,,,,,,,8.41183280945,0
1324,2,,,,1.62499988079,5,5,12.8625555038,0.213114753366,642.852233887,117.268440247,132.058731079,8.69951438904,0
1325,1,13,61,0.615384638309,1.62499988079,6,,,,,,,8.93590354919,9.65502643585
1325,2,,,,1.62499988079,6,6,17.2575588226,0.213114753366,0,174.439437866,168.626586914,10.8723707199,10.085808754
1326,1,13,61,0.615384638309,1.62499988079,3,,,,,,,8.45531749725,0
1326,2,,,,1.62499988079,3,3,13.137843132,0.213114753366,0,91.9976577759,131.361099243,8.32360839844,0
1327,1,13,61,0.0655737668276,15.2500009537,7,,,,,,,10.8893041611,8.69951438904
1327,2,,,,15.2500009537,7,7,14.8046798706,0.213114753366,1973.1361084,163.681625366,186.071670532,9.39266204834,8.43381118774
1328,1,13,61,0.615384638309,1.62499988079,4,,,,,,,9.64212322235,8.51719284058
1328,2,,,,1.62499988079,4,4,19.138671875,0.213114753366,1172.68652344,150.461074829,153.049575806,7.00306606293,14.5086574554
1329,1,15,171,0.533333361149,1.87499988079,8,,,,,,,9.82010555267,9.28730106354
1329,2,,,,1.87499988079,8,8,19.138671875,0.0877192988992,2327.98974609,210.337524414,190.455764771,10.8723707199,10.1266307831
1330,1,15,171,0.533333361149,1.87499988079,8,,,,,,,9.64212322235,9.69276618958
1330,2,,,,1.87499988079,8,8,15.1045227051,0.0877192988992,1692.98376465,150.591186523,178.313827515,8.0709066391,8.79482460022
1331,1,15,171,0.533333361149,1.87499988079,7,,,,,,,9.40919113159,0
1331,2,,,,1.87499988079,7,7,12.9752540588,0.0877192988992,0,118.4320755,143.124862671,9.25913047791,0
1332,1,15,171,0.0233918130398,42.75,6,,,,,,,10.1712217331,8.9871969223
1332,2,,,,42.75,6,6,16.8150367737,0.0877192988992,1331.76245117,125.022171021,195.307022095,7.64969301224,0
1333,1,15,171,0.533333361149,1.87499988079,5,,,,,,,8.92265796661,0
1333,2,,,,1.87499988079,5,5,12.9958925247,0.0877192988992,1095.57873535,129.911193848,128.641784668,7.43838405609,7.09007740021
1334,1,15,171,0.0233918130398,42.75,4,,,,,,,8.34759044647,10.5453414917
1334,2,,,,42.75,4,4,16.8502140045,0.0877192988992,609.017578125,166.141403198,198.340499878,8.38708496094,7.67786359787
1335,1,15,171,0.533333361149,1.87499988079,7,,,,,,,10.8893041611,9.79812717438
1335,2,,,,1.87499988079,7,7,15.8381967545,0.0877192988992,2327.98974609,187.270507812,190.11390686,10.2541446686,9.04782104492
1336,1,15,171,0.533333361149,1.87499988079,7,,,,,,,8.51719284058,9.16951847076
1336,2,,,,1.87499988079,7,7,14.2821960449,0.0877192988992,1384.24108887,151.135650635,152.610870361,9.03598690033,0
1337,1,15,171,0.0233918130398,42.75,8,,,,,,,9.39266204834,8.55641365051
1337,2,,,,42.75,8,8,15.0408439636,0.0877192988992,1505.703125,138.166503906,168.931427002,10.4801006317,8.73873519897
1338,1,15,171,0.0233918130398,42.75,4,,,,,,,7.78322410583,9.62377357483
1338,2,,,,42.75,4,4,15.2303800583,0.0877192988992,971.324707031,157.092224121,171.239929199,8.69951438904,8.79482460022
1339,1,15,171,0.533333361149,1.87499988079,8,,,,,,,9.35876083374,9.24956130981
1339,2,,,,1.87499988079,8,8,14.6924762726,0.0877192988992,2163.51757812,139.487854004,167.514312744,8.85366535187,10.7363967896
1340,1,15,171,0.533333361149,1.87499988079,8,,,,,,,9.35876083374,8.51719284058
1340,2,,,,1.87499988079,8,8,16.8487014771,0.0877192988992,2327.98974609,187.845062256,188.01272583,8.38935947418,8.83927631378
1341,1,20,163,0.0245398767292,40.75,6,,,,,,,8.24275684357,0
1341,2,,,,40.75,6,6,14.9674110413,0.122699387372,0,119.633529663,154.424331665,8.38935947418,0
1342,1,20,163,0.40000000596,2.5,5,,,,,,,8.11969661713,9.21034049988
1342,2,,,,2.5,5,5,12.2968273163,0.122699387372,0,124.19329071,130.642318726,7.90100717545,0
1343,1,20,163,0.0245398767292,40.75,7,,,,,,,10.8893041611,12.2060728073
1343,2,,,,40.75,7,7,17.554265976,0.122699387372,2146.29931641,243.711349487,221.23449707,7.93737459183,0
1344,1,20,163,0.40000000596,2.5,4,,,,,,,8.63052177429,0
1344,2,,,,2.5,4,4,10.6735954285,0.122699387372,810.514160156,102.759719849,148.448532104,7.78322410583,0
1345,1,20,163,0.0245398767292,40.75,6,,,,,,,10.8893041611,0
1345,2,,,,40.75,6,6,15.4938030243,0.122699387372,1231.52954102,145.193862915,192.993240356,10.0604915619,0
1346,1,20,163,0.40000000596,2.5,6,,,,,,,9.08250713348,0
1346,2,,,,2.5,6,6,10.6358556747,0.122699387372,1025.96411133,102.639060974,147.568756104,8.63052177429,0
1347,1,20,163,0.40000000596,2.5,6,,,,,,,9.19013786316,0
1347,2,,,,2.5,6,6,14.7803630829,0.122699387372,609.017578125,160.345214844,147.590515137,9.48036766052,0
1348,1,20,163,0.40000000596,2.5,5,,,,,,,10.4072885513,0
1348,2,,,,2.5,5,5,12.2876529694,0.122699387372,0,139.464584351,173.776367188,9.91837596893,0
1349,1,20,163,0.40000000596,2.5,7,,,,,,,9.2202911377,0
1349,2,,,,2.5,7,7,13.8673439026,0.122699387372,781.316589355,111.415802002,151.882293701,9.47270488739,0
1350,1,20,163,0.40000000596,2.5,7,,,,,,,7.93737459183,9.80917644501
1350,2,,,,2.5,7,7,14.4536733627,0.122699387372,1222.27844238,128.356674194,168.518829346,7.46164083481,0
1351,1,20,163,0.0245398767292,40.75,10,,,,,,,10.8893041611,0
1351,2,,,,40.75,10,10,18.3327445984,0.122699387372,1679.16210938,217.543411255,196.689376831,10.6065855026,11.7905569077
1352,1,20,163,0.40000000596,2.5,6,,,,,,,6.90775632858,10.2399597168
1352,2,,,,2.5,6,6,13.8692407608,0.122699387372,570.558044434,157.398651123,151.738220215,6.39693260193,0
1353,1,15,196,0.0204081628472,49,4,,,,,,,8.13153076172,0
1353,2,,,,49,4,4,14.3544569016,0.0765306130052,0,113.955749512,141.01322937,8.9871969223,0
1354,1,15,196,0.533333361149,1.87499988079,6,,,,,,,9.53242397308,0
1354,2,,,,1.87499988079,6,6,14.2318496704,0.0765306130052,781.316589355,127.806243896,165.59753418,9.86266517639,0
1355,1,15,196,0.0204081628472,49,5,,,,,,,7.93737459183,0
1355,2,,,,49,5,5,14.1797370911,0.0765306130052,0,97.5157546997,147.762405396,8.43381118774,0
1356,1,15,196,0.533333361149,1.87499988079,1,,,,,,,5.99147081375,0
1356,2,,,,1.87499988079,1,1,10.691945076,0.0765306130052,0,81.8175888062,118.634109497,8.16051864624,0
1357,1,15,196,0.533333361149,1.87499988079,3,,,,,,,8.79482460022,0
1357,2,,,,1.87499988079,3,3,13.1722955704,0.0765306130052,0,106.577713013,135.840652466,9.24956130981,0
1358,1,15,196,0.0204081628472,49,4,,,,,,,7.82404613495,0
1358,2,,,,49,4,4,-10.1886663437,0.0765306130052,0,94.6601638794,136.513397217,9.1377696991,0
1359,1,15,196,0.533333361149,1.87499988079,2,,,,,,,4.60527038574,0
1359,2,,,,1.87499988079,2,2,10.6164369583,0.0765306130052,0,63.5252571106,97.7130966187,7.78322410583,0
1360,1,15,196,0.0204081628472,49,4,,,,,,,8.9871969223,0
1360,2,,,,49,4,4,14.1309051514,0.0765306130052,0,102.208633423,149.421859741,8.59415435791,0
1361,1,15,196,0.533333361149,1.87499988079,7,,,,,,,8.76405334473,0
1361,2,,,,1.87499988079,7,7,15.2417469025,0.0765306130052,0,127.997077942,158.41255188,8.36637020111,0
1362,1,15,196,0.533333361149,1.87499988079,3,,,,,,,7.49554204941,0
1362,2,,,,1.87499988079,3,3,14.9408941269,0.0765306130052,471.496643066,95.2240066528,140.8099823,9.0118894577,9.90348720551
1363,1,15,196,0.533333361149,1.87499988079,6,,,,,,,7.60090255737,0
1363,2,,,,1.87499988079,6,6,12.6660261154,0.0765306130052,0,95.4580917358,119.462203979,9.45720005035,0
1364,1,15,196,0.533333361149,1.87499988079,9,,,,,,,9.75846195221,0
1364,2,,,,1.87499988079,9,9,11.9984083176,0.0765306130052,1526.00878906,121.729171753,169.621383667,8.24275684357,0
1365,1,12,162,0.666666686535,1.5,5,,,,,,,9.45720005035,0
1365,2,,,,1.5,5,5,15.2891283035,0.074074074626,0,160.988037109,159.167602539,7.78322410583,0
1366,1,12,162,0.0246913582087,40.5,8,,,,,,,10.3545627594,8.51719284058
1367,1,12,162,0.666666686535,1.5,4,,,,,,,9.28730106354,0
1367,2,,,,1.5,4,4,14.7430181503,0.074074074626,0,132.263275146,165.208709717,8.9871969223,0
1368,1,12,162,0.0246913582087,40.5,5,,,,,,,6.55108261108,9.21034049988
1368,2,,,,40.5,5,5,14.7539520264,0.074074074626,570.558044434,141.721343994,156.935058594,7.78322410583,0
1369,1,12,162,0.666666686535,1.5,5,,,,,,,9.47270488739,9.21034049988
1369,2,,,,1.5,5,5,13.491440773,0.074074074626,626.434020996,132.627380371,155.625,9.1377696991,0
1370,1,12,162,0.666666686535,1.5,4,,,,,,,8.93590354919,0
1370,2,,,,1.5,4,4,13.5898637772,0.074074074626,0,93.9654922485,143.35836792,8.23217391968,0
1371,1,12,162,0.666666686535,1.5,7,,,,,,,10.513253212,0
1371,2,,,,1.5,7,7,15.9161748886,0.074074074626,1108.13085938,142.711135864,193.630142212,10.1023387909,8.47637081146
1372,1,12,162,0.666666686535,1.5,5,,,,,,,8.59415435791,8.294049263
1372,2,,,,1.5,5,5,12.8220691681,0.074074074626,0,119.303482056,139.197891235,7.69621276855,8.92265796661
1373,1,12,162,0.666666686535,1.5,4,,,,,,,10.0078477859,13.710149765
1373,2,,,,1.5,4,4,14.2673473358,0.074074074626,982.910705566,174.210235596,214.828613281,8.24275684357,9.39266204834
1374,1,12,162,0.0246913582087,40.5,7,,,,,,,7.60090255737,0
1374,2,,,,40.5,7,7,13.6637573242,0.074074074626,0,96.7681808472,130.851638794,8.00636768341,0
1375,1,12,162,0.666666686535,1.5,5,,,,,,,8.9871969223,0
1375,2,,,,1.5,5,5,13.6828927994,0.074074074626,1470.40649414,141.207489014,129.339141846,5.99147081375,0
1376,1,12,162,0.0246913582087,40.5,7,,,,,,,10.2541446686,0
1376,2,,,,40.5,7,7,14.0360107422,0.074074074626,0,143.14414978,164.472518921,10.5505905151,0
1377,1,9,206,0.888888895512,1.125,3,,,,,,,9.32402610779,0
1377,2,,,,1.125,3,3,9.21034049988,0.0436893217266,0,92.1168136597,149.420227051,9.07107830048,0
1378,1,9,206,0.019417475909,51.5,8,,,,,,,10.7054891586,0
1378,2,,,,51.5,8,8,15.8317203522,0.0436893217266,1840.45568848,151.695022583,193.434066772,9.84161186218,0
1379,1,9,206,0.888888895512,1.125,3,,,,,,,9.58877658844,0
1379,2,,,,1.125,3,3,15.3191432953,0.0436893217266,0,145.873352051,168.194107056,9.10497951508,0
1380,1,9,206,0.019417475909,51.5,5,,,,,,,8.77955722809,0
1380,2,,,,51.5,5,5,-9.63560771942,0.0436893217266,439.132415771,100.326622009,167.937026978,8.76405334473,0
1381,1,9,206,0.019417475909,51.5,4,,,,,,,8.3428401947,0
1381,2,,,,51.5,4,4,14.4927110672,0.0436893217266,0,115.074020386,148.121551514,8.9871969223,0
1382,1,9,206,0.888888895512,1.125,6,,,,,,,7.37775945663,0
1382,2,,,,1.125,6,6,16.1586799622,0.0436893217266,0,126.579734802,170.314651489,8.3428401947,0
1383,1,9,206,0.019417475909,51.5,3,,,,,,,5.29834222794,8.51719284058
1383,2,,,,51.5,3,3,16.7625255585,0.0436893217266,0,108.047012329,141.205184937,8.8818359375,0
1384,1,9,206,0.888888895512,1.125,8,,,,,,,9.07107830048,10.5966348648
1384,2,,,,1.125,8,8,13.8421525955,0.0436893217266,0,138.250930786,167.404602051,9.90348720551,8.9871969223
1385,1,9,206,0.888888895512,1.125,7,,,,,,,8.97461795807,6.39693260193
1385,2,,,,1.125,7,7,14.8532400131,0.0436893217266,999.639282227,145.148254395,154.310821533,8.36637020111,8.52516174316
1386,1,9,206,0.888888895512,1.125,7,,,,,,,9.74096870422,9.90348720551
1386,2,,,,1.125,7,7,15.3014240265,0.0436893217266,0,149.102157593,182.901947021,8.57546234131,9.03598690033
1387,1,9,206,0.888888895512,1.125,5,,,,,,,7.88608169556,0
1387,2,,,,1.125,5,5,10.9716405869,0.0436893217266,0,99.5363998413,141.950897217,8.93590354919,7.69621276855
1388,1,9,206,0.888888895512,1.125,5,,,,,,,8.13153076172,0
1388,2,,,,1.125,5,5,-8.9871969223,0.0436893217266,0,75.8987960815,140.042251587,8.51719284058,0
1389,1,12,144,0.666666686535,1.5,5,,,,,,,10.6689558029,10.1833896637
1389,2,,,,1.5,5,5,13.8147706985,0.0833333358169,0,166.61857605,194.085678101,9.54681301117,0
1390,1,12,144,0.0277777779847,36,6,,,,,,,9.91343784332,0
1390,2,,,,36,6,6,13.2762851715,0.0833333358169,0,139.712646484,158.788116455,8.9871969223,8.294049263
1391,1,12,144,0.666666686535,1.5,6,,,,,,,8.71604442596,0
1391,2,,,,1.5,6,6,12.6785736084,0.0833333358169,1154.74121094,118.68523407,138.650863647,6.80239582062,0
1392,1,12,144,0.666666686535,1.5,3,,,,,,,7.74066448212,0
1392,2,,,,1.5,3,3,13.3162841797,0.0833333358169,0,72.3528213501,123.680290222,9.35010242462,0
1393,1,12,144,0.666666686535,1.5,2,,,,,,,8.00636768341,0
1393,2,,,,1.5,2,2,14.1693315506,0.0833333358169,0,107.728668213,136.397293091,7.78322410583,0
1394,1,12,144,0.666666686535,1.5,7,,,,,,,9.26860904694,0
1394,2,,,,1.5,7,7,14.223772049,0.0833333358169,0,153.247131348,162.764938354,9.17988109589,0
1395,1,12,144,0.666666686535,1.5,4,,,,,,,8.47637081146,0
1395,2,,,,1.5,4,4,13.3169431686,0.0833333358169,0,109.738464355,137.337097168,8.31874275208,0
1396,1,12,144,0.0277777779847,36,0,,,,,,,7.00306606293,0
1396,2,,,,36,0,0,9.74096870422,0.0833333358169,0,79.7625198364,122.019134521,10.1266307831,0
1397,1,12,144,0.666666686535,1.5,4,,,,,,,7.60090255737,0
1397,2,,,,1.5,4,4,14.0486841202,0.0833333358169,971.324707031,92.0552902222,135.385391235,9.54681301117,0
1398,1,12,144,0.0277777779847,36,2,,,,,,,8.51719284058,0
1398,2,,,,36,2,2,-9.98506736755,0.0833333358169,0,88.2501068115,139.070877075,8.03915786743,0
1399,1,12,144,0.666666686535,1.5,8,,,,,,,10.3089523315,7.60090255737
1399,2,,,,1.5,8,8,14.4620904922,0.0833333358169,1533.89685059,162.973419189,165.802368164,10.8723707199,0
1400,1,12,144,0.0277777779847,36,9,,,,,,,9.5749835968,9.86266517639
1400,2,,,,36,9,9,15.9977798462,0.0833333358169,1619.76611328,163.591690063,191.654327393,8.96187877655,9.64212322235
1401,1,8,82,0.0487804859877,20.5,2,,,,,,,8.47637081146,0
1401,2,,,,20.5,2,2,8.82467746735,0.0975609719753,0,96.149772644,137.109344482,8.0709066391,0
1402,1,8,82,0.875,1.14285719395,4,,,,,,,7.90100717545,0
1402,2,,,,1.14285719395,4,4,12.9696779251,0.0975609719753,0,91.714881897,123.737136841,8.0709066391,0
1403,1,8,82,0.0487804859877,20.5,3,,,,,,,8.24275684357,0
1404,1,8,82,0.875,1.14285719395,4,,,,,,,10.3287553787,0
1404,2,,,,1.14285719395,4,4,19.138671875,0.0975609719753,0,122.598731995,152.964767456,7.69621276855,0
1405,1,8,82,0.875,1.14285719395,6,,,,,,,10.3734912872,9.03598690033
1405,2,,,,1.14285719395,6,6,13.419500351,0.0975609719753,439.132415771,139.894973755,161.951049805,8.74830532074,0
1406,1,8,82,0.875,1.14285719395,7,,,,,,,9.60238265991,0
1406,2,,,,1.14285719395,7,7,13.3266420364,0.0975609719753,0,147.386611938,155.850631714,9.84161186218,7.27239894867
1407,1,8,82,0.875,1.14285719395,6,,,,,,,8.1490240097,0
1408,1,8,82,0.875,1.14285719395,4,,,,,,,8.18868923187,0
1408,2,,,,1.14285719395,4,4,-8.68270778656,0.0975609719753,0,98.8217315674,140.6459198,7.82404613495,0
1409,1,8,82,0.875,1.14285719395,3,,,,,,,9.21034049988,0
1410,1,8,82,0.0487804859877,20.5,3,,,,,,,7.86326694489,0
1410,2,,,,20.5,3,3,12.3362236023,0.0975609719753,439.132415771,89.9095458984,115.127319336,9.35010242462,7.82404613495
1411,1,8,82,0.0487804859877,20.5,7,,,,,,,8.51719284058,7.82404613495
1411,2,,,,20.5,7,7,12.210562706,0.0975609719753,486.193389893,108.900009155,126.461227417,10.0690021515,10.1886663437
1412,1,4,158,1,1,6,,,,,,,8.26873207092,0
1412,2,,,,1,6,6,12.8921947479,0.0253164563328,439.132415771,85.2619934082,125.947647095,7.64969301224,0
1413,1,4,158,0.0253164563328,39.5,5,,,,,,,8.03915786743,0
1413,2,,,,39.5,5,5,14.0443973541,0.0253164563328,959.362792969,116.844673157,132.86706543,7.90100717545,8.294049263
1414,1,4,158,0.0253164563328,39.5,7,,,,,,,8.68270778656,0
1414,2,,,,39.5,7,7,13.7099275589,0.0253164563328,1126.24768066,106.010452271,142.404388428,9.8521938324,0
1415,1,4,158,1,1,6,,,,,,,8.03915786743,0
1415,2,,,,1,6,6,13.2428092957,0.0253164563328,907.135803223,99.4285812378,125.404167175,8.51719284058,0
1416,1,4,158,1,1,5,,,,,,,5.99147081375,6.68461322784
1416,2,,,,1,5,5,12.7158975601,0.0253164563328,439.132415771,93.3512039185,114.478103638,8.00636768341,0
1417,1,4,158,0.0253164563328,39.5,7,,,,,,,7.93737459183,9.68034362793
1417,2,,,,39.5,7,7,13.9273204803,0.0253164563328,870.112182617,139.61541748,158.399703979,8.24275684357,8.9871969223
1418,1,4,158,1,1,2,,,,,,,8.00636768341,0
1418,2,,,,1,2,2,11.8705997467,0.0253164563328,0,95.5796508789,117.80216217,9.05951786041,6.98471736908
1419,1,4,158,0.0253164563328,39.5,4,,,,,,,8.82467746735,0
1419,2,,,,39.5,4,4,13.3604345322,0.0253164563328,959.362792969,108.114601135,138.173736572,8.43381118774,0
1420,1,18,163,0.444444447756,2.25,7,,,,,,,10.8473930359,0
1420,2,,,,2.25,7,7,13.5118341446,0.11042945087,2327.98974609,184.15423584,183.835784912,10.0345153809,7.82404613495
1421,1,18,163,0.444444447756,2.25,8,,,,,,,8.8818359375,0
1421,2,,,,2.25,8,8,-10.2255706787,0.11042945087,0,115.638778687,146.302536011,8.18868923187,8.00636768341
1422,1,18,163,0.0245398767292,40.75,6,,,,,,,9.08250713348,9.69276618958
1422,2,,,,40.75,6,6,15.1242218018,0.11042945087,2327.98974609,157.022857666,171.167480469,10.1023387909,8.47637081146
1423,1,18,163,0.444444447756,2.25,7,,,,,,,9.05951786041,0
1423,2,,,,2.25,7,7,14.1772327423,0.11042945087,0,104.506767273,152.015380859,9.8521938324,8.69951438904
1424,1,18,163,0.444444447756,2.25,5,,,,,,,8.18868923187,0
1424,2,,,,2.25,5,5,12.1970319748,0.11042945087,0,105.175712585,158.395446777,9.5749835968,0
1425,1,18,163,0.444444447756,2.25,3,,,,,,,5.99147081375,0
1426,1,18,163,0.444444447756,2.25,4,,,,,,,9.37585449219,0
1426,2,,,,2.25,4,4,9.70503616333,0.11042945087,828.640380859,135.235855103,150.426391602,9.44935703278,0
1427,1,18,163,0.0245398767292,40.75,5,,,,,,,10.3859138489,0
1427,2,,,,40.75,5,5,17.5596599579,0.11042945087,0,141.873123169,171.784408569,10.6873893738,0
1428,1,18,163,0.444444447756,2.25,5,,,,,,,8.79482460022,9.90348720551
1428,2,,,,2.25,5,5,15.5709867477,0.11042945087,0,155.858901978,182.523574829,8.31874275208,9.53242397308
1429,1,18,163,0.444444447756,2.25,6,,,,,,,10.3417425156,0
1429,2,,,,2.25,6,6,9.99879741669,0.11042945087,0,111.317527771,157.681015015,9.37585449219,0
1430,1,18,163,0.0245398767292,40.75,6,,,,,,,5.29834222794,9.39266204834
1430,2,,,,40.75,6,6,11.1704349518,0.11042945087,0,130.251235962,153.004470825,8.10167789459,0
1431,1,18,163,0.0245398767292,40.75,4,,,,,,,10.6358556747,9.39266204834
1431,2,,,,40.75,4,4,19.138671875,0.11042945087,2327.98974609,187.919433594,173.391403198,10.8723707199,9.62905025482
1432,1,21,164,0.380952388048,2.625,9,,,,,,,9.89343738556,9.61580562592
1432,2,,,,2.625,9,9,19.138671875,0.12804877758,1268.0480957,210.562225342,186.589080811,9.47270488739,8.8818359375
1433,1,21,164,0.0243902429938,41,7,,,,,,,9.36734390259,7.60090255737
1433,2,,,,41,7,7,14.8769397736,0.12804877758,1013.03094482,141.576583862,168.891113281,9.65502643585,9.61580562592
1434,1,21,164,0.0243902429938,41,5,,,,,,,8.21608829498,0
1434,2,,,,41,5,5,13.9928197861,0.12804877758,570.558044434,116.953475952,138.058334351,8.73230457306,0
1435,1,21,164,0.380952388048,2.625,7,,,,,,,7.2442278862,0
1435,2,,,,2.625,7,7,10.8723707199,0.12804877758,940.652526855,89.6022949219,125.850585938,8.00636768341,0
1436,1,21,164,0.380952388048,2.625,5,,,,,,,9.51782512665,0
1436,2,,,,2.625,5,5,14.3532896042,0.12804877758,1025.96411133,141.467971802,165.433944702,9.30565071106,8.85366535187
1437,1,21,164,0.380952388048,2.625,8,,,,,,,9.42545223236,8.47637081146
1437,2,,,,2.625,8,8,16.0565814972,0.12804877758,658.39276123,172.663528442,179.718490601,10.1581296921,0
1438,1,21,164,0.380952388048,2.625,6,,,,,,,9.27425384521,0
1438,2,,,,2.625,6,6,14.3078517914,0.12804877758,0,101.524719238,155.411605835,9.8521938324,0
1439,1,21,164,0.380952388048,2.625,6,,,,,,,7.5496096611,0
1439,2,,,,2.625,6,6,14.5364675522,0.12804877758,0,97.1972122192,138.511398315,8.294049263,13.8924713135
1440,1,21,164,0.0243902429938,41,7,,,,,,,10.3920679092,9.39266204834
1440,2,,,,41,7,7,15.2297849655,0.12804877758,0,139.219467163,185.615539551,8.59415435791,0
1441,1,21,164,0.380952388048,2.625,8,,,,,,,9.81465625763,8.43381118774
1441,2,,,,2.625,8,8,14.0543699265,0.12804877758,1564.22277832,154.162582397,157.230865479,9.39266204834,8.00636768341
1442,1,21,164,0.380952388048,2.625,9,,,,,,,9.94270801544,8.294049263
1442,2,,,,2.625,9,9,14.6242589951,0.12804877758,924.286132812,144.598739624,172.153945923,9.30565071106,8.9871969223
1443,1,21,164,0.0243902429938,41,6,,,,,,,9.60911655426,7.60090255737
1443,2,,,,41,6,6,15.1938734055,0.12804877758,0,142.02003479,170.918548584,8.38935947418,0
1444,1,18,140,0.0285714287311,35,2,,,,,,,7.49554204941,0
1444,2,,,,35,2,2,15.1891908646,0.128571435809,0,89.2130355835,145.374359131,8.294049263,0
1445,1,18,140,0.444444447756,2.25,8,,,,,,,9.8984746933,9.21034049988
1445,2,,,,2.25,8,8,15.596780777,0.128571435809,2327.98974609,148.686859131,191.292388916,9.58877658844,9.08250713348
1446,1,18,140,0.444444447756,2.25,6,,,,,,,8.53699588776,9.22226905823
1446,2,,,,2.25,6,6,14.9679479599,0.128571435809,1746.88342285,154.68737793,168.511749268,9.28730106354,9.53242397308
1447,1,18,140,0.444444447756,2.25,3,,,,,,,0,0
1447,2,,,,2.25,3,3,12.2189884186,0.128571435809,0,60.1490936279,94.3290634155,8.59415435791,0
1448,1,18,140,0.444444447756,2.25,4,,,,,,,8.31874275208,0
1448,2,,,,2.25,4,4,14.2428026199,0.128571435809,0,128.480377197,141.700500488,7.78322410583,0
1449,1,18,140,0.444444447756,2.25,8,,,,,,,9.30565071106,0
1449,2,,,,2.25,8,8,14.3944244385,0.128571435809,828.640380859,157.482681274,149.316589355,10.1849002838,0
1450,1,18,140,0.444444447756,2.25,5,,,,,,,8.9871969223,0
1450,2,,,,2.25,5,5,13.8292160034,0.128571435809,0,98.4667053223,145.092681885,8.3428401947,7.78322410583
1451,1,18,140,0.444444447756,2.25,7,,,,,,,8.294049263,0
1451,2,,,,2.25,7,7,12.2821073532,0.128571435809,401.581298828,94.000213623,123.060287476,10.4744672775,8.294049263
1452,1,18,140,0.0285714287311,35,6,,,,,,,10.1266307831,0
1452,2,,,,35,6,6,15.2814245224,0.128571435809,1331.76245117,162.764785767,178.621185303,10.8723707199,0
1453,1,18,140,0.0285714287311,35,3,,,,,,,7.69621276855,8.92265796661
1453,2,,,,35,3,3,14.6555252075,0.128571435809,1491.38525391,130.901855469,156.693847656,0,8.294049263
1454,1,18,140,0.0285714287311,35,4,,,,,,,7.78322410583,0
1454,2,,,,35,4,4,16.6149959564,0.128571435809,1025.96411133,84.5425949097,121.010528564,7.43838405609,0
1455,1,18,140,0.444444447756,2.25,8,,,,,,,8.55641365051,7.82404613495
1455,2,,,,2.25,8,8,12.5375328064,0.128571435809,907.135803223,116.441642761,130.084487915,8.24275684357,0
1456,1,19,121,0.421052634716,2.375,5,,,,,,,8.61250305176,0
1456,2,,,,2.375,5,5,13.6707162857,0.157024800777,0,134.010162354,132.286697388,8.79482460022,0
1457,1,19,121,0.0330578498542,30.2500019073,7,,,,,,,7.74066448212,0
1457,2,,,,30.2500019073,7,7,13.8253517151,0.157024800777,0,102.812400818,129.524612427,8.8818359375,0
1458,1,19,121,0.0330578498542,30.2500019073,6,,,,,,,9.52515125275,0
1458,2,,,,30.2500019073,6,6,14.966044426,0.157024800777,0,123.781944275,165.502120972,10.1811189651,0
1459,1,19,121,0.421052634716,2.375,8,,,,,,,10.8893041611,9.90348720551
1459,2,,,,2.375,8,8,14.2944736481,0.157024800777,1025.96411133,168.846130371,176.561004639,8.41183280945,0
1460,1,19,121,0.421052634716,2.375,1,,,,,,,4.60527038574,0
1460,2,,,,2.375,1,1,12.8142061234,0.157024800777,0,62.3957824707,91.836151123,8.90923500061,0
1461,1,19,121,0.0330578498542,30.2500019073,6,,,,,,,8.71604442596,0
1461,2,,,,30.2500019073,6,6,13.7271118164,0.157024800777,873.99621582,124.152992249,141.412155151,8.69951438904,0
1462,1,19,121,0.0330578498542,30.2500019073,5,,,,,,,9.26860904694,9.50599098206
1462,2,,,,30.2500019073,5,5,15.7509088516,0.157024800777,2216.82299805,149.187530518,181.728546143,10.165851593,0
1463,1,19,121,0.421052634716,2.375,3,,,,,,,8.3428401947,0
1463,2,,,,2.375,3,3,16.2422409058,0.157024800777,0,166.569915771,136.911087036,8.90923500061,0
1464,1,19,121,0.421052634716,2.375,8,,,,,,,9.23014259338,8.99961948395
1464,2,,,,2.375,8,8,-10.2255706787,0.157024800777,1189.88208008,162.628158569,161.96496582,9.14846515656,0
1465,1,19,121,0.421052634716,2.375,4,,,,,,,7.09007740021,0
1465,2,,,,2.375,4,4,13.009642601,0.157024800777,0,94.7455596924,113.671936035,8.41183280945,0
1466,1,19,121,0.421052634716,2.375,4,,,,,,,9.42545223236,0
1466,2,,,,2.375,4,4,14.3237724304,0.157024800777,0,112.685722351,157.538314819,9.39266204834,9.14846515656
1467,1,19,121,0.421052634716,2.375,4,,,,,,,9.92329025269,0
1467,2,,,,2.375,4,4,13.1598520279,0.157024800777,0,134.969223022,146.730697632,6.90775632858,0
1468,1,10,72,0.800000011921,1.25,5,,,,,,,10.4801006317,0
1468,2,,,,1.25,5,5,13.4106864929,0.138888895512,687.221191406,132.011169434,161.659057617,10.085808754,0
1469,1,10,72,0.800000011921,1.25,5,,,,,,,7.97246599197,7.90100717545
1469,2,,,,1.25,5,5,12.9307184219,0.138888895512,298.695617676,93.6036605835,131.97996521,7.37775945663,0
1470,1,10,72,0.0555555559695,18,5,,,,,,,9.16951847076,0
1470,2,,,,18,5,5,14.6641216278,0.138888895512,0,136.181930542,155.185317993,9.68034362793,0
1471,1,10,72,0.800000011921,1.25,5,,,,,,,0,0
1471,2,,,,1.25,5,5,11.63514328,0.138888895512,0,50.4994773865,65.667350769,7.31322097778,0
1472,1,10,72,0.0555555559695,18,3,,,,,,,7.37775945663,0
1472,2,,,,18,3,3,12.7719545364,0.138888895512,0,79.9394302368,114.116615295,8.47637081146,0
1473,1,10,72,0.800000011921,1.25,4,,,,,,,7.86326694489,0
1473,2,,,,1.25,4,4,11.5730791092,0.138888895512,0,84.7275619507,109.162109375,9.15904712677,0
1474,1,10,72,0.800000011921,1.25,7,,,,,,,9.86786079407,9.28730106354
1474,2,,,,1.25,7,7,-10.1266307831,0.138888895512,694.01574707,124.06111908,157.330184937,7.2442278862,0
1475,1,10,72,0.0555555559695,18,5,,,,,,,8.10167789459,9.90348720551
1475,2,,,,18,5,5,13.2056007385,0.138888895512,0,119.849327087,152.361587524,9.7111158371,0
1476,1,10,72,0.800000011921,1.25,4,,,,,,,7.97246599197,0
1476,2,,,,1.25,4,4,12.267168045,0.138888895512,870.112182617,84.9987716675,117.967247009,8.3428401947,0
1477,1,10,72,0.800000011921,1.25,2,,,,,,,7.60090255737,0
1477,2,,,,1.25,2,2,15.4718322754,0.138888895512,0,92.756401062,119.501464844,7.60090255737,0
1478,1,10,72,0.0555555559695,18,5,,,,,,,9.5749835968,0
1478,2,,,,18,5,5,14.8616008759,0.138888895512,805.82409668,155.724105835,160.285751343,8.00636768341,8.294049263
1479,1,10,72,0.800000011921,1.25,6,,,,,,,10.8893041611,9.61580562592
1479,2,,,,1.25,6,6,12.7324390411,0.138888895512,828.640380859,134.590927124,159.608703613,8.36637020111,8.76405334473
1480,1,23,117,0.347826093435,2.875,7,,,,,,,9.74096870422,0
1480,2,,,,2.875,7,7,13.9578781128,0.196581199765,1663.75292969,147.123535156,155.35786438,8.57546234131,0
1481,1,23,117,0.347826093435,2.875,7,,,,,,,9.34136867523,0
1481,2,,,,2.875,7,7,11.9511804581,0.196581199765,0,119.350852966,125.680412292,8.43381118774,0
1482,1,23,117,0.347826093435,2.875,5,,,,,,,7.97246599197,0
1482,2,,,,2.875,5,5,11.2318878174,0.196581199765,215.080154419,89.0145492554,107.889122009,6.68461322784,7.22983932495
1483,1,23,117,0.0341880358756,29.2499980927,6,,,,,,,9.35876083374,0
1483,2,,,,29.2499980927,6,6,13.5782680511,0.196581199765,760.288269043,112.503425598,148.051513672,9.29468154907,8.294049263
1484,1,23,117,0.347826093435,2.875,4,,,,,,,10.0345153809,0
1484,2,,,,2.875,4,4,11.2947692871,0.196581199765,0,140.054092407,160.288116455,10.2255706787,0
1485,1,23,117,0.347826093435,2.875,7,,,,,,,10.8893041611,7.82404613495
1485,2,,,,2.875,7,7,13.4403810501,0.196581199765,0,145.117446899,165.307632446,4.60527038574,0
1486,1,23,117,0.347826093435,2.875,6,,,,,,,10.3189029694,0
1487,1,23,117,0.347826093435,2.875,6,,,,,,,8.26873207092,0
1487,2,,,,2.875,6,6,15.9881467819,0.196581199765,329.61807251,100.088951111,137.096237183,9.07107830048,7.09007740021
1488,1,23,117,0.0341880358756,29.2499980927,8,,,,,,,9.79812717438,0
1488,2,,,,29.2499980927,8,8,15.6495952606,0.196581199765,0,150.478027344,188.748947144,9.19013786316,0
1489,1,23,117,0.347826093435,2.875,8,,,,,,,10.8589992523,13.4022655487
1489,2,,,,2.875,8,8,15.7275533676,0.196581199765,2194.2277832,220.725875854,227.590362549,9.62905025482,9.39266204834
1490,1,23,117,0.0341880358756,29.2499980927,7,,,,,,,10.3089523315,8.69951438904
1490,2,,,,29.2499980927,7,7,15.2471609116,0.196581199765,1108.13085938,131.85333252,182.632873535,8.69951438904,0
1491,1,23,117,0.0341880358756,29.2499980927,7,,,,,,,10.8893041611,10.1105012894
1491,2,,,,29.2499980927,7,7,15.1603574753,0.196581199765,0,186.564727783,189.582168579,0,9.79812717438
1492,1,8,118,1,1,3,,,,,,,7.64969301224,8.0709066391
1492,2,,,,1,3,3,15.2135362625,0.0677966102958,513.223571777,102.548072815,155.355361938,9.28730106354,8.294049263
1493,1,8,118,0.0338983051479,29.5,3,,,,,,,10.8237705231,12.0045681
1493,2,,,,29.5,3,3,13.8637294769,0.0677966102958,1359.90576172,154.723678589,186.999404907,6.68461322784,8.38935947418
1494,1,8,118,0.0338983051479,29.5,2,,,,,,,8.10167789459,0
1494,2,,,,29.5,2,2,9.84161186218,0.0677966102958,0,83.9961776733,136.613769531,9.02401065826,0
1495,1,8,118,0.0338983051479,29.5,3,,,,,,,7.49554204941,0
1495,2,,,,29.5,3,3,14.1828994751,0.0677966102958,0,123.640991211,132.632553101,8.47637081146,0
1496,1,8,118,1,1,7,,,,,,,10.1696901321,7.86326694489
1496,2,,,,1,7,7,11.3828163147,0.0677966102958,0,126.837249756,155.15071106,8.03915786743,10.5966348648
1497,1,8,118,1,1,6,,,,,,,8.294049263,0
1497,2,,,,1,6,6,15.6159982681,0.0677966102958,0,116.061561584,143.131820679,10.3089523315,0
1498,1,8,118,1,1,4,,,,,,,7.5496096611,0
1498,2,,,,1,4,4,13.852517128,0.0677966102958,439.132415771,88.4417419434,128.278060913,7.82404613495,0
1499,1,8,118,0.0338983051479,29.5,4,,,,,,,10.2035923004,0
1499,2,,,,29.5,4,4,11.4510498047,0.0677966102958,0,132.031311035,159.684997559,9.77565383911,0
1500,1,8,118,1,1,4,,,,,,,7.69621276855,6.94697713852
1500,2,,,,1,4,4,13.1753349304,0.0677966102958,0,94.5597229004,126.932388306,8.13153076172,8.52516174316
1501,1,8,118,1,1,4,,,,,,,7.40245199203,0
1502,1,8,118,1,1,5,,,,,,,9.80917644501,0
1502,2,,,,1,5,5,13.0094184875,0.0677966102958,261.767272949,119.656433105,146.365539551,9.20432186127,8.47637081146
1503,1,8,118,1,1,3,,,,,,,7.43838405609,0
1503,2,,,,1,3,3,12.9801082611,0.0677966102958,0,94.0395812988,117.042526245,8.26873207092,0
1504,1,12,175,0.666666686535,1.5,7,,,,,,,8.80986309052,7.44073390961
1504,2,,,,1.5,7,7,14.1416435242,0.0685714259744,0,121.816932678,154.169647217,8.08332824707,0
1505,1,12,175,0.0228571426123,43.75,3,,,,,,,8.85366535187,0
1505,2,,,,43.75,3,3,17.1581459045,0.0685714259744,0,98.2495651245,146.086547852,8.69951438904,0
1506,1,12,175,0.666666686535,1.5,4,,,,,,,8.19973945618,0
1506,2,,,,1.5,4,4,15.9017162323,0.0685714259744,0,106.650878906,135.857620239,8.85366535187,0
1507,1,12,175,0.666666686535,1.5,7,,,,,,,10.2887496948,0
1507,2,,,,1.5,7,7,14.3999586105,0.0685714259744,0,171.327575684,162.266769409,10.7363967896,0
1508,1,12,175,0.666666686535,1.5,8,,,,,,,9.2202911377,7.22983932495
1508,2,,,,1.5,8,8,13.8218898773,0.0685714259744,801.06652832,106.905662537,151.085174561,9.41735458374,9.5749835968
1509,1,12,175,0.0228571426123,43.75,8,,,,,,,7.37775945663,0
1509,2,,,,43.75,8,8,18.8697280884,0.0685714259744,0,135.86265564,130.943740845,9.03598690033,8.9871969223
1510,1,12,175,0.666666686535,1.5,4,,,,,,,10.0690021515,9.76995658875
1510,2,,,,1.5,4,4,14.1571121216,0.0685714259744,0,133.990539551,171.541656494,9.12041568756,0
1511,1,12,175,0.666666686535,1.5,6,,,,,,,8.05197811127,0
1511,2,,,,1.5,6,6,15.5277576447,0.0685714259744,0,161.130737305,126.973091125,9.61580562592,0
1512,1,12,175,0.666666686535,1.5,6,,,,,,,8.00636768341,0
1512,2,,,,1.5,6,6,11.1591033936,0.0685714259744,658.39276123,99.5893325806,138.494796753,8.47637081146,0
1513,1,12,175,0.666666686535,1.5,5,,,,,,,7.64969301224,0
1513,2,,,,1.5,5,5,13.6760187149,0.0685714259744,0,93.0290985107,126.57938385,7.37775945663,0
1514,1,12,175,0.0228571426123,43.75,6,,,,,,,7.97246599197,0
1514,2,,,,43.75,6,6,12.7405166626,0.0685714259744,1399.0736084,124.289115906,135.537643433,6.55108261108,7.60090255737
1515,1,12,175,0.0228571426123,43.75,4,,,,,,,9.37585449219,0
1515,2,,,,43.75,4,4,14.3572530746,0.0685714259744,971.324707031,146.02432251,150.987442017,7.60090255737,8.294049263
1516,1,21,199,0.380952388048,2.625,6,,,,,,,8.24275684357,9.61580562592
1516,2,,,,2.625,6,6,15.0882997513,0.105527639389,910.632629395,147.195877075,169.716720581,10.089966774,0
