cost_convention,population,policy,gikuriro_minus_policy_identified,exploratory_block_se,estimated_missingness_lower,estimated_missingness_upper
cost_eligible,eligible,Control,0.15451698589635132,0.13395268842307756,-0.18115722827521807,0.4460225962237514
cost_eligible,ineligible,Control,0.06621282303578013,0.14152239710526868,-0.3434067098217497,0.5091129640890584
cost_eligible,baseline_weight_aggregate,Control,0.07643063534900385,0.1321322993228594,-0.32463256943407526,0.5018126792923177
cost_eligible,eligible,Gikuriro,0.0,0.0,0.0,0.0
cost_eligible,ineligible,Gikuriro,0.0,0.0,0.0,0.0
cost_eligible,baseline_weight_aggregate,Gikuriro,0.0,0.0,0.0,0.0
cost_eligible,eligible,Lower,-0.22110611733273178,0.17649869965847118,-0.575033247492148,0.13193293866087163
cost_eligible,ineligible,Lower,0.5318911949464846,0.19230944856190776,0.11198665924211149,0.8765214879985779
cost_eligible,baseline_weight_aggregate,Lower,0.44476070234015364,0.16979218443179298,0.0324905150620971,0.7903639864578924
cost_eligible,eligible,Middle,0.5258829371495377,0.30255639235484044,0.25806547991507767,0.7851252368041308
cost_eligible,ineligible,Middle,0.2800073963998093,0.23060589949187443,0.0125785619033989,0.6034997507732243
cost_eligible,baseline_weight_aggregate,Middle,0.30845803843533925,0.20809728797493593,0.04098423579621091,0.6245159188387346
cost_eligible,eligible,Upper,-0.14530726304223585,0.13903276934936878,-0.2908145416752639,0.005676941288021098
cost_eligible,ineligible,Upper,-0.4396456949628371,0.2211952359770357,-0.8280826500033474,-0.05200024676177506
cost_eligible,baseline_weight_aggregate,Upper,-0.40558733625689314,0.1994079928900664,-0.7659145198162642,-0.045326329438331925
cost_eligible,eligible,Control+Large,0.03852646705179385,0.12106013821984472,-0.27457741176051,0.3225224195088465
cost_eligible,ineligible,Control+Large,0.18174241905095245,0.11914172155265529,-0.2288194485563979,0.6147285969767085
cost_eligible,baseline_weight_aggregate,Control+Large,0.16517067803238117,0.11023096354917433,-0.23411417379594557,0.5809169647567689
cost_eligible,eligible,Lower+Large,-0.23738591577822868,0.1569074313820416,-0.5741812352491129,0.1014747167164014
cost_eligible,ineligible,Lower+Large,0.5341112541260387,0.16534724764705558,0.11518022896785673,0.8874647315254158
cost_eligible,baseline_weight_aggregate,Lower+Large,0.4448401141605044,0.14508333901016895,0.03541313952202518,0.7965166018877721
cost_eligible,eligible,Middle+Large,0.4679314566600259,0.28843184946259665,0.2018764961653643,0.7272450029005437
cost_eligible,ineligible,Middle+Large,0.2980963823645893,0.21788635307267987,0.02074684419993922,0.6268985333861945
cost_eligible,baseline_weight_aggregate,Middle+Large,0.31774826351195173,0.1971012866597337,0.04170563853293796,0.6385097797711614
cost_eligible,eligible,Upper+Large,-0.1468011305192395,0.13823657134230652,-0.29309801175962225,0.005078836735393999
cost_eligible,ineligible,Upper+Large,-0.43156503888032977,0.2197342388938548,-0.8202076810324206,-0.043804475854060776
cost_eligible,baseline_weight_aggregate,Upper+Large,-0.39861456321806626,0.19807349801120355,-0.7592149996611104,-0.03814811156604492
cost_population,eligible,Control,0.15451698589635132,0.13395268842307756,-0.18115722827521807,0.4460225962237514
cost_population,ineligible,Control,0.06621282303578013,0.14152239710526868,-0.3434067098217497,0.5091129640890584
cost_population,baseline_weight_aggregate,Control,0.07643063534900385,0.1321322993228594,-0.32463256943407526,0.5018126792923177
cost_population,eligible,Gikuriro,0.0,0.0,0.0,0.0
cost_population,ineligible,Gikuriro,0.0,0.0,0.0,0.0
cost_population,baseline_weight_aggregate,Gikuriro,0.0,0.0,0.0,0.0
cost_population,eligible,Lower,-0.22110611733273178,0.17649869965847118,-0.575033247492148,0.13193293866087163
cost_population,ineligible,Lower,0.5318911949464846,0.19230944856190776,0.11198665924211149,0.8765214879985779
cost_population,baseline_weight_aggregate,Lower,0.44476070234015364,0.16979218443179298,0.0324905150620971,0.7903639864578924
cost_population,eligible,Middle,0.5258829371495377,0.30255639235484044,0.25806547991507767,0.7851252368041308
cost_population,ineligible,Middle,0.2800073963998093,0.23060589949187443,0.0125785619033989,0.6034997507732243
cost_population,baseline_weight_aggregate,Middle,0.30845803843533925,0.20809728797493593,0.04098423579621091,0.6245159188387346
cost_population,eligible,Upper,-0.14530726304223585,0.13903276934936878,-0.2908145416752639,0.005676941288021098
cost_population,ineligible,Upper,-0.4396456949628371,0.2211952359770357,-0.8280826500033474,-0.05200024676177506
cost_population,baseline_weight_aggregate,Upper,-0.40558733625689314,0.1994079928900664,-0.7659145198162642,-0.045326329438331925
cost_population,eligible,Control+Large,0.018828505662077742,0.11979167457751622,-0.2904423909471241,0.30154913878912204
cost_population,ineligible,Control+Large,0.20136210473169514,0.11744047950054108,-0.2093597938307976,0.6326646548501929
cost_population,baseline_weight_aggregate,Control+Large,0.1802408574911137,0.10845555693174791,-0.21874198751640606,0.5943507624185251
cost_population,eligible,Lower+Large,-0.2403900077589043,0.15365841179111236,-0.5740240144361337,0.09585429699220516
cost_population,ineligible,Lower+Large,0.5345209190245477,0.16101688482283041,0.11576953461773609,0.889484075329432
cost_population,baseline_weight_aggregate,Lower+Large,0.44485476792992806,0.1411493860063049,0.03595244796199104,0.7976519367467967
cost_population,eligible,Middle+Large,0.44792404335526986,0.2836041907620903,0.18247757466139714,0.7072621870673128
cost_population,ineligible,Middle+Large,0.3043415000976349,0.21367115783157042,0.023566896397335668,0.6349768276870718
cost_population,baseline_weight_aggregate,Middle+Large,0.3209556599620846,0.19346628054865433,0.04195469865342005,0.6433410792830871
cost_population,eligible,Upper+Large,-0.14863116643334703,0.13727412514698775,-0.29589533637341425,0.004346139338504251
cost_population,ineligible,Upper+Large,-0.4216659741586037,0.21795835243687292,-0.8105605896664674,-0.03376439175302792
cost_population,baseline_weight_aggregate,Upper+Large,-0.39007269101159114,0.1964518285314268,-0.7510078710637238,-0.02935456280231996
